source,metric,category,layout_dependent,installation_dependent,human_n,human_mean,human_std,machine_n,machine_mean,machine_std,shapiro_p_human,shapiro_p_machine,t_statistic,t_p_value,u_statistic,u_p_value,cohens_d,effect_size
fakebr,adjective_ratio,morphosyntax,False,False,10,0.045182,0.01923712602697653,10,0.047382999999999995,0.015763544475924332,0.7350874851985217,0.3881678015045955,-0.2798532835803215,0.7827806625330779,50.0,1.0,-0.12515419316242493,negligible
fakebr,adverbs,morphosyntax,False,False,10,0.035577,0.011130575556646753,10,0.021599,0.00662277962792059,0.991719376258984,0.5844805845549635,3.4128136720427387,0.0031021965278990728,87.0,0.00579535854433471,1.526256673045648,large
fakebr,content_words,morphosyntax,False,False,10,0.611315,0.046623229605947385,10,0.6171209999999999,0.016221392220014754,0.43035284542553326,0.5641697514727839,-0.37193052373853713,0.7142869825235264,39.0,0.4273553138978077,-0.16633238679729365,negligible
fakebr,flesch,complexity_readability,False,False,10,48.805719,10.56010274287608,10,25.147073,6.1559232678436535,0.16593754132226074,0.1868341250289547,6.120661553063963,8.810710951315218e-06,96.0,0.0005828399431792743,2.737243059984092,large
fakebr,function_words,morphosyntax,False,False,10,0.388685,0.04662322960594738,10,0.382879,0.016221392220014775,0.43035284542553326,0.5641697514727877,0.37193052373854424,0.7142869825235212,61.0,0.4273553138978077,0.1663323867972968,negligible
fakebr,sentences_per_paragraph,complexity_descriptive,True,False,10,1.01,0.03162277660168382,10,4.392856999999999,5.463842685935015,1.0036928138890277e-07,1.2970225076860745e-05,-1.9578444276941236,0.06593445003805215,0.0,8.171253847855955e-05,-0.8755746459386464,large
fakebr,syllables_per_content_word,complexity_descriptive,False,False,10,2.740376,0.10128737479732282,10,3.003124,0.0453647208007867,0.30517260817553526,0.33046390725158825,-7.486612555201902,6.21973205129691e-07,0.0,0.00018267179110955002,-3.3481149189269708,large
fakebr,words_per_sentence,complexity_descriptive,False,False,10,18.186828,5.753999248168954,10,26.573878999999998,4.46539287570397,0.7822363499058699,0.6688204639741383,-3.641445298518091,0.0018668462431837545,13.0,0.00579535854433471,-1.628503844766693,large
fakebr,noun_ratio,morphosyntax,False,False,10,0.37097300000000005,0.0648169358955581,10,0.38143999999999995,0.031132017816603758,0.8538665590687238,0.039854519776292445,-0.4603186478823815,0.6507997227553618,49.0,0.9698499769931556,-0.20586075759515896,small
fakebr,paragraphs,complexity_descriptive,True,False,10,13.3,10.274564062122863,10,5.4,2.7568097504180447,1.3386505245611643e-05,0.1806858697175116,2.348377059993932,0.030481160966814067,94.5,0.0008228148705613111,1.0502261485895068,large
fakebr,sentences,complexity_descriptive,False,False,10,13.4,10.243697249203207,10,13.6,3.977715704047013,1.544159133317365e-05,0.10143821698466138,-0.057554122325750905,0.9547378991241338,34.0,0.23650524655977712,-0.025738985981143464,negligible
fakebr,words,complexity_descriptive,False,False,10,226.7,131.81809857189987,10,348.8,69.66076530029098,0.009634436073764659,0.45613232093652434,-2.589758593749219,0.018493076756209283,15.0,0.009108496398030965,-1.158175252187503,large
fakebr,pronoun_ratio,morphosyntax,False,False,10,0.055038,0.033728413606993794,10,0.032726,0.013954429165441823,0.1511161589798941,0.8019464864419956,1.9330018755705871,0.06912442658970537,73.0,0.08897301170181328,0.8644647188820846,large
fakebr,verbs,morphosyntax,False,False,10,0.159581,0.036312511602599025,10,0.166697,0.021474677620138768,0.09593207350305638,0.32863812124164504,-0.5334026692093088,0.6002800221672242,35.0,0.27303633975118835,-0.23854492554636972,small
fakebr,logic_operators,cohesion_connectives,False,False,10,0.030017,0.010302094770805919,10,0.025500000000000002,0.011194149265476934,0.37371312162219894,0.778525239471991,0.9389206216140054,0.3602009412422992,66.0,0.24132159301718004,0.41989806708105487,small
fakebr,and_ratio,cohesion_connectives,False,False,10,0.018290999999999998,0.009195985174701693,10,0.015133999999999998,0.006066705494381242,0.6029911993634052,0.4156929994441047,0.9061852970668824,0.3768088989006025,60.0,0.47267559351158717,0.405258384890478,small
fakebr,if_ratio,cohesion_connectives,False,False,10,0.000655,0.0015481691696251343,10,0.001401,0.0025382296980375908,4.881053586142747e-06,0.00019888974768151742,-0.7934626820331836,0.43784351458571613,44.0,0.5847793957835943,-0.35484729892709993,small
fakebr,or_ratio,cohesion_connectives,False,False,10,0.00132,0.002173236194148155,10,0.00058,0.0012402150351182386,0.000169603592638487,9.795403958650822e-06,0.9352049243914596,0.3620606272935579,57.0,0.5184312812106575,0.41823635676637094,small
fakebr,negation_ratio,cohesion_connectives,False,False,10,0.007667,0.005305667933655689,10,0.00723,0.005537135240055698,0.607724772113445,0.12119490814960854,0.18020047242522913,0.8590084092314396,58.0,0.5700245022172045,0.08058810118407775,negligible
fakebr,cw_freq,complexity_frequency,False,False,10,503253.616423,292997.3687493514,10,438265.754058,202218.5385096745,0.14804525350845033,0.40990874076125505,0.5772656971071004,0.5709104578288762,53.0,0.8501067391385259,0.258161067962056,small
fakebr,cw_freq_brwac,complexity_frequency,False,False,10,4.067135,0.2672513975537722,10,4.042656,0.10947266489859467,0.7734501751777303,0.8831989284777242,0.2680346420941758,0.7917201160677552,55.0,0.7337299956962472,0.11986873600948074,negligible
fakebr,cw_freq_bra,complexity_frequency,False,False,10,4.446270999999999,0.1665078578359326,10,4.476398,0.13579717341191844,0.195221518265892,0.3135993833644974,-0.4434003089196985,0.6627596546087513,46.0,0.7913367801006604,-0.19829464639777047,negligible
fakebr,min_cw_freq,complexity_frequency,False,False,10,4808.550005000001,4012.808001523829,10,692.402185,488.9603469072657,0.02342837635642526,0.5701647963986283,3.2198987059068838,0.0047500014869481634,85.0,0.009108496398030965,1.439982477414279,large
fakebr,min_cw_freq_brwac,complexity_frequency,False,False,10,1.7206029999999999,0.6097372050327182,10,1.191674,0.48179430041829635,0.5454963725753856,0.787736490999382,2.1523504821179507,0.04518650339823272,74.0,0.07566157214388704,0.9625603978840367,large
fakebr,min_freq_brwac,complexity_frequency,False,False,10,1.5509809999999997,0.7265861871557673,10,1.0582939999999998,0.42463499722833853,0.5065137608193003,0.6093251996126051,1.8513142817333144,0.08060282617708706,70.0,0.14046504815835495,0.8279329163343777,large
fakebr,min_cw_freq_bra,complexity_frequency,False,False,10,2.0504000000000002,0.46023210979775075,10,1.497076,0.5616113161292643,0.8261318692793136,0.5404960182767616,2.4098122793676433,0.02687967145843878,79.0,0.031209012771740218,1.0777008139359527,large
fakebr,min_freq_bra,complexity_frequency,False,False,10,1.8047030000000004,0.5832728986036945,10,1.250787,0.5311765584697594,0.5826054454302141,0.7576443662244345,2.220365832678667,0.03947099151279297,75.0,0.06402210128302689,0.9929777873574848,large
fakebr,freq_brwac,complexity_frequency,False,False,10,5.058936999999999,0.27006096402479185,10,5.086623,0.06702739208711621,0.9177124100733551,0.5594928847420296,-0.3146429006926072,0.7566507732255852,50.0,1.0,-0.14071258291727706,negligible
fakebr,freq_bra,complexity_frequency,False,False,10,5.317658,0.20600359181334685,10,5.367971,0.09367104906118133,0.4407315462229096,0.44124074619994386,-0.7030649140816808,0.49100952599942044,43.0,0.6231762238821174,-0.31442018809633754,small
fakebr,hypernyms_verbs,semantics_lexical,False,False,10,0.717767,0.1973876290196526,10,0.6933,0.11278202122284878,0.1314129040917973,0.23410910261826912,0.3403396069589874,0.7375404638529636,47.0,0.8501067391385259,0.15220449931917127,negligible
fakebr,brunet,complexity_readability,False,False,10,10.803678000000001,0.6377760647193409,10,11.329757999999998,0.39355601726931966,0.4298281810204663,0.9477388213931883,-2.219836455392513,0.039512787440588816,24.0,0.053902557169387175,-0.9927410426379679,large
fakebr,honore,complexity_readability,False,False,10,952.568411,124.37188209005109,10,1156.8073799999997,125.68426153984726,0.9093567977516461,0.866244620492834,-3.652667133315231,0.0018207920280180873,11.0,0.0036105143123296027,-1.6335224018544285,large
fakebr,personal_pronouns,morphosyntax,False,False,10,0.011179,0.012562488651183376,10,0.0036060000000000003,0.003919507338655941,0.06170839717952273,0.07510170570878841,1.81978789056045,0.08546369123667763,63.0,0.3343168990950647,0.813833885584823,large
fakebr,ttr,complexity_lexical_diversity,False,False,10,0.736714,0.03385285847113456,10,0.768933,0.03260233974221278,0.4184415227477651,0.8898665844815599,-2.167810020080498,0.04382456663878848,23.0,0.04515456962427901,-0.9694741134410355,large
fakebr,conn_ratio,cohesion_connectives,False,False,10,0.06584099999999998,0.019798006324992536,10,0.07118,0.011661453120811696,0.5780429219753025,0.12918795527210503,-0.7347901066909752,0.47193263583987055,33.0,0.21229383619233155,-0.3286081255510687,small
fakebr,add_neg_conn_ratio,cohesion_connectives,False,False,10,0.002815,0.0034398070036300325,10,0.007089,0.003281857367067889,0.02559266847021268,0.10678236261876062,-2.8428426364956167,0.010796689942554515,18.0,0.016427157417354784,-1.271357876907785,large
fakebr,add_pos_conn_ratio,cohesion_connectives,False,False,10,0.025072,0.011001439097782718,10,0.021920000000000002,0.0061570682056388566,0.1675724830421711,0.7480233518376436,0.7906204287010947,0.43945873606649055,58.0,0.5707503880581739,0.3535762045951347,small
fakebr,cau_neg_conn_ratio,cohesion_connectives,False,False,10,0.0007849999999999999,0.001936934863816196,10,0.002019,0.0026919032919726768,2.7411879152469084e-06,0.00765419357754973,-1.1766766011865069,0.2546514614887405,34.0,0.1691832412563824,-0.5262257735572878,medium
fakebr,cau_pos_conn_ratio,cohesion_connectives,False,False,10,0.029429999999999994,0.01458847566479179,10,0.032057,0.012159412494944902,0.6013650836452592,0.05341010138285444,-0.43742348065718617,0.6670074246816832,46.0,0.7913367801006604,-0.19562172754080656,negligible
fakebr,log_neg_conn_ratio,cohesion_connectives,False,False,10,0.0032630000000000007,0.005282747706765234,10,0.002497,0.0029416588290736008,0.00012563184214095004,0.024419472647258512,0.40060931503201763,0.6934228226051679,47.5,0.8645050825863402,0.17915793216624396,negligible
fakebr,log_pos_conn_ratio,cohesion_connectives,False,False,10,0.024065999999999997,0.015939597234560225,10,0.029665999999999998,0.010471527745908584,0.30170639153435086,0.21332696326508888,-0.9285435011006758,0.3654109463334882,38.0,0.3846730627355087,-0.4152572777053524,small
fakebr,tmp_neg_conn_ratio,cohesion_connectives,False,False,10,0.0,0.0,10,0.0,0.0,,,,,50.0,,0.0,negligible
fakebr,tmp_pos_conn_ratio,cohesion_connectives,False,False,10,0.009054000000000001,0.00634329427208152,10,0.011217,0.0028596699498757237,0.2589745175070408,0.6777580783390984,-0.9830285422210705,0.338623015109259,32.0,0.18587673236587576,-0.4396237288457671,small
fakebr,adjectives_ambiguity,semantics_lexical,False,False,10,2.716857,0.8083139186678787,10,2.596582,1.1533919980243779,0.26046809307025937,0.03971392680431724,0.2700468193657718,0.7901959939541139,61.0,0.42665907124897295,0.12076860904189449,negligible
fakebr,adverbs_ambiguity,semantics_lexical,False,False,10,2.402963,0.8724274458601128,10,1.8794440000000001,0.6648639651704867,0.2740872731599791,0.970043230491143,1.5092746432788153,0.14858222354176984,66.0,0.2368647525288985,0.6749681398176355,medium
fakebr,nouns_ambiguity,semantics_lexical,False,False,10,2.1931070000000004,0.6471130562059633,10,2.502117,0.35896742579082147,0.7872985216842395,0.15319095576951747,-1.3204917460011323,0.20321584358027195,36.0,0.3074894566186813,-0.5905418615571836,medium
fakebr,verbs_ambiguity,semantics_lexical,False,False,10,9.775423,1.3391972761741346,10,9.437357,1.3051540702754854,0.456705968042134,0.3333538094604864,0.5716909908652487,0.5746017003607596,59.5,0.4959675729800952,0.2556679835397815,small
fakebr,yngve,morphosyntax,False,False,10,2.6258529999999998,0.27393868722155085,10,3.0629280000000003,0.37034735316396633,0.5856229798715074,0.39527255536355227,-3.0004315274017097,0.007678203474498979,18.0,0.017257456083119765,-1.341833771420749,large
fakebr,frazier,morphosyntax,False,False,10,7.095209000000001,0.6997509120068686,10,7.303490000000001,0.39137753154722604,0.726750426771422,0.5395732318857429,-0.8214901474790403,0.4221151098065581,39.0,0.4273553138978077,-0.36738156252189236,small
fakebr,dep_distance,morphosyntax,False,False,10,41.560475,21.237151838924085,10,68.877035,17.32467775596819,0.046456265837665885,0.984914080594632,-3.151805936547205,0.005516442839008943,14.0,0.00728455700947966,-1.4095304652013876,large
fakebr,cross_entropy,cohesion_semantic_lsa,False,False,10,0.6963100000000001,0.07248177349436816,10,0.5932919999999999,0.03466430754793433,0.920617437928557,0.3450409896781892,4.054688849795554,0.0007435422951906037,93.0,0.0013149446697132139,1.813311979150659,large
fakebr,content_density,complexity_lexical_diversity,False,False,10,1.6114989999999998,0.36292432356101767,10,1.6159729999999999,0.10988017716787887,0.0435871497790048,0.5833084835695552,-0.03731084494172534,0.9706478430684219,39.0,0.4273553138978077,-0.016685917117530407,negligible
fakebr,words_before_main_verb,morphosyntax,False,False,10,3.222295,2.5688831296380314,10,7.464789000000001,2.7847155573094193,0.27698887696312524,0.5950007201807278,-3.5410965830707877,0.0023336629520833334,13.0,0.005722030191733962,-1.5836265349277023,large
fakebr,adjacent_refs,cohesion_referential,False,False,10,0.19320700000000002,0.2840601436726619,10,1.8,1.3984117975602022,0.0008736079830616421,0.0037202470986201137,-3.5607775139051814,0.0022337799896776935,24.0,0.04703728615752891,-1.5924281147689379,large
fakebr,anaphoric_refs,cohesion_referential,False,True,10,0.84038,1.0156650642914828,10,10.05,9.166515150262939,0.03138797591433487,0.4004635361370952,-3.1578228596289417,0.00544411109098101,25.5,0.06597659753440305,-1.412221315006618,large
fakebr,adj_arg_ovl,cohesion_referential,False,False,10,0.641484,0.42838576862449573,10,0.999362,0.6352303633905839,0.11207672197526275,0.7042077069886982,-1.4770803497195975,0.15693685130622853,34.5,0.25630224769644216,-0.6605704140404365,medium
fakebr,arg_ovl,cohesion_referential,False,False,10,0.694458,0.3334338265116816,10,0.9304309999999999,0.4492581408265063,0.4953458531059511,0.9551708257010122,-1.333774832245747,0.19891000254530644,31.0,0.16197241048012612,-0.5964822383159738,medium
fakebr,adj_stem_ovl,cohesion_referential,False,False,10,0.8258790000000001,0.4467228531937398,10,1.427263,0.8182430116081381,0.3883977708935036,0.4311596051058582,-2.039958153016148,0.056306785414096346,27.0,0.08897301170181328,-0.9122970202798049,large
fakebr,stem_ovl,cohesion_referential,False,False,10,0.931932,0.5135927523891538,10,1.339201,0.5688745608743636,0.5420619039641462,0.8915128235325617,-1.6804126519247395,0.11014812006672428,28.0,0.10410988966022681,-0.7515033839908822,medium
fakebr,adj_cw_ovl,cohesion_referential,False,False,10,0.690181,0.432888384856112,10,1.137002,0.8122134865470338,0.042825903929252736,0.39217423379275873,-1.535219814956872,0.14212034997659517,35.0,0.27285596848712856,-0.6865711733296429,medium
fakebr,lsa_adj_mean,cohesion_semantic_lsa,False,False,10,0.725811,0.10680446728588755,10,0.841526,0.04192049119729182,0.020319695689801763,0.29839663182392323,-3.1892393610020484,0.005081247879559912,9.0,0.0022022199424970783,-1.4262712015437142,large
fakebr,lsa_adj_std,cohesion_semantic_lsa,False,False,10,0.11611699999999998,0.07916575158067618,10,0.065574,0.03541820849977217,0.004910144503627832,0.0066988092756008425,1.8429094709041158,0.08187434033943126,76.0,0.053902557169387175,0.8241741706639549,large
fakebr,lsa_all_mean,cohesion_semantic_lsa,False,False,10,0.712244,0.11107722810929539,10,0.823031,0.05489821681985673,0.003944181287741325,0.1331064815730178,-2.827527380274677,0.01115795461567884,14.0,0.00728455700947966,-1.2645086861072152,large
fakebr,lsa_all_std,cohesion_semantic_lsa,False,True,10,0.0,0.0,10,0.05685199999999999,0.03130961790462051,,0.15003363216500004,-5.742063352020704,1.9195014217726153e-05,0.0,6.386444750436982e-05,-2.5679287972457194,large
fakebr,lsa_paragraph_mean,cohesion_semantic_lsa,True,False,10,0.7372270000000001,0.07788813203705826,10,0.724108,0.38424186534583193,0.30090270524379037,4.2714828733755595e-05,0.10581615346715266,0.9168985517799573,23.0,0.04507378631623227,0.047322422454020685,negligible
fakebr,lsa_paragraph_std,cohesion_semantic_lsa,True,False,10,0.10690899999999999,0.055763316585965964,10,0.03455199999999999,0.050084233003566646,0.06117602844828079,0.00034684983851437413,3.0527450808025236,0.006851297259141597,90.0,0.0028169056281937455,1.3652291037305067,large
fakebr,lsa_givenness_mean,cohesion_semantic_lsa,False,False,10,0.8028960000000002,0.08190196350922649,10,0.888518,0.032652880015908756,0.007445092637347829,0.047333393522971466,-3.070853710310533,0.006585772577490599,8.0,0.0017062493689195964,-1.3733275290423599,large
fakebr,lsa_givenness_std,cohesion_semantic_lsa,False,False,10,0.11399,0.07770805335070205,10,0.054479,0.03162246896327567,0.0017405296890144909,0.05020224311144136,2.2431406660441433,0.03771092981153298,80.0,0.025748080821108063,1.0031630024737717,large
fakebr,lsa_span_mean,cohesion_semantic_lsa,False,False,10,0.8310130000000001,0.08474016311971291,10,0.9065949999999999,0.026566853303401285,0.014579100984964989,0.005685805659008145,-2.6913545471058185,0.014923049284315459,14.0,0.00728455700947966,-1.203610343776354,large
fakebr,lsa_span_std,cohesion_semantic_lsa,False,False,10,0.111789,0.08333770901178729,10,0.048082,0.029368584424706468,0.0011253612780785507,0.023978774985186736,2.279953256871345,0.0350184634257556,85.0,0.009108496398030965,1.0196260935772736,large
fakebr,first_person_pronouns,morphosyntax,False,False,10,0.04,0.12649110640673517,10,0.0,0.0,1.0036928138890277e-07,,0.9999999999999998,0.3305649312781845,55.0,0.36812025069351895,0.4472135954999579,small
fakebr,second_person_pronouns,morphosyntax,False,False,10,0.06999999999999999,0.1636391694484477,10,0.05,0.15811388300841897,5.608905231459141e-06,1.0036928138890277e-07,0.27794463276724757,0.784222270007631,54.5,0.6263543610340876,0.12430061856975619,negligible
fakebr,simple_word_ratio,complexity_simplicity,False,False,10,0.644126,0.08488453532757177,10,0.636308,0.03516118845166263,0.8181468546582826,0.10822854708418356,0.26907966350866036,0.7909284571348257,58.0,0.5707503880581739,0.12033608379362683,negligible
fakebr,third_person_pronouns,morphosyntax,False,False,10,0.49000000000000005,0.472463990397387,10,0.65,0.47434164902525694,0.006270531297608886,0.0005925876013518341,-0.7557415333600593,0.45958061788442717,40.5,0.45604027823030124,-0.33797788840260357,small
fakebr,adjunct_per_clause,morphosyntax,False,False,10,0.5152990000000001,0.3640909108832268,10,0.709379,0.13686966861864527,0.004242154833721125,0.19310212822998551,-1.5778575110315225,0.13201057009324313,40.5,0.49548021661245556,-0.7056393306950217,medium
fakebr,apposition_per_clause,morphosyntax,False,False,10,0.021428999999999997,0.04821157547726478,10,0.0474,0.04724249946346569,8.564251655626616e-06,0.16191482139647662,-1.2167092701104043,0.2394285339922932,28.5,0.082132882621858,-0.5441289273642035,medium
fakebr,aux_plus_PCP_per_sentence,morphosyntax,False,False,10,0.12597399999999997,0.15156560649141715,10,0.624637,0.29163831416670893,0.028188783436553986,0.38356924071157317,-4.797830808193889,0.0001440783339483825,3.0,0.00041603679297369175,-2.1456551663328582,large
fakebr,clauses_per_sentence,morphosyntax,False,False,10,1.594517,1.1685527823104764,10,3.392912,0.6283708249079962,0.0350043111311703,0.3091909971097394,-4.286310837664953,0.00044438324401658853,5.0,0.0007510688919945186,-1.9168964811425802,large
fakebr,coordinate_conjunctions_per_clauses,morphosyntax,False,False,10,0.12251799999999999,0.12508470088526236,10,0.17249599999999998,0.06530164983452648,0.1662784470358027,0.3877825134126105,-1.120051319139999,0.2774148367780255,30.5,0.15015834850815576,-0.5009021775770699,medium
fakebr,ratio_coordinate_conjunctions,morphosyntax,False,False,10,0.36049699999999996,0.2929560298842738,10,0.576442,0.1437162220643322,0.1707027053750932,0.2963142903254772,-2.092734098431419,0.05080803831267917,23.0,0.04426766815223337,-0.9358991405848779,large
fakebr,first_person_possessive_pronouns,morphosyntax,False,False,10,0.05,0.15811388300841897,10,0.05,0.15811388300841897,1.0036928138890277e-07,1.0036928138890277e-07,0.0,1.0,50.0,1.0,0.0,negligible
fakebr,gerund_verbs,morphosyntax,False,False,10,0.035405,0.039776166859062725,10,0.064822,0.03572981723994681,0.018999668813769223,0.10491467846582508,-1.7398398833295803,0.09895713756247665,26.0,0.07346320155387441,-0.7780800498180489,medium
fakebr,infinitive_verbs,morphosyntax,False,False,10,0.136328,0.12259038568428694,10,0.14070900000000003,0.0403745925194436,0.21499185800838783,0.12215095479814753,-0.10733841332077348,0.9157078655974462,54.0,0.7910295772981756,-0.04800319775644369,negligible
fakebr,inflected_verbs,morphosyntax,False,False,10,0.41929299999999997,0.292682581232069,10,0.527625,0.08227337671851488,0.0015367880587644441,0.3071141048577096,-1.126796739300652,0.2746266052613734,51.0,0.9698045577720108,-0.5039188211802733,medium
fakebr,non-inflected_verbs,morphosyntax,False,False,10,0.280707,0.19866494412284552,10,0.472375,0.0822733767185149,0.00357469709306638,0.30711410485770485,-2.8187486020476253,0.011370249250600655,19.0,0.020940353653959364,-1.2605826971321987,large
fakebr,participle_verbs,morphosyntax,False,False,10,0.10897300000000001,0.09648541272015049,10,0.266843,0.08133907015969905,0.38264945550984963,0.5607418002985926,-3.95597332355836,0.0009263672615179702,11.0,0.003547636838517976,-1.7691650537304526,large
fakebr,passive_ratio,morphosyntax,False,False,10,0.045465,0.060047944594298984,10,0.097769,0.05736444978284799,0.012067970107785446,0.3505398878585687,-1.9916937292862136,0.06179984465835004,22.5,0.03958043694471103,-0.8907125138088074,large
fakebr,prepositions_per_clause,morphosyntax,False,False,10,1.052608,0.7845736302929834,10,1.3709890000000002,0.31327495440019526,0.07138897978043121,0.0744002926153022,-1.1917638656079699,0.24883055483258978,43.0,0.622652636570054,-0.5329730033254689,medium
fakebr,prepositions_per_sentence,morphosyntax,False,False,10,2.369318,1.7765349260024885,10,4.601399,1.1203990534274435,0.08238938369025689,0.14208081041126963,-3.3606492616823425,0.003481946534054483,15.5,0.009995774159054498,-1.5029280395312392,large
fakebr,relative_clauses,morphosyntax,False,False,10,0.042625,0.04660963521037732,10,0.124583,0.04347951345173954,0.008929245940317868,0.11066875523286274,-4.0660422385533055,0.0007249872341858479,7.0,0.001186594314984301,-1.8183893689581214,large
fakebr,second_person_possessive_pronouns,morphosyntax,False,False,10,0.0,0.0,10,0.0,0.0,,,,,50.0,,0.0,negligible
fakebr,sentences_with_five_clauses,morphosyntax,False,False,10,0.030249000000000005,0.04599247123171357,10,0.11752199999999999,0.11779283488867696,0.0016227715675436252,0.06075523124056544,-2.1824757911985126,0.042567393671058135,23.0,0.03848658759802096,-0.9760328456735022,large
fakebr,sentences_with_four_clauses,morphosyntax,False,False,10,0.060190999999999995,0.05661222197252699,10,0.238516,0.09617695163949971,0.07108180570757554,0.4463944815320836,-5.05290628612632,8.280828052510653e-05,4.0,0.000555457739200131,-2.259728387942891,large
fakebr,sentences_with_one_clause,morphosyntax,False,False,10,0.250288,0.19779280437422952,10,0.08830099999999999,0.10173251315200182,0.25187364995787986,0.04387029527906192,2.3030461099177995,0.03342141963053851,73.0,0.08200224289253047,1.0299535314185304,large
fakebr,sentences_with_seven_more_clauses,morphosyntax,False,False,10,0.007142999999999999,0.02258814932658273,10,0.014285999999999998,0.04517629865316546,1.0036928138890277e-07,1.0036928138890277e-07,-0.4472135954999579,0.6600556531895877,49.5,1.0,-0.19999999999999998,negligible
fakebr,sentences_with_six_clauses,morphosyntax,False,False,10,0.026785999999999997,0.04552727124116562,10,0.07971199999999999,0.08939178110368363,0.00025083504565434053,0.07704649120243921,-1.6683681636899552,0.11254408493910681,33.0,0.17196436756211353,-0.7461169251014474,medium
fakebr,sentences_with_three_clauses,morphosyntax,False,False,10,0.126317,0.12740254768514903,10,0.286334,0.13514231389333412,0.18821238565027176,0.4308071035056029,-2.724513520292641,0.013907574344822307,20.5,0.0277136587868594,-1.2184394873983193,large
fakebr,sentences_with_two_clauses,morphosyntax,False,False,10,0.181277,0.20439422339358482,10,0.14854499999999998,0.09531895861906078,0.016302651067154564,0.2056980329352599,0.45895787581761527,0.6517581382597818,54.0,0.7867449444786502,0.205252201827419,small
fakebr,sentences_with_zero_clause,morphosyntax,False,False,10,0.017749,0.03233937519151812,10,0.026783,0.04347160453803277,8.711690150897503e-05,0.0001374565096978599,-0.5272668816969688,0.6044469200669402,46.5,0.7797908993695718,-0.23580091795175237,small
fakebr,ratio_subordinate_conjunctions,morphosyntax,False,False,10,0.339503,0.2807583221305391,10,0.42355800000000005,0.14371622206433218,0.06032512287301259,0.2963142903254772,-0.8427457357088128,0.41042957036040756,47.0,0.8494904440333779,-0.3768873505585955,small
fakebr,third_person_possessive_pronouns,morphosyntax,False,False,10,0.55,0.49721446300587663,10,0.65,0.47434164902525694,0.0012799426050452527,0.0005925876013518341,-0.46017899330842216,0.6508980551003759,44.5,0.670998089556925,-0.20579830217101056,small
fakebr,negative_words,semantics_lexical,False,False,10,0.31029999999999996,0.09430958699941379,10,0.25560599999999994,0.07825346597932757,0.15281915554055253,0.5186874143480397,1.4113510050331322,0.17519296521588837,66.0,0.24132159301718004,0.6311753574733462,medium
fakebr,positive_words,semantics_lexical,False,False,10,0.38840600000000003,0.09085271330871499,10,0.43922100000000003,0.07946699293137721,0.49051674773578663,0.9698018846433054,-1.3312934702686587,0.19970882191076614,32.0,0.18587673236587576,-0.5953725395044632,medium
fakebr,abstract_nouns_ratio,semantics_lexical,False,False,10,0.033762,0.02118297051879174,10,0.04307,0.010813398068034755,0.9451804891258958,0.6052463795354415,-1.2376085944549153,0.2317627576034952,31.0,0.16197241048012612,-0.553475389347832,medium
fakebr,demonstrative_pronoun_ratio,cohesion_referential,False,True,10,0.23864100000000002,0.24796125236953187,10,2.691667,2.1030733199035168,0.08570652482247093,0.18760560117134423,-3.6631092740978657,0.0017789534421513771,24.0,0.0487151569898192,-1.6381922691785475,large
fakebr,coreference_pronoun_ratio,cohesion_referential,False,False,10,0.154891,0.2609559463225759,10,1.8,1.3984117975602022,0.0005575937330909993,0.0037202470986201137,-3.657013768637789,0.0018032587086841707,21.0,0.02275019491983151,-1.6354662762653571,large
fakebr,adjective_diversity_ratio,complexity_lexical_diversity,False,False,10,0.945613,0.0883812455030289,10,0.914063,0.06226089249636921,0.00014627377870345321,0.8285218320409032,0.9228593524376301,0.3682863087566298,65.0,0.250292413937967,0.4127152491443955,small
fakebr,adjectives_max,morphosyntax,False,False,10,0.13319399999999998,0.0686097764656515,10,0.120574,0.03133372205432635,0.8469302799624763,0.9593337942938286,0.5290996022353042,0.6032008190639354,56.0,0.6763193268966651,0.236620535493248,small
fakebr,adjectives_min,morphosyntax,False,False,10,0.0,0.0,10,0.005,0.010540925533894598,,4.6723331436528115e-06,-1.5,0.15095045218426736,40.0,0.16748875557485465,-0.6708203932499369,medium
fakebr,adjectives_standard_deviation,morphosyntax,False,False,10,0.045347,0.022524754801970404,10,0.03623899999999999,0.009362487145815238,0.6607133325924499,0.7226428070527877,1.1807473198531355,0.25307087627697555,71.0,0.12122450301291662,0.5280462542884596,medium
fakebr,adverbs_diversity_ratio,complexity_lexical_diversity,False,False,10,0.8911110000000001,0.11953264272434817,10,0.754166,0.16394471535652905,0.01190861468357966,0.5706753288457612,2.134407090609309,0.04681569699311555,70.5,0.12329159799800908,0.9545358692519933,large
fakebr,adverbs_max,morphosyntax,False,False,10,0.143772,0.1190361472457468,10,0.097453,0.02360622660325967,0.0500664400292038,0.9107133952165509,1.206991247481976,0.243058504682879,55.0,0.7333439595749962,0.5397828955233941,medium
fakebr,adverbs_min,morphosyntax,False,False,10,0.0,0.0,10,0.0,0.0,,,,,50.0,,0.0,negligible
fakebr,adverbs_standard_deviation,morphosyntax,False,False,10,0.042906,0.02765400360807736,10,0.030244,0.006723152699606207,0.11699661007058465,0.6081894225829109,1.4069369185593945,0.1764782816805702,63.0,0.3447042220069576,0.6292013179905783,medium
fakebr,concretude_mean,complexity_psycholinguistic,False,False,10,4.112041999999999,0.17327805065847213,10,4.0530100000000004,0.13419535362050838,0.5776261329080977,0.10116875533018505,0.8517547931847963,0.40554021896574194,63.0,0.3447042220069576,0.3809163235444959,small
fakebr,concretude_std,complexity_psycholinguistic,False,False,10,0.7780919999999999,0.1049252839775894,10,0.708478,0.054453629977970944,0.030770931425633554,0.7629606336000392,1.8622082543198466,0.07898064092201265,69.0,0.16197241048012612,0.8328048489840789,large
fakebr,concretude_1_25_ratio,complexity_psycholinguistic,False,False,10,0.006823,0.008181196666068412,10,0.005643,0.0072237125727241756,0.025439158613379035,0.00399966811856326,0.3419011792552964,0.736384651113042,54.0,0.7814848987839662,0.15290285568043674,negligible
fakebr,concretude_25_4_ratio,complexity_psycholinguistic,False,False,10,0.47008799999999995,0.07516849351808094,10,0.503871,0.08415624799542018,0.9467732446195027,0.037949947801828095,-0.9467603601570869,0.35629857718325014,37.0,0.3447042220069576,-0.4234041047426859,small
fakebr,concretude_4_55_ratio,complexity_psycholinguistic,False,False,10,0.479782,0.06870738320345686,10,0.45657499999999995,0.06627056179866828,0.5855049802112184,0.20337917803644817,0.7687770771689221,0.4519954857420707,60.0,0.47267559351158717,0.34380756081866226,small
fakebr,concretude_55_7_ratio,complexity_psycholinguistic,False,False,10,0.043304999999999996,0.03446986131229554,10,0.033911000000000004,0.023210643367980035,0.125366828991478,0.2633481342232482,0.7148522592779482,0.48386951652113,62.0,0.3846730627355087,0.3196916491229594,small
fakebr,content_word_diversity,complexity_lexical_diversity,False,False,10,0.831743,0.05735268530960187,10,0.8949909999999999,0.042276392006782126,0.1915561398238801,0.3311185809569479,-2.8071091824269616,0.011657718679413941,18.0,0.017257456083119765,-1.2553773904341088,large
fakebr,content_words_ambiguity,semantics_lexical,False,False,10,4.215596000000001,0.7816672879059365,10,4.1569389999999995,0.524709551454686,0.7418673354055894,0.06138800224924557,0.19702603898119322,0.8460148035016395,51.0,0.9698499769931556,0.0881127232998943,negligible
fakebr,content_word_max,complexity_lexical_diversity,False,False,10,0.721429,0.12243726806001515,10,0.701812,0.10093419405181224,0.07811624462103497,0.07356051079943808,0.3909460559775796,0.7004258395587044,53.5,0.8199961749457841,0.1748363913402612,negligible
fakebr,content_word_min,complexity_lexical_diversity,False,False,10,0.38150700000000004,0.1462346763140216,10,0.444698,0.024742566021601995,0.0018260404478510335,0.25695352935006976,-1.3473353999216022,0.1945891607480623,39.0,0.42718148600680117,-0.6025467085433136,medium
fakebr,content_word_standard_deviation,complexity_lexical_diversity,False,False,10,0.098418,0.04497096095136159,10,0.06601100000000001,0.01722004223120386,0.06152916852753696,0.051697926651710746,2.1281204730449717,0.0473990596468684,76.0,0.053902557169387175,0.9517244084075132,large
fakebr,dalechall_adapted,complexity_readability,False,False,10,11.180537999999999,1.1399006246920533,10,11.372777000000001,0.6934126709743468,0.44975449803166756,0.393874774323972,-0.4556252281122893,0.6541080158291961,48.0,0.9097218891455553,-0.2037617964645854,small
fakebr,easy_conjunctions_ratio,complexity_simplicity,False,False,10,0.056903999999999996,0.014541783628947005,10,0.069315,0.01779257413766891,0.36654071877160327,0.5760934703414535,-1.707944317043737,0.10483505321699323,30.0,0.14046504815835495,-0.7638159189388496,medium
fakebr,familiaridade_mean,complexity_psycholinguistic,False,False,10,4.733244000000001,0.17990187443900263,10,4.672733000000001,0.0724496663668414,0.5064063041176283,0.016990148828102018,0.9866466746116445,0.3368937341948422,63.0,0.3447042220069576,0.4412418068411506,small
fakebr,familiaridade_std,complexity_psycholinguistic,False,False,10,0.78035,0.07446130180615074,10,0.720901,0.051859992383339194,0.8092615063267434,0.5029727126648417,2.0717654770000915,0.05293168876697183,74.0,0.07566157214388704,0.9265216880018965,large
fakebr,familiaridade_1_25_ratio,complexity_psycholinguistic,False,False,10,0.005082,0.0074925767708223494,10,0.0017490000000000001,0.003975872930006134,0.002870559973197569,7.734669603127771e-06,1.2425994737777566,0.22996037734711652,61.0,0.3277922976814811,0.5557073784345062,medium
fakebr,familiaridade_25_4_ratio,complexity_psycholinguistic,False,False,10,0.18278300000000003,0.09499539006943676,10,0.17131499999999997,0.04481565134588089,0.23943503200816357,0.7023772413121394,0.34526249342473864,0.7338989406531118,50.0,1.0,0.15440608107575798,negligible
fakebr,familiaridade_4_55_ratio,complexity_psycholinguistic,False,False,10,0.608195,0.09309412539646815,10,0.680494,0.05339131352570379,0.48144719336106284,0.4364994096713939,-2.130393391774283,0.04718738492656236,27.0,0.08897301170181328,-0.9527408885647278,large
fakebr,familiaridade_55_7_ratio,complexity_psycholinguistic,False,False,10,0.203938,0.07667962554246946,10,0.14644100000000002,0.0212208872209539,0.08277986577498575,0.03994322409698479,2.2852841505036317,0.034643640674592864,82.0,0.017090034751250798,1.0220101416857963,large
fakebr,function_word_diversity,complexity_lexical_diversity,False,False,10,0.436635,0.07544950662529214,10,0.33915100000000004,0.028705503711541677,0.11858109234595976,0.24342233035230149,3.818753945044241,0.00125771289123654,93.0,0.0013149446697132139,1.707798682092884,large
fakebr,gunning_fox,complexity_readability,False,True,10,7.41344,2.296779094703421,10,26.990967,2.097513701123573,0.7702913385152848,0.25714577925673354,-19.903881515197387,1.0467397799867075e-13,0.0,0.00018267179110955002,-8.901286416816577,large
fakebr,hard_conjunctions_ratio,complexity_simplicity,False,False,10,0.015110000000000002,0.009025917004813295,10,0.016311,0.006625315841527859,0.5189047828110458,0.4301135140705527,-0.3392033029491346,0.7383819154103947,46.0,0.7913367801006604,-0.15169632871734398,negligible
fakebr,idade_aquisicao_mean,complexity_psycholinguistic,False,False,10,4.9505289999999995,0.5134523249414474,10,5.3444720000000006,0.14225015960155088,0.1397071425717446,0.20662264765489768,-2.338163434725545,0.03112183411809263,22.0,0.03763531378731424,-1.0456584765101424,large
fakebr,idade_aquisicao_std,complexity_psycholinguistic,False,False,10,1.561111,0.2159870756652917,10,1.5547499999999999,0.055647489511108136,0.8887384285990726,0.016903376823963243,0.09018653179997137,0.9291349703344723,52.0,0.9097218891455553,0.04033264315193649,negligible
fakebr,idade_aquisicao_1_25_ratio,complexity_psycholinguistic,False,False,10,0.086529,0.051122158155191805,10,0.047739,0.017569743848129624,0.22230380223061774,0.14275751369276524,2.2691696686779235,0.03578817163293903,74.0,0.0755515855296866,1.0148035263289026,large
fakebr,idade_aquisicao_25_4_ratio,complexity_psycholinguistic,False,False,10,0.21331699999999998,0.08426298304844318,10,0.155863,0.038751026093941474,0.14727976199369885,0.7155409601694549,1.9589496281750403,0.06579563849699883,72.0,0.10410988966022681,0.8760689066194653,large
fakebr,idade_aquisicao_4_55_ratio,complexity_psycholinguistic,False,False,10,0.275005,0.06860708211742186,10,0.26343599999999995,0.04127951259402174,0.998158978698017,0.38197930948092607,0.45691488649161527,0.6531982238645752,55.5,0.7053513720635047,0.20433854922537045,small
fakebr,idade_aquisicao_55_7_ratio,complexity_psycholinguistic,False,False,10,0.324765,0.1060489418722423,10,0.42310100000000006,0.04516275418478766,0.9529807940318541,0.12222069100026861,-2.6978298617375023,0.014719339473535766,16.0,0.011329696684474665,-1.2065061925147829,large
fakebr,imageabilidade_mean,complexity_psycholinguistic,False,False,10,4.27857,0.21792569355427358,10,4.168453000000001,0.13444802176553838,0.07025629977961965,0.20220972788307545,1.3599057347188404,0.19065087181022228,66.0,0.24132159301718004,0.6081683331646247,medium
fakebr,imageabilidade_std,complexity_psycholinguistic,False,False,10,0.6065730000000001,0.06706872247511834,10,0.559066,0.04731411445506158,0.5027582343845929,0.282276959085693,1.8303305273609454,0.08381029252962818,74.0,0.07566157214388704,0.8185486960944225,large
fakebr,imageabilidade_1_25_ratio,complexity_psycholinguistic,False,False,10,0.001149,0.0036334570315334678,10,0.0,0.0,1.0036928138890371e-07,,1.0,0.3305649312781842,55.0,0.36812025069351895,0.447213595499958,small
fakebr,imageabilidade_25_4_ratio,complexity_psycholinguistic,False,False,10,0.339526,0.09628676142994252,10,0.413028,0.09602297720395421,0.4955260396508769,0.3720984727033593,-1.7092770759897793,0.10458354980743216,29.0,0.12122450301291662,-0.764411946859044,medium
fakebr,imageabilidade_4_55_ratio,complexity_psycholinguistic,False,False,10,0.6175729999999999,0.06816146566140661,10,0.568445,0.08141735008242681,0.23973410538156598,0.2865070523684354,1.4631041193497012,0.16068222029256654,69.0,0.1618146063370115,0.6543200538051794,medium
fakebr,imageabilidade_55_7_ratio,complexity_psycholinguistic,False,False,10,0.041753,0.052208107086501,10,0.018525999999999997,0.017162516132548863,0.00017874073481711773,0.24449102359939934,1.3365109062167875,0.19803212352563437,67.0,0.21160560249578764,0.5977058477941166,medium
fakebr,indefinite_pronoun_ratio,morphosyntax,False,False,10,0.12614,0.1535978359945941,10,0.033862,0.05773956640717775,0.010433741643308065,0.00033398350817330177,1.7783245360353301,0.09224662773261898,68.5,0.14581786066723051,0.7952909097261546,medium
fakebr,indefinite_pronouns_diversity,complexity_lexical_diversity,False,False,10,0.54,0.4880801391392834,10,0.4,0.5163977794943223,0.002385356787320935,0.00016867907566356848,0.623060370551773,0.5410595489992117,56.0,0.6446800022169437,0.27864106852799453,small
fakebr,medium_long_sentence_ratio,complexity_simplicity,False,False,10,0.115364,0.08677182417761604,10,0.03479,0.04889991070203162,0.5684018700497079,0.0026754521638114627,2.558156047461053,0.019759765125637863,78.5,0.028566260618590827,1.1440421638350187,large
fakebr,max_noun_phrase,morphosyntax,False,False,10,19.3,6.165315167216605,10,24.8,6.941021378570864,0.6802585352820623,0.16955937773941682,-1.8734281796366787,0.07734008920093,29.5,0.12999122203451663,-0.8378225521262602,large
fakebr,mean_noun_phrase,morphosyntax,False,False,10,5.144407,1.1841000846498482,10,6.279014,1.1557559588059911,0.8862966757007489,0.8654967070805883,-2.168400285679298,0.04377331847033375,25.0,0.06402210128302689,-0.9697380882417749,large
fakebr,medium_short_sentence_ratio,complexity_simplicity,False,False,10,0.068702,0.06636156598513933,10,0.045042000000000006,0.05867973581702252,0.10278214683690234,0.012280986482173344,0.8446139339990348,0.4094125582801595,62.0,0.36128654064988786,0.37772283423307257,small
fakebr,min_noun_phrase,morphosyntax,False,False,10,1.0,0.0,10,1.0,0.0,,,,,50.0,,0.0,negligible
fakebr,noun_diversity,complexity_lexical_diversity,False,False,10,0.727421,0.0778898390820152,10,0.819341,0.04537585027057651,0.8708974853358141,0.572941838454368,-3.224609207159607,0.004701020590725022,13.0,0.00579535854433471,-1.4420890776161166,large
fakebr,nouns_max,morphosyntax,False,False,10,0.593097,0.26716193653745746,10,0.608351,0.16685335360729195,0.34876863271582836,0.48142573559549695,-0.15314184942508632,0.8799901278606636,52.5,0.8797393918291729,-0.06848711710290603,negligible
fakebr,nouns_min,morphosyntax,False,False,10,0.21050500000000003,0.11294269906559797,10,0.26661,0.0383642689664919,0.00029683205995871716,0.4423772621250805,-1.4874131487007405,0.1542142512179153,37.5,0.3621716274885357,-0.6651913822243718,medium
fakebr,nouns_standard_deviation,morphosyntax,False,False,10,0.10973300000000001,0.056592606711870455,10,0.085633,0.03851655778147021,0.8721250189822811,0.9243850766707201,1.1132799612625959,0.2802347750827484,65.0,0.27303633975118835,0.49787393427429943,small
fakebr,oblique_pronouns_ratio,morphosyntax,False,False,10,0.071607,0.07975727748752601,10,0.033333,0.08050741857466029,0.04639204479607319,3.671270458206597e-06,1.0680122371786223,0.29962992504351804,68.5,0.12423128593594022,0.47762959262660554,small
fakebr,preposition_diversity,complexity_lexical_diversity,False,False,10,0.386709,0.08339285093926084,10,0.316461,0.03635027997752486,0.49259735243332337,0.777191986319814,2.441919375193549,0.02515977050778061,79.0,0.031145570791027408,1.0920595437013179,large
fakebr,pronoun_diversity,complexity_lexical_diversity,False,False,10,0.813785,0.18161850384497966,10,0.557923,0.15717307516450352,0.055493486593930025,0.5164164724519528,3.368686358634515,0.003420583367062603,86.0,0.007131559152918541,1.5065223385566024,large
fakebr,pronouns_max,morphosyntax,False,False,10,0.168295,0.14522433835277063,10,0.10681100000000002,0.07040688941195078,0.0211519352852358,0.009314721267235456,1.2047065464958486,0.24391797259824793,69.0,0.16165674027040877,0.5387611461807458,medium
fakebr,pronouns_min,morphosyntax,False,False,10,0.0,0.0,10,0.0,0.0,,,,,50.0,,0.0,negligible
fakebr,pronouns_standard_deviation,morphosyntax,False,False,10,0.051471,0.03400205139236292,10,0.033777999999999996,0.017371395901180642,0.2651851406212007,0.04555607058315718,1.4653348567064293,0.16007955398763765,74.0,0.07566157214388704,0.6553176698790979,medium
fakebr,punctuation_diversity,complexity_lexical_diversity,False,False,10,0.211782,0.07864433041654477,10,0.094307,0.03321420547831237,0.4571616450156843,0.26429665013222936,4.351488804957425,0.0003846167083388698,93.0,0.0013149446697132139,1.9460449542428253,large
fakebr,punctuation_ratio,morphosyntax,False,True,10,0.16560400000000003,0.06315672326311217,10,0.11376299999999999,0.012384963149812845,0.33281643564784447,0.6960562735527986,2.547182059889716,0.020218520207668532,80.0,0.025748080821108063,1.1391344473962692,large
fakebr,sentence_length_max,complexity_descriptive,False,False,10,42.9,26.780797432322867,10,41.7,6.667499947923176,0.0035330473374747336,0.217677192156718,0.13749875670812428,0.8921629622302069,39.0,0.4268333649066387,0.06149131336421422,negligible
fakebr,sentence_length_min,complexity_descriptive,False,False,10,4.4,2.9514591494904874,10,10.6,5.87272414547873,0.20128720541746242,0.6574215225791327,-2.982976390813066,0.007975092028700335,18.0,0.016263158167461475,-1.334027597026999,large
fakebr,sentence_length_standard_deviation,complexity_descriptive,False,False,10,10.932987,6.6254484750326315,10,8.916354,1.740175278248334,0.0017906239797822673,0.11171092173212072,0.9309487190059023,0.36419884214054404,50.0,1.0,0.41633292385270965,small
fakebr,short_sentence_ratio,complexity_simplicity,False,False,10,0.320428,0.1455863052778126,10,0.061818000000000005,0.06064533339196201,0.613363257585416,0.08718198014583806,5.185363810521872,6.226787575700801e-05,95.0,0.0007236846434948959,2.3189651936788493,large
fakebr,std_noun_phrase,morphosyntax,False,False,10,4.394801,1.4078161548018657,10,5.225447000000001,1.1585829569881188,0.9716103782253727,0.9371989219511212,-1.4406830089945595,0.16684340518310878,33.0,0.21229383619233155,-0.6442930284281552,medium
fakebr,subtitles,complexity_descriptive,True,False,10,0.0,0.0,10,0.0,0.0,,,,,50.0,,0.0,negligible
fakebr,dialog_pronoun_ratio,complexity_simplicity,False,False,10,0.11000000000000001,0.23309511649396117,10,0.05,0.15811388300841897,8.01894860028279e-06,1.0036928138890277e-07,0.6736330697086078,0.5091029363128856,55.5,0.5428024537573732,0.3012578671520604,small
fakebr,verb_diversity,complexity_lexical_diversity,False,False,10,0.910037,0.04811419703857341,10,0.8495740000000002,0.05965475396907702,0.23863514466821073,0.5749300336009899,2.494796246617462,0.02255055261245211,80.0,0.025692444548908212,1.115706799489595,large
fakebr,verbs_max,morphosyntax,False,False,10,0.317373,0.16856243828656226,10,0.210129,0.055509452938716265,0.43811276412135136,0.7366666090921093,1.9109749327378258,0.07206708652424894,77.0,0.04483162202065601,0.8546139705799735,large
fakebr,verbs_min,morphosyntax,False,False,10,0.03844499999999999,0.03029818155526096,10,0.03463499999999999,0.03211724778924177,0.1088196675713945,0.008107513099446068,0.2728749343803087,0.7880553131901233,53.5,0.8164096569872129,0.12203338052603294,negligible
fakebr,verbs_standard_deviation,morphosyntax,False,False,10,0.07585,0.04040731259451823,10,0.047819999999999994,0.012030924043203554,0.4062370876903781,0.6870912403084762,2.1024177796334897,0.04985365869272689,80.0,0.025748080821108063,0.9402298144729311,large
fakebr,long_sentence_ratio,morphosyntax,False,False,10,0.495505,0.1795555692536436,10,0.858347,0.13702130353829414,0.6514860174407787,0.04141509723593424,-5.080055254925947,7.809685944745617e-05,4.0,0.0005635762188725708,-2.271869775893888,large
fakebr,indicative_condition_ratio,morphosyntax,False,False,10,0.029556,0.04140218115564015,10,0.17519200000000001,0.13182142826987997,0.0015599722119695085,0.4198492987389173,-3.3331439275543326,0.0037002698882369982,10.0,0.0024781182387599372,-1.4906272801604243,large
fakebr,indicative_future_ratio,morphosyntax,False,False,10,0.044217,0.09792887192583537,10,0.019244999999999998,0.020295364139516086,1.2189015273951769e-05,0.028601685182353825,0.7896063721920457,0.44003591070412035,43.0,0.5906827555913553,0.35312270473768276,small
fakebr,indicative_imperfect_ratio,morphosyntax,False,False,10,0.014258999999999999,0.034710631880672464,10,0.0422,0.04159403082174171,3.3004962217820326e-06,0.14100930063714284,-1.6309698397587333,0.12026929084252251,26.0,0.05183236896265327,-0.7293918861904934,medium
fakebr,indicative_preterite_perfect_ratio,morphosyntax,False,False,10,0.172448,0.1253064494039402,10,0.287136,0.1281294975319024,0.019277020788643302,0.7267286885125956,-2.023661273600553,0.058110298444242224,25.0,0.06352243163453383,-0.9050088342409273,large
fakebr,indicative_pluperfect_ratio,morphosyntax,False,False,10,0.042685,0.05388700260730782,10,0.075662,0.07039055283835245,0.012100550060598219,0.10966544980374943,-1.1763524877031346,0.2547776283161331,32.5,0.1890028712555758,-0.526080825601039,medium
fakebr,indicative_present_ratio,morphosyntax,False,False,10,0.35868900000000004,0.2767863915428888,10,0.361548,0.1407431616495491,0.17632028144333967,0.44737428632253445,-0.02911602401748306,0.9770924529002043,55.0,0.7333439595749962,-0.01302108178752173,negligible
fakebr,infinite_subordinate_clauses,morphosyntax,False,False,10,0.164463,0.1446500107193605,10,0.312237,0.07334012439010146,0.2640750365997272,0.21036512443874417,-2.881378721331132,0.009936835954206798,20.0,0.02552578419580386,-1.288591737963567,large
fakebr,named_entity_ratio_sentence,semantics_lexical,False,True,10,0.055042,0.04920283365823557,10,0.082711,0.026221785026958027,0.25416944002360964,0.9649196946758793,-1.5693433380413422,0.1339796883278218,32.0,0.18521445816171678,-0.7018316767793746,medium
fakebr,named_entity_ratio_text,semantics_lexical,False,True,10,0.046781,0.04502697893732404,10,0.08293099999999999,0.025360899234845753,0.2812034019150025,0.9665046549775416,-2.212093861612876,0.04012875952759882,22.0,0.037348161341940696,-0.9892784494352805,large
fakebr,non_svo_ratio,morphosyntax,False,False,10,0.174009,0.1303252760041411,10,0.263931,0.048554786799152067,0.07637478842392072,0.6867912779777943,-2.0446195965844907,0.05580029435940469,31.5,0.17280783258511112,-0.9143816812182236,large
fakebr,postponed_subject_ratio,morphosyntax,False,False,10,0.022843000000000002,0.03270600184471754,10,0.041161,0.048235372325020294,0.0031381268265485134,0.04545843535582688,-0.9939690862562155,0.33341287816626497,39.5,0.41867027690786995,-0.44451648888045003,small
fakebr,relative_pronouns_ratio,morphosyntax,False,False,10,0.12168100000000001,0.16338990139132425,10,0.568933,0.2260086343999568,0.006956431558480261,0.9584638258127509,-5.071413649419739,7.956604384912098e-05,4.5,0.0006002966209433625,-2.268005132424565,large
fakebr,relative_pronouns_diversity_ratio,complexity_lexical_diversity,False,False,10,0.4071429999999999,0.4617452424600003,10,0.377738,0.20678989561603073,0.00466172286854456,0.24644216973353522,0.18379175735085104,0.856231409564188,45.5,0.7597260281090117,0.08219417262812993,negligible
fakebr,subjunctive_future_ratio,morphosyntax,False,False,10,0.0,0.0,10,0.006528000000000001,0.014533515136477555,,9.362937551656839e-06,-1.4203961238370066,0.17258283648337372,40.0,0.16807831903497028,-0.6352204575753513,medium
fakebr,subjunctive_imperfect_ratio,morphosyntax,False,False,10,0.005351,0.012893530203598666,10,0.016802,0.028385812496934292,3.7895797414900507e-06,0.00027950809421885514,-1.161477622487772,0.2606187801544541,42.0,0.4562028338837304,-0.5194285836454994,medium
fakebr,subjunctive_present_ratio,morphosyntax,False,False,10,0.032794000000000004,0.043243277499385835,10,0.015689,0.0232793033735023,0.00176633116856807,0.002695935112637258,1.1013942332400437,0.28523557958136414,58.0,0.522232153437141,0.4925584751101993,small
fakebr,subordinate_clauses,morphosyntax,False,False,10,0.30389600000000005,0.22174076101008883,10,0.564628,0.08379172059338559,0.019503692172698896,0.13807041387775265,-3.4782817028085082,0.002683008769060566,11.5,0.004002752246609068,-1.5555348664747095,large
fakebr,temporal_adjunct_ratio,morphosyntax,False,False,10,0.053916000000000006,0.06173249481071987,10,0.09931000000000001,0.07137796423111112,0.022720656141734585,0.6819042534379204,-1.5211220589490515,0.14560190264791018,31.0,0.1562525827106394,-0.6802664651769043,medium
fakebr,adverbs_before_main_verb_ratio,morphosyntax,False,False,10,0.146233,0.11490394723420079,10,0.21512799999999999,0.0387867677321933,0.15882329678492635,0.40525757296610104,-1.7964733516415643,0.08922192741875032,31.0,0.16102465710614677,-0.8034073068074844,large
fakebr,verbal_time_moods_diversity,morphosyntax,False,False,10,3.4,2.836272984824353,10,6.0,1.5634719199411433,0.15655867566592896,0.10173956949687624,-2.5386837641260653,0.020580682044701,23.5,0.047069540401444114,-1.1353338939921849,large
fakebr,ratio_function_to_content_words,morphosyntax,False,False,10,0.6439489999999999,0.11886923136605013,10,0.621447,0.04295061325393259,0.8159722560776688,0.5394105195608191,0.5629961868818627,0.5803832457473449,61.0,0.4273553138978077,0.25177954898820415,small
faketruebr,adjective_ratio,morphosyntax,False,False,9,0.06656777777777778,0.019561474751266697,9,0.07910111111111112,0.02338041351454484,0.6296389990802117,0.1838333097274118,-1.2334201456603515,0.23523263194723745,31.0,0.42677673653298365,-0.5814398326990226,medium
faketruebr,adverbs,morphosyntax,False,False,9,0.03285888888888889,0.029956080119253103,9,0.03075111111111111,0.015669941324431023,0.027090064215001555,0.30059247182770843,0.18704208645471046,0.8539788351578851,32.0,0.4797019324076398,0.0881724851329375,negligible
faketruebr,content_words,morphosyntax,False,False,9,0.5959077777777778,0.04744334088620282,9,0.6295533333333334,0.033058308335424544,0.9649379494443414,0.5819733231995925,-1.7455562758116439,0.10005842887116743,22.0,0.11196135426374831,-0.8228631197127659,large
faketruebr,flesch,complexity_readability,False,False,9,47.412195555555556,15.492670755170096,9,31.381683333333335,12.406146617911824,0.8827360952346059,0.130906350589168,2.4230155046225983,0.027622864203988445,66.0,0.0272753837615853,1.1422204628258559,large
faketruebr,function_words,morphosyntax,False,False,9,0.4040922222222222,0.047443340886202834,9,0.37044666666666665,0.033058308335424544,0.9649379494443433,0.5819733231995944,1.7455562758116405,0.10005842887116818,59.0,0.11196135426374831,0.8228631197127643,large
faketruebr,sentences_per_paragraph,complexity_descriptive,True,False,9,4.111111111111111,1.9808107206674521,9,2.1740533333333336,0.5179292966467528,0.09578124328920362,0.0519476952481171,2.8383134031518797,0.011864364673378857,73.0,0.0045271688850123245,1.337993769667574,large
faketruebr,syllables_per_content_word,complexity_descriptive,False,False,9,2.80328,0.3003591955059807,9,2.989238888888889,0.1740198098956297,0.5918636489185165,0.4678850502671977,-1.6071162924484481,0.12758109123368488,24.0,0.1577043874630777,-0.7576018856971202,medium
faketruebr,words_per_sentence,complexity_descriptive,False,False,9,17.403512222222222,5.743597798263684,9,20.286582222222226,6.561532834941805,0.7871306219268145,0.5812639939518383,-0.9918543005422903,0.3360325587865601,32.0,0.47992869214595724,-0.46756460124166227,small
faketruebr,noun_ratio,morphosyntax,False,False,9,0.3239755555555555,0.0367423672723707,9,0.37570666666666663,0.03552702879498932,0.6104017996347857,0.3807336383475034,-3.0364926357064244,0.007857470487987683,14.0,0.021684111364991994,-1.4314163558206836,large
faketruebr,paragraphs,complexity_descriptive,True,False,9,2.0,0.0,9,7.666666666666667,4.330127018922193,,0.09966728137207564,-3.925981830489456,0.0012059423645856123,0.0,0.0001553377236003895,-1.8507255834361793,large
faketruebr,sentences,complexity_descriptive,False,False,9,8.222222222222221,3.9616214413349042,9,15.222222222222221,6.036923425424944,0.09578124328920362,0.025733118233501318,-2.908294679623594,0.010262759054066416,8.5,0.005197587732203797,-1.3709832597670675,large
faketruebr,words,complexity_descriptive,False,False,9,135.11111111111111,57.19144263883463,9,284.1111111111111,69.5385584486126,0.3436252624109444,0.9234563170489996,-4.964683572894045,0.00014053926022723705,4.0,0.0014784647972275091,-2.3403742805592245,large
faketruebr,pronoun_ratio,morphosyntax,False,False,9,0.08193444444444445,0.02927848916487628,9,0.03346111111111111,0.01418217406151508,0.3796512559674597,0.7480886899191863,4.4699906332911485,0.0003868289584752028,77.0,0.0014784647972275091,2.1071737924270137,large
faketruebr,verbs,morphosyntax,False,False,9,0.17250444444444446,0.03746691610978648,9,0.14399666666666666,0.01189144019873119,0.7197410638764988,0.4172639860643032,2.175683013429313,0.04491153987267334,59.0,0.11196135426374831,1.0256268083388331,large
faketruebr,logic_operators,cohesion_connectives,False,False,9,0.056276666666666676,0.02531446375098631,9,0.03488555555555556,0.012669878759395362,0.8068229067158947,0.025196784306415254,2.266960985444878,0.03760556174678853,64.0,0.04226010608395664,1.0686556569956074,large
faketruebr,and_ratio,cohesion_connectives,False,False,9,0.039462222222222225,0.022783481284572044,9,0.023672222222222223,0.008345306731597373,0.6552933649910714,0.5200370841672062,1.9522924378137094,0.06862868442909108,57.0,0.15748992952257435,0.9203194810915266,large
faketruebr,if_ratio,cohesion_connectives,False,False,9,0.0030866666666666664,0.00926,9,0.000977777777777778,0.002001135788607171,3.2174928554139623e-07,4.3394478611342797e-05,0.6678094131608296,0.5137735351886782,37.0,0.6834580299010776,0.31480837639082093,small
faketruebr,or_ratio,cohesion_connectives,False,False,9,0.003142222222222222,0.006241663996439127,9,0.00145,0.002239095799647706,2.297771036357915e-05,0.0010588643525690296,0.7655806299616126,0.4550719142518667,39.0,0.9110200046414229,0.36089816999395014,small
faketruebr,negation_ratio,cohesion_connectives,False,False,9,0.009323333333333333,0.01268557645517144,9,0.008402222222222222,0.009747625066878826,0.010527663424294072,0.007124437298383354,0.1727285611522097,0.8650308944122903,37.0,0.7849225837845013,0.08142502459688182,negligible
faketruebr,cw_freq,complexity_frequency,False,False,9,189142.01546555557,132986.73715887874,9,455437.6732222222,238695.9185186685,0.06315843869123836,0.14853572647266544,-2.92373371983508,0.009938844192880015,9.0,0.006193318174044277,-1.3782612931194365,large
faketruebr,cw_freq_brwac,complexity_frequency,False,False,9,3.964941111111111,0.4345796217450963,9,4.128175555555555,0.17392269670108534,0.41096390097896696,0.21170462276855379,-1.0461727310058702,0.3110295842245648,26.0,0.21637300805763748,-0.49317055492446715,small
faketruebr,cw_freq_bra,complexity_frequency,False,False,9,4.1157844444444445,0.3946370902205947,9,4.331964444444444,0.17114971443966165,0.57440009839158,0.03432348678960226,-1.5076999516884348,0.15112160015698944,28.0,0.28931483238198774,-0.7107365732223482,medium
faketruebr,min_cw_freq,complexity_frequency,False,False,9,2316.4853844444447,2436.9511804877015,9,1741.3822355555556,2514.471595275259,0.018250135301358838,0.002177603300059087,0.49271838575385635,0.6289047032390845,44.0,0.7910815129207817,0.23226967452122732,small
faketruebr,min_cw_freq_brwac,complexity_frequency,False,False,9,1.4930199999999998,0.6023231901977543,9,1.4950455555555555,0.41965818707345354,0.5323175249660543,0.1543246563323265,-0.008277683482371694,0.9934977725965123,43.0,0.859819205054158,-0.003902137415267266,negligible
faketruebr,min_freq_brwac,complexity_frequency,False,False,9,1.1921922222222223,0.5623832537464504,9,1.2383566666666666,0.46643856195108907,0.3790110838310232,0.1538264089532005,-0.18954981758394077,0.8520456729839977,37.0,0.7910815129207817,-0.08935464092418507,negligible
faketruebr,min_cw_freq_bra,complexity_frequency,False,False,9,1.590538888888889,0.6799891041671999,9,1.5376322222222223,0.6079666249840072,0.6194542973642987,0.3102674581079119,0.1740074118327477,0.86404222675499,43.0,0.859819205054158,0.08202788058910412,negligible
faketruebr,min_freq_bra,complexity_frequency,False,False,9,1.2980044444444445,0.6137110794606676,9,1.2518166666666666,0.5974066342115728,0.6091602094151352,0.5594157257670375,0.16178476156642538,0.8735007467322964,39.0,0.9296365245070707,0.07626606799751208,negligible
faketruebr,freq_brwac,complexity_frequency,False,False,9,4.973186666666667,0.286146206422521,9,5.1003533333333335,0.19071104038571018,0.34824005312859246,0.5207301120229421,-1.1094131785886523,0.28364887453343457,34.0,0.5962416305866567,-0.5229823878118388,medium
faketruebr,freq_bra,complexity_frequency,False,False,9,5.095926666666666,0.2458607546966371,9,5.252556666666667,0.1750895063960145,0.16583465336091668,0.8851254178911834,-1.5567821634292924,0.13907945333974617,30.0,0.37722461666745344,-0.7338741497274112,medium
faketruebr,hypernyms_verbs,semantics_lexical,False,False,9,0.4403222222222223,0.25573827239864677,9,0.8359444444444445,0.21227436598133506,0.3332344367982949,0.5998715709219885,-3.571038701489158,0.0025505909852826815,7.5,0.004087846914740396,-1.6834037878017243,large
faketruebr,brunet,complexity_readability,False,False,9,10.51025111111111,1.1597203706868786,9,11.060234444444445,0.4305495215161406,0.7149665266815247,0.11940986262910303,-1.3337642008221602,0.20095775426495313,21.0,0.0933976745287926,-0.6287424739368038,medium
faketruebr,honore,complexity_readability,False,False,9,738.2136311111111,221.86410710007925,9,1134.0475255555555,116.53439737944804,0.2535767004890303,0.4450241938570238,-4.738498658147329,0.0002225971261582412,2.0,0.0007922682038502908,-2.233749689212888,large
faketruebr,personal_pronouns,morphosyntax,False,False,9,0.012993333333333332,0.015130109880632065,9,0.0019933333333333335,0.0031138601445793936,0.04239732646382239,0.0011966384459039918,2.1363078717899096,0.04845116114295294,57.0,0.12089024824604976,1.0070651885632311,large
faketruebr,ttr,complexity_lexical_diversity,False,False,9,0.6907000000000001,0.08712399038152466,9,0.7651388888888888,0.031729799654443315,0.01697519833806332,0.19146116281182374,-2.408453860429548,0.028436571155618914,15.0,0.0272753837615853,-1.1353560379231014,large
faketruebr,conn_ratio,cohesion_connectives,False,False,9,0.09020444444444446,0.03164947278830688,9,0.07686333333333334,0.020706932414049164,0.9142005663960107,0.006221597896781732,1.0582163298447171,0.3056724427675621,53.0,0.28931483238198774,0.4988479618636932,small
faketruebr,add_neg_conn_ratio,cohesion_connectives,False,False,9,0.003306666666666667,0.00493004310325985,9,0.0029211111111111113,0.003937976778894349,0.0031194057231899216,0.009029030381911385,0.18331408857469533,0.8568544512720287,42.5,0.8843865982554597,0.08641509007879898,negligible
faketruebr,add_pos_conn_ratio,cohesion_connectives,False,False,9,0.040511111111111116,0.022169945559498135,9,0.030432222222222225,0.0089764661445607,0.7768325664436506,0.08554681743393378,1.264166354679466,0.22427715158876055,53.0,0.289065869397231,0.5959337346278191,medium
faketruebr,cau_neg_conn_ratio,cohesion_connectives,False,False,9,0.0,0.0,9,0.0023366666666666666,0.0019332679586648097,,0.18001288777477387,-3.6259846797654367,0.0022710579878380817,13.5,0.005316503371454246,-1.7093055703604483,large
faketruebr,cau_pos_conn_ratio,cohesion_connectives,False,False,9,0.039286666666666664,0.02805476563794465,9,0.037529999999999994,0.01775116404633792,0.6357782727252841,0.3926973099929113,0.1587397139467367,0.8758603092734357,44.0,0.7910815129207817,0.07483061878356685,negligible
faketruebr,log_neg_conn_ratio,cohesion_connectives,False,False,9,0.0,0.0,9,0.0030155555555555556,0.0025883446018213608,,0.21580288653637902,-3.495155421075203,0.002994026616907359,13.5,0.005316503371454246,-1.6476320663621327,large
faketruebr,log_pos_conn_ratio,cohesion_connectives,False,False,9,0.028443333333333334,0.01811208091302598,9,0.02860888888888889,0.013324935688817081,0.9602022282575059,0.8136445942128296,-0.022088228467757407,0.9826506993457746,37.0,0.7910815129207817,-0.010412490755966003,negligible
faketruebr,tmp_neg_conn_ratio,cohesion_connectives,False,False,9,0.0,0.0,9,0.0,0.0,,,,,40.5,,0.0,negligible
faketruebr,tmp_pos_conn_ratio,cohesion_connectives,False,False,9,0.008611111111111111,0.012527770596203905,9,0.008655555555555555,0.00518989911055868,0.005494956415240901,0.33262514189593234,-0.009832668195628594,0.9922763505153374,28.0,0.2842893298762187,-0.004635164238857515,negligible
faketruebr,adjectives_ambiguity,semantics_lexical,False,False,9,2.7655966666666667,1.4054760529176582,9,2.546981111111111,0.7503410933276353,0.8205594947448682,0.7016998753947923,0.4116465226091184,0.6860601903218951,46.0,0.6588432549492806,0.19405203172584604,negligible
faketruebr,adverbs_ambiguity,semantics_lexical,False,False,9,1.8003366666666665,1.5149766466186863,9,2.5697088888888886,0.7833781933626383,0.12574688082437407,0.2255701435281271,-1.3533127271385432,0.1947680205756972,32.0,0.478791956598943,-0.6379577376171491,medium
faketruebr,nouns_ambiguity,semantics_lexical,False,False,9,2.6157911111111107,1.2438465732802864,9,2.7367077777777777,0.39799996274427524,0.35224486972693214,0.92282995753067,-0.27776283780648847,0.784751551521994,33.0,0.5364994693194564,-0.13093865744972474,negligible
faketruebr,verbs_ambiguity,semantics_lexical,False,False,9,9.212925555555556,2.4962573192937816,9,8.125171111111111,1.1802690776836064,0.023303947601491567,0.6391292911617042,1.1818194036261689,0.2545450088170778,49.0,0.47992869214595724,0.5571150096279369,medium
faketruebr,yngve,morphosyntax,False,False,9,2.375061111111111,0.5153321069088469,9,2.5338577777777775,0.44726860178694017,0.0011542152386907931,0.1899972663888157,-0.698149627013443,0.49510600523345955,27.0,0.25099827044292256,-0.3291108903627096,small
faketruebr,frazier,morphosyntax,False,False,9,6.913811111111111,0.3589059691424916,9,6.8374911111111105,0.6575333834955539,0.27372773421773333,0.3590528426393649,0.30564328069063357,0.7638169406632276,39.0,0.9296365245070707,0.14408162426696688,negligible
faketruebr,dep_distance,morphosyntax,False,False,9,42.04319666666666,23.230024154775432,9,49.23492666666667,18.352062183015022,0.06099030538356829,0.8666330652272582,-0.7287783530806197,0.47667000401185644,31.0,0.42677673653298365,-0.34354941029684677,small
faketruebr,cross_entropy,cohesion_semantic_lsa,False,False,9,0.5813677777777778,0.0779311825872317,9,0.6046755555555556,0.07884961780362527,0.5044777495874785,0.5895580264675983,-0.6307202755137078,0.5371292361548576,34.0,0.5962416305866567,-0.29732438923172694,small
faketruebr,content_density,complexity_lexical_diversity,False,False,9,1.5065066666666667,0.3072139586265572,9,1.7197033333333334,0.256454832719136,0.7794295476123917,0.3445511476244845,-1.5982285139338284,0.12955060550167882,22.0,0.11196135426374831,-0.753412146725539,medium
faketruebr,words_before_main_verb,morphosyntax,False,False,9,4.104893333333333,2.5765116570132185,9,6.015719999999999,1.8569303809243896,0.06982348730322246,0.6545909550468707,-1.8049704220777263,0.08993206419764117,18.0,0.052058768750600205,-0.8508712168615368,large
faketruebr,adjacent_refs,cohesion_referential,False,False,9,0.3425933333333333,0.8764328303840517,9,0.7777777777777778,1.3944333775567928,2.24673821412979e-06,0.0004686762643977826,-0.7926900817463737,0.4395548906301614,38.0,0.8333906093346101,-0.3736776881214529,small
faketruebr,anaphoric_refs,cohesion_referential,False,True,9,0.5362655555555556,1.3031975172926695,9,3.111111111111111,6.5659052011974035,2.111707809947156e-06,3.0105165514762815e-05,-1.153951897491216,0.26546618464220023,43.0,0.845890043794173,-0.5439781412527485,medium
faketruebr,adj_arg_ovl,cohesion_referential,False,False,9,0.9354933333333333,0.9559007094489468,9,0.5003277777777778,0.4245891037749844,0.005672810995410228,0.4460688752631313,1.248138343014743,0.2299374319071378,51.5,0.3533396374079809,0.5883780574697772,medium
faketruebr,arg_ovl,cohesion_referential,False,False,9,0.7212111111111112,0.5965399440407247,9,0.5900433333333335,0.44756573547915846,0.16390290823495773,0.2798619938664779,0.5276460445078195,0.6049857390226234,44.0,0.7910815129207817,0.248734730758492,small
faketruebr,adj_stem_ovl,cohesion_referential,False,False,9,1.675001111111111,1.833911569797222,9,0.7324766666666667,0.47199469316402276,0.008063486067693179,0.09189979990478953,1.4931659938853228,0.15485040786836998,54.0,0.2507536199295268,0.7038851998089751,medium
faketruebr,stem_ovl,cohesion_referential,False,False,9,1.4430677777777778,1.2608581874340368,9,0.8120155555555555,0.4802441388791515,0.1613260401370598,0.3652690531817676,1.4031477491998485,0.1796809471753556,49.0,0.4797019324076398,0.6614501923105692,medium
faketruebr,adj_cw_ovl,cohesion_referential,False,False,9,1.4876544444444444,1.6465960685085392,9,0.56874,0.4091095782611305,0.0073998267671629096,0.021582183540918697,1.624807655256821,0.12373659208357655,55.5,0.19994626599545495,0.7659416741039416,medium
faketruebr,lsa_adj_mean,cohesion_semantic_lsa,False,False,9,0.7190766666666666,0.08375205848216508,9,0.69489,0.18203546604988818,0.5348747109575954,0.03450400189218445,0.3621157128228111,0.72200388711203,37.0,0.7910815129207817,0.17070298407414009,negligible
faketruebr,lsa_adj_std,cohesion_semantic_lsa,False,False,9,0.15459555555555554,0.08909638111493517,9,0.15655888888888891,0.13091662761510134,0.07273959403807058,0.012930028353079125,-0.03719415188028427,0.9707903140013536,44.0,0.7910815129207817,-0.01753349134335426,negligible
faketruebr,lsa_all_mean,cohesion_semantic_lsa,False,False,9,0.6874100000000001,0.09967003875287694,9,0.6852444444444444,0.17926685876864631,0.5246478437358271,0.01400457658439573,0.031673831001376974,0.9751239136956478,34.0,0.5962416305866567,0.014931187124820236,negligible
faketruebr,lsa_all_std,cohesion_semantic_lsa,False,True,9,0.15721777777777776,0.08319046441416494,9,0.16683222222222222,0.1450725009071135,0.2503329391089929,0.012265597224109526,-0.17247452685011372,0.8652273136154874,46.0,0.6588432549492806,-0.08130527167843779,negligible
faketruebr,lsa_paragraph_mean,cohesion_semantic_lsa,True,False,9,0.8467611111111112,0.07492254975046637,9,0.8222811111111111,0.1438075457377363,0.5796406435848991,0.005555621159451298,0.45290211611344333,0.6567003552906981,34.0,0.5962416305866567,0.2135001050117019,small
faketruebr,lsa_paragraph_std,cohesion_semantic_lsa,True,False,9,0.0,0.0,9,0.061115555555555555,0.07185723712875258,,0.008001470672878007,-2.551540721474571,0.021336683914974685,0.0,0.00016100130228057156,-1.2028078310855232,large
faketruebr,lsa_givenness_mean,cohesion_semantic_lsa,False,False,9,0.7805444444444444,0.0706643363216395,9,0.796038888888889,0.12073680243037377,0.9698295563824906,0.021473191303634898,-0.3322712072804183,0.7439977257124345,30.0,0.37722461666745344,-0.15663414924068314,negligible
faketruebr,lsa_givenness_std,cohesion_semantic_lsa,False,False,9,0.13678555555555555,0.07773097759437853,9,0.13742666666666667,0.12159547020756982,0.10571774644074722,0.02512632973415535,-0.01332708990187821,0.98953160079523,45.0,0.7239320396139757,-0.006282450428733894,negligible
faketruebr,lsa_span_mean,cohesion_semantic_lsa,False,False,9,0.8202722222222222,0.062242447288361376,9,0.8200477777777778,0.11085520925714068,0.512820885907905,0.020888502714797905,0.005296257997135807,0.9958396910496209,33.0,0.5364994693194564,0.0024966799631254743,negligible
faketruebr,lsa_span_std,cohesion_semantic_lsa,False,False,9,0.1305711111111111,0.06683788024848718,9,0.1356511111111111,0.12943493041335907,0.34501055048040463,0.015288651817231111,-0.10461767854869794,0.9179794301384273,47.0,0.5962416305866567,-0.04931724662251915,negligible
faketruebr,first_person_pronouns,morphosyntax,False,False,9,0.07407333333333334,0.14698471408619335,9,0.0,0.0,1.686024697093527e-05,,1.511857892036909,0.15006873170736842,49.5,0.1685887715743528,0.7126966450997984,medium
faketruebr,second_person_pronouns,morphosyntax,False,False,9,0.12963,0.26057951204958535,9,0.1111111111111111,0.3333333333333333,3.836933899716199e-05,3.2174928554139273e-07,0.131308894851911,0.8971678825468204,44.0,0.6834580299010776,0.06189960665326507,negligible
faketruebr,simple_word_ratio,complexity_simplicity,False,False,9,0.605,0.13715290910148428,9,0.6274933333333333,0.03946623525242811,0.29409959112754963,0.44805536626716747,-0.4728196372405355,0.6427274411300353,39.0,0.9296365245070707,-0.2228893145139641,small
faketruebr,third_person_pronouns,morphosyntax,False,False,9,0.35185222222222223,0.44444473958462427,9,0.2222222222222222,0.44095855184409843,0.0062707848220241065,1.686024697093527e-05,0.6211511234378218,0.5432488708317262,47.5,0.4910031496066647,0.2928134476830173,small
faketruebr,adjunct_per_clause,morphosyntax,False,False,9,0.6112077777777779,0.27293979989998607,9,0.856458888888889,0.27195053145951215,0.8187048347180317,0.9563524870842801,-1.9095780707185852,0.07428488137405424,23.0,0.1333202155896274,-0.9001837353401575,large
faketruebr,apposition_per_clause,morphosyntax,False,False,9,0.019564444444444447,0.03258645543439448,9,0.04039,0.049364276557040725,0.0009415622651061749,0.006313193017204905,-1.0562432509381579,0.30654547329074416,30.0,0.332343245607183,-0.49791784354726365,small
faketruebr,aux_plus_PCP_per_sentence,morphosyntax,False,False,9,0.13809666666666665,0.2213914638711258,9,0.2646711111111111,0.15396622060085488,0.001595755196555523,0.08816695511721218,-1.4081243685136962,0.17822796330014337,18.0,0.04928459732490346,-0.6637961931533731,medium
faketruebr,clauses_per_sentence,morphosyntax,False,False,9,2.943254444444445,0.7301303708433019,9,2.593202222222222,0.8193403878849403,0.1437351869216713,0.1008027337058996,0.9569011848138528,0.35285354180479833,48.0,0.5362890990054856,0.4510875444715447,small
faketruebr,coordinate_conjunctions_per_clauses,morphosyntax,False,False,9,0.26078222222222225,0.18798011369409384,9,0.22699555555555553,0.06669972303374114,0.14035157240167756,0.711770752607531,0.508165137836204,0.6182716389591726,38.0,0.859819205054158,0.2395513432843843,small
faketruebr,ratio_coordinate_conjunctions,morphosyntax,False,False,9,0.6960088888888889,0.31083992658780357,9,0.6879577777777778,0.18549207764603975,0.11139838732285573,0.9434525988383685,0.0667257926393466,0.9476266838499385,42.5,0.8938607824181172,0.03145484030355293,negligible
faketruebr,first_person_possessive_pronouns,morphosyntax,False,False,9,0.2222222222222222,0.44095855184409843,9,0.16666666666666666,0.3535533905932738,1.686024697093527e-05,3.5871000685025444e-05,0.2948839123097942,0.7718744456549054,41.5,0.9514722492227051,0.13900960937138318,negligible
faketruebr,gerund_verbs,morphosyntax,False,False,9,0.026604444444444444,0.03699060796712833,9,0.06389888888888888,0.05073201588850093,0.009803870371524285,0.6097178224972362,-1.7819878760518573,0.09373702868756577,21.0,0.0839114330871636,-0.8400371407656542,large
faketruebr,infinitive_verbs,morphosyntax,False,False,9,0.18045999999999998,0.0818114333391122,9,0.13885333333333336,0.06022454649061294,0.7116235698119378,0.6082156026583909,1.2286893277836086,0.23695459667560828,55.0,0.21637300805763748,0.5792097037648869,medium
faketruebr,inflected_verbs,morphosyntax,False,False,9,0.6935322222222222,0.12967868153418452,9,0.5991755555555556,0.05532435542125889,0.002210226496265737,0.3792364421021266,2.0077732321322372,0.06186172211720007,69.0,0.013370802370827226,0.946473378350358,large
faketruebr,non-inflected_verbs,morphosyntax,False,False,9,0.3064677777777778,0.12967868153418452,9,0.4008244444444445,0.055324355421258894,0.0022102264962656974,0.37923644210212915,-2.007773232132238,0.06186172211719999,12.0,0.013370802370827226,-0.9464733783503586,large
faketruebr,participle_verbs,morphosyntax,False,False,9,0.09940333333333334,0.0774389170572523,9,0.1980722222222222,0.07346644859692379,0.2701458121210739,0.8599125031977366,-2.7730735262656574,0.01357413782492391,14.0,0.021616393562166825,-1.3072393967675586,large
faketruebr,passive_ratio,morphosyntax,False,False,9,0.04569111111111111,0.06255425354131493,9,0.06888999999999999,0.03963533209145597,0.010661624709905226,0.6153690205507694,-0.9398097509672619,0.36128797447226546,25.5,0.19194414238526836,-0.4430305652894609,small
faketruebr,prepositions_per_clause,morphosyntax,False,False,9,1.01195,0.3536663086159042,9,1.4778044444444445,0.24713659669862292,0.4672960641163309,0.9604576422308416,-3.2391612192856343,0.005136830342589042,12.0,0.013370802370827226,-1.5269552423422383,large
faketruebr,prepositions_per_sentence,morphosyntax,False,False,9,2.963888888888889,1.1504234466430658,9,3.9137222222222223,1.4980946323645394,0.6812578701730527,0.35950178705923413,-1.5085883369149484,0.15089612781346806,21.0,0.09322859050277345,-0.7111553620343306,medium
faketruebr,relative_clauses,morphosyntax,False,False,9,0.06060111111111112,0.05711128335198844,9,0.11050333333333334,0.07870580315326182,0.1850373511060487,0.8744536835463875,-1.5395027558631544,0.14322342003499644,22.5,0.12015242747688654,-0.7257285588841429,medium
faketruebr,second_person_possessive_pronouns,morphosyntax,False,False,9,0.0,0.0,9,0.0,0.0,,,,,40.5,,0.0,negligible
faketruebr,sentences_with_five_clauses,morphosyntax,False,False,9,0.04232888888888889,0.06815836328808894,9,0.035612222222222226,0.05716590653041762,0.0007597577416142427,0.0010238284927015378,0.22651170809902843,0.8236719298353753,41.0,1.0,0.10677864320998054,negligible
faketruebr,sentences_with_four_clauses,morphosyntax,False,False,9,0.0842588888888889,0.11640104353531851,9,0.18768555555555555,0.17232449231835206,0.008825230262716246,0.2704200037531286,-1.492059580209026,0.15513737756390744,26.5,0.21226181926343335,-0.7033636314001037,medium
faketruebr,sentences_with_one_clause,morphosyntax,False,False,9,0.27592555555555554,0.1642611812869303,9,0.20839444444444444,0.19946879593755457,0.9792911193155948,0.1559864933621331,0.7840359384568631,0.4444719077033032,51.5,0.3515905210251178,0.3695980858512044,small
faketruebr,sentences_with_seven_more_clauses,morphosyntax,False,False,9,0.10529111111111111,0.1380207993786122,9,0.0,0.0,0.0063528487278665296,,2.28859226113337,0.03604430508582885,63.0,0.013871281068231756,1.07885273814564,large
faketruebr,sentences_with_six_clauses,morphosyntax,False,False,9,0.07844000000000001,0.08180740415757,9,0.04026,0.06962315042426621,0.05671510037310562,0.0006587608989491327,1.066245937637158,0.30213821669241975,51.0,0.3317411259419031,0.5026331552772288,medium
faketruebr,sentences_with_three_clauses,morphosyntax,False,False,9,0.1628311111111111,0.15980045763736447,9,0.27867555555555557,0.156371409480051,0.13838756238819255,0.01110755222219816,-1.554399683924618,0.13964474605252664,23.5,0.14324879912768793,-0.7327510381182156,medium
faketruebr,sentences_with_two_clauses,morphosyntax,False,False,9,0.17685222222222222,0.15372660023380616,9,0.18921222222222223,0.11183607029686103,0.23043070501707752,0.44889568214319225,-0.19505209216830016,0.84780750419575,34.0,0.5945247088065448,-0.09194843803788569,negligible
faketruebr,sentences_with_zero_clause,morphosyntax,False,False,9,0.07407444444444444,0.12567499662931278,9,0.06016111111111111,0.10351634381155042,0.0007755981036526374,0.0007307253627328302,0.2563591990761087,0.8009405326048095,41.0,1.0,0.1208488853908457,negligible
faketruebr,ratio_subordinate_conjunctions,morphosyntax,False,False,9,0.30399111111111116,0.31083992658780357,9,0.3120422222222222,0.18549207764603975,0.1113983873228564,0.943452598838368,-0.06672579263934614,0.947626683849939,38.5,0.8938607824181172,-0.031454840303552715,negligible
faketruebr,third_person_possessive_pronouns,morphosyntax,False,False,9,0.5555555555555556,0.5270462766947299,9,0.6111111111111112,0.485912657903775,0.00041939088320689917,0.0018938757027556032,-0.2324952774876387,0.8191011967513478,38.5,0.8801684549067255,-0.10959932487023825,negligible
faketruebr,negative_words,semantics_lexical,False,False,9,0.26898222222222223,0.07668022997777488,9,0.2712366666666666,0.059698226523071864,0.4480219948910353,0.2866298016143545,-0.06959673648361231,0.9453770523064134,38.0,0.859819205054158,-0.03280821621067697,negligible
faketruebr,positive_words,semantics_lexical,False,False,9,0.4831244444444444,0.22660287090585984,9,0.4152722222222222,0.10265394302921074,0.2857452872316337,0.522491527675222,0.8182512773827423,0.4252328369070221,44.0,0.7910815129207817,0.3857273513012612,small
faketruebr,abstract_nouns_ratio,semantics_lexical,False,False,9,0.027205555555555552,0.02421817763122935,9,0.04560555555555555,0.011205527777743345,0.21680093860576993,0.4825135831952324,-2.068585470171629,0.055143856730640664,15.0,0.0272753837615853,-0.9751405422815477,large
faketruebr,demonstrative_pronoun_ratio,cohesion_referential,False,True,9,0.40694444444444444,0.6450804213451046,9,1.7962966666666667,1.5806507147690787,0.0011605408946131286,0.247312799223591,-2.4414353012552,0.026625028435476657,19.0,0.06028011121512414,-1.1509036382305158,large
faketruebr,coreference_pronoun_ratio,cohesion_referential,False,False,9,0.3425933333333333,0.8764328303840517,9,0.5555555555555556,1.3333333333333335,2.24673821412979e-06,7.2451625447251e-06,-0.40040741036059924,0.6941520334721025,43.0,0.8231431862266185,-0.18875386340221625,negligible
faketruebr,adjective_diversity_ratio,complexity_lexical_diversity,False,False,9,0.7882677777777778,0.22192115394762266,9,0.8743066666666667,0.09094579443272788,0.0656294439250701,0.43561138649746006,-1.0762324821501872,0.2977843434139338,35.0,0.6570148787268155,-0.5073408575077515,medium
faketruebr,adjectives_max,morphosyntax,False,False,9,0.1468911111111111,0.1521145937644088,9,0.16037222222222225,0.123499188942456,0.04671053446608113,0.5326193810236031,-0.20641098204197092,0.8390736199181208,34.5,0.6248751074865007,-0.09730307007550155,negligible
faketruebr,adjectives_min,morphosyntax,False,False,9,0.005555555555555556,0.01666666666666667,9,0.0,0.0,3.2174928554139273e-07,,0.9999999999999999,0.33219498465297953,45.0,0.37406279749088245,0.4714045207910316,small
faketruebr,adjectives_standard_deviation,morphosyntax,False,False,9,0.051263333333333334,0.05169347420129547,9,0.04623888888888889,0.031077669010257367,0.12876706565121948,0.48728709650717383,0.24990546887001835,0.8058407422164522,37.0,0.790020456464368,0.11780656779572907,negligible
faketruebr,adverbs_diversity_ratio,complexity_lexical_diversity,False,False,9,0.6785488888888889,0.35001353761120596,9,0.7794966666666667,0.15347645022934303,0.06402982788714245,0.42776143338776706,-0.7924022199566084,0.43971789288750446,33.0,0.5289628848192771,-0.37354198877239464,small
faketruebr,adverbs_max,morphosyntax,False,False,9,0.05946888888888889,0.06444357307840023,9,0.10583888888888889,0.07488361994529318,0.07387446369610222,0.31914705639813634,-1.4080615387941382,0.17824624731853836,25.5,0.19526216937469132,-0.6637665749395334,medium
faketruebr,adverbs_min,morphosyntax,False,False,9,0.0,0.0,9,0.0,0.0,,,,,40.5,,0.0,negligible
faketruebr,adverbs_standard_deviation,morphosyntax,False,False,9,0.02428,0.026791593830901513,9,0.032147777777777775,0.023418604130999023,0.05952072962629864,0.7526083586009333,-0.6633132400584199,0.5165737324671672,32.0,0.4753370978324023,-0.31268886006408597,small
faketruebr,concretude_mean,complexity_psycholinguistic,False,False,9,4.1769622222222225,0.1867930624232186,9,4.0591944444444445,0.10578299037547464,0.5228558896904311,0.7006292286558176,1.6458245627613817,0.11929855295672546,55.0,0.21637300805763748,0.7758491393146383,medium
faketruebr,concretude_std,complexity_psycholinguistic,False,False,9,0.7244533333333334,0.10328420099415013,9,0.7195588888888889,0.06434711734888449,0.09135158130753984,0.825693166869494,0.12066292518701126,0.905460305335867,42.0,0.9296365245070707,0.05688104842502715,negligible
faketruebr,concretude_1_25_ratio,complexity_psycholinguistic,False,False,9,0.0,0.0,9,0.004275555555555556,0.006993239791239663,,0.0011960032307699036,-1.8341522741340086,0.08529739218161655,27.0,0.0772429808859699,-0.8646276738459232,large
faketruebr,concretude_25_4_ratio,complexity_psycholinguistic,False,False,9,0.4557122222222223,0.12024393786983377,9,0.49425777777777774,0.08176352789871805,0.3659479092850497,0.9581644330624927,-0.7952491817614623,0.4381074675605058,30.0,0.37722461666745344,-0.3748840594377222,small
faketruebr,concretude_4_55_ratio,complexity_psycholinguistic,False,False,9,0.5153822222222222,0.11669945348819953,9,0.4704166666666667,0.08827725995407879,0.203591634863038,0.8699818701881115,0.9218840085601104,0.3702818835416392,52.0,0.331387096247615,0.43458028928019415,small
faketruebr,concretude_55_7_ratio,complexity_psycholinguistic,False,False,9,0.028905555555555556,0.02482522009525349,9,0.031049999999999998,0.0186881660416425,0.5070993748855559,0.9130591405127853,-0.2070385040117382,0.8385917377250585,36.0,0.7237953141493763,-0.09759888676894554,negligible
faketruebr,content_word_diversity,complexity_lexical_diversity,False,False,9,0.7659644444444444,0.11607760724092213,9,0.8925544444444444,0.02945702340321875,0.043117229762726,0.3277159729543371,-3.1711729402090434,0.0059258989198722216,7.0,0.003568628436933387,-1.494905260224731,large
faketruebr,content_words_ambiguity,semantics_lexical,False,False,9,4.763927777777778,0.9450845881953872,9,3.857721111111111,0.49838907766534285,0.1587987893573236,0.6480210283865486,2.5444621077628042,0.021644180313315005,69.0,0.013418657920497472,1.1994709405808632,large
faketruebr,content_word_max,complexity_lexical_diversity,False,False,9,0.7137911111111112,0.05858194761281936,9,0.7341377777777778,0.14469678363545074,0.41996605825869954,0.2883321821891859,-0.39101699813437035,0.7009423447818753,43.0,0.8590250857629742,-0.1843271806266806,negligible
faketruebr,content_word_min,complexity_lexical_diversity,False,False,9,0.3093188888888889,0.1987391497317806,9,0.3242266666666667,0.1881476968368202,0.06563680962711406,0.0020712855217544517,-0.16341898843687946,0.8722349152987124,41.5,0.9645640196809627,-0.0770364499322423,negligible
faketruebr,content_word_standard_deviation,complexity_lexical_diversity,False,False,9,0.12450555555555558,0.0450598058448744,9,0.09696222222222223,0.05266511292539344,0.266405863793783,0.030685344315636093,1.1921646591623254,0.2505789991402969,59.0,0.11196135426374831,0.5619918098564197,medium
faketruebr,dalechall_adapted,complexity_readability,False,False,9,11.528665555555555,1.435129219749141,9,11.316023333333332,0.6335487627049711,0.48168241589721233,0.4523458177621562,0.40664620400339296,0.6896554811425146,44.0,0.7910815129207817,0.19169485892971155,negligible
faketruebr,easy_conjunctions_ratio,complexity_simplicity,False,False,9,0.07820555555555557,0.01885750454799833,9,0.06549777777777778,0.015556100714653541,0.3139550411348777,0.46015105680545654,1.5595036320918567,0.13843609126433198,57.0,0.15748992952257435,0.7351570623581353,medium
faketruebr,familiaridade_mean,complexity_psycholinguistic,False,False,9,4.850374444444444,0.206943215346089,9,4.704793333333334,0.10130005503453604,0.792138207738387,0.6587465766992189,1.8955331886066054,0.0762338993933486,58.0,0.1333202155896274,0.893562914418593,large
faketruebr,familiaridade_std,complexity_psycholinguistic,False,False,9,0.8157277777777777,0.19170219624314283,9,0.7076366666666667,0.06643471946204034,0.6042389540048378,0.7483125321462287,1.5982919890214458,0.12953644835071695,54.0,0.25099827044292256,0.7534420691687994,medium
faketruebr,familiaridade_1_25_ratio,complexity_psycholinguistic,False,False,9,0.0014622222222222222,0.004386666666666667,9,0.002814444444444444,0.0046112392887138025,3.2174928554139273e-07,0.0011254991462207957,-0.6373935272690457,0.5328841518202257,33.0,0.39605316254719136,-0.30047019027756994,small
faketruebr,familiaridade_25_4_ratio,complexity_psycholinguistic,False,False,9,0.15791222222222223,0.10944314674498558,9,0.1623922222222222,0.0477669817389004,0.3758694147196765,0.10861135954557694,-0.1125504716373187,0.9117869552801631,42.0,0.9296365245070707,-0.05305680114699482,negligible
faketruebr,familiaridade_4_55_ratio,complexity_psycholinguistic,False,False,9,0.5565688888888888,0.11407266384244348,9,0.7037822222222222,0.055183097905467805,0.41527813753354903,0.43433235068255494,-3.485187089941777,0.0030577267949645406,9.0,0.006166754221989628,-1.6429329500010934,large
faketruebr,familiaridade_55_7_ratio,complexity_psycholinguistic,False,False,9,0.28405888888888886,0.0558058040091809,9,0.13101222222222222,0.03587415182892056,0.49672592739130567,0.8679304680263771,6.920818809991224,3.4435590816670364e-06,81.0,0.00041229480206169127,3.2625052746054704,large
faketruebr,function_word_diversity,complexity_lexical_diversity,False,False,9,0.46164999999999995,0.08761603392073852,9,0.34836,0.05573948219171039,0.20366714482023512,0.08072634747344515,3.2729078689441096,0.004784656264635558,74.0,0.003568628436933387,1.5428635655527947,large
faketruebr,gunning_fox,complexity_readability,False,True,9,7.093552222222223,2.2942518238402783,9,24.471146666666666,3.2475315282842137,0.8188645871422968,0.9836868787261355,-13.111254780204712,5.644897320186955e-10,0.0,0.00041229480206169127,-6.180704776631525,large
faketruebr,hard_conjunctions_ratio,complexity_simplicity,False,False,9,0.006595555555555555,0.009779542564853316,9,0.01885222222222222,0.007146350078497727,0.005534442323003313,0.24974782849834326,-3.0357367522345102,0.007869889699250392,13.0,0.015989720155652393,-1.4310600289348323,large
faketruebr,idade_aquisicao_mean,complexity_psycholinguistic,False,False,9,4.670902222222222,0.367170861275026,9,5.417871111111111,0.251798484131877,0.9429391210526565,0.09079611762091777,-5.033306868269668,0.00012237298376677314,3.0,0.0010862466258220339,-2.372723612230871,large
faketruebr,idade_aquisicao_std,complexity_psycholinguistic,False,False,9,1.6944500000000002,0.17266884048663786,9,1.4381044444444444,0.09527840916376475,0.12998178743201516,0.6156138828732286,3.8995464321951063,0.001274989840598916,76.0,0.0019976900972723025,1.8382638171713113,large
faketruebr,idade_aquisicao_1_25_ratio,complexity_psycholinguistic,False,False,9,0.14224333333333336,0.06657932543214898,9,0.041944444444444444,0.027224427042231353,0.78388657630083,0.13223306296689458,4.183166699593597,0.0007028088978823774,73.0,0.004718198728115028,1.9719636934109215,large
faketruebr,idade_aquisicao_25_4_ratio,complexity_psycholinguistic,False,False,9,0.21366333333333334,0.06103345967582044,9,0.13307333333333332,0.021817561160679715,0.6841091925018487,0.5573568790748928,3.7301084637566913,0.0018227198935441768,71.0,0.008071487425268009,1.7583899928557944,large
faketruebr,idade_aquisicao_4_55_ratio,complexity_psycholinguistic,False,False,9,0.29898111111111114,0.0564404027369677,9,0.2645488888888889,0.05559436312353179,0.057357290195984865,0.2222562505896563,1.3038754595186541,0.2107243306969783,55.0,0.21637300805763748,0.6146527861655774,medium
faketruebr,idade_aquisicao_55_7_ratio,complexity_psycholinguistic,False,False,9,0.2621311111111111,0.07092335025300985,9,0.46418333333333334,0.06769234502512081,0.07271642512420629,0.10572471170034542,-6.182576932426798,1.3146552167685983e-05,3.0,0.0010862466258220339,-2.9144947160843406,large
faketruebr,imageabilidade_mean,complexity_psycholinguistic,False,False,9,4.351976666666666,0.1524450513299794,9,4.159372222222221,0.08888567879273027,0.10466592627655025,0.11112969992257099,3.2743655040535664,0.00476999491609706,70.0,0.010444271101370226,1.5435507013330563,large
faketruebr,imageabilidade_std,complexity_psycholinguistic,False,False,9,0.5868566666666667,0.07126796317420613,9,0.5742288888888889,0.04094046544814936,0.8279061414199629,0.3582682937259238,0.4609222316523927,0.6510577074914123,50.0,0.42677673653298365,0.21728082373402907,small
faketruebr,imageabilidade_1_25_ratio,complexity_psycholinguistic,False,False,9,0.0,0.0,9,0.0,0.0,,,,,40.5,,0.0,negligible
faketruebr,imageabilidade_25_4_ratio,complexity_psycholinguistic,False,False,9,0.29723111111111117,0.1275367046622701,9,0.3964811111111111,0.08024465285058631,0.5107847677936567,0.4759309271743173,-1.9760265843074183,0.06565607295394692,21.0,0.0933976745287926,-0.9315078650457776,large
faketruebr,imageabilidade_4_55_ratio,complexity_psycholinguistic,False,False,9,0.6614977777777776,0.12845000601185055,9,0.5748088888888889,0.08352252936250862,0.3018280943480458,0.33347586928544426,1.697375909056167,0.10898790733725544,62.0,0.06368977513662868,0.8001506770108643,large
faketruebr,imageabilidade_55_7_ratio,complexity_psycholinguistic,False,False,9,0.04127111111111111,0.035199643266816086,9,0.028708888888888888,0.024420191156317984,0.16425786551333954,0.0490514538454459,0.8796846656664202,0.39205124660637275,49.0,0.478791956598943,0.41468732826569776,small
faketruebr,indefinite_pronoun_ratio,morphosyntax,False,False,9,0.2128111111111111,0.15385873313241308,9,0.03405333333333333,0.057012141031538184,0.5342749686332071,0.000937965061395872,3.2683257173712854,0.004831035938018274,68.0,0.012554918596966533,1.5407035185864157,large
faketruebr,indefinite_pronouns_diversity,complexity_lexical_diversity,False,False,9,0.5634922222222222,0.3903237253158517,9,0.3333333333333333,0.5,0.07768827834202459,0.00015259147181036258,1.0885430148320052,0.2924807218883324,52.5,0.27712937726960685,0.5131440982673062,medium
faketruebr,medium_long_sentence_ratio,complexity_simplicity,False,False,9,0.04481888888888889,0.06762108259345684,9,0.024723333333333333,0.041757933377982205,0.0003322803012157569,0.0007650331266216147,0.7585577784323405,0.45914624520834457,45.0,0.6737416960378539,0.35758756603420705,small
faketruebr,max_noun_phrase,morphosyntax,False,False,9,23.333333333333332,21.289668856043768,9,24.77777777777778,6.119186583561939,0.005210517153827191,0.10641219939482938,-0.19562147405011227,0.847369206378672,26.0,0.21518554034265336,-0.09221684723102841,negligible
faketruebr,mean_noun_phrase,morphosyntax,False,False,9,5.64222,1.9537100795473725,9,5.77973,1.6272080021466215,0.6834909575985365,0.6507419303774167,-0.16224762969475787,0.873142184415785,35.0,0.6588432549492806,-0.0764842661257381,negligible
faketruebr,medium_short_sentence_ratio,complexity_simplicity,False,False,9,0.03439222222222222,0.0685040545839766,9,0.026637777777777778,0.0445567014538155,2.88954708645226e-05,0.0003236932222833726,0.28467237030473663,0.7795467357387051,39.0,0.9110200046414229,0.13419584230595147,negligible
faketruebr,min_noun_phrase,morphosyntax,False,False,9,1.1111111111111112,0.33333333333333337,9,1.0,0.0,3.2174928554139273e-07,,1.0000000000000004,0.3321949846529793,45.0,0.37406279749088245,0.4714045207910319,small
faketruebr,noun_diversity,complexity_lexical_diversity,False,False,9,0.7535277777777778,0.12280711255641688,9,0.8008688888888889,0.021491848131584952,0.6705573180694908,0.21159075546186068,-1.1391619812937759,0.2714042023688586,38.0,0.859819205054158,-0.5370061078951546,medium
faketruebr,nouns_max,morphosyntax,False,False,9,0.3418011111111111,0.1982782474481533,9,0.47124222222222223,0.35753317925675715,0.0022357769310817448,0.15902872958861003,-0.9498341555535638,0.3563243665172441,33.5,0.5633631537582549,-0.447756114929682,small
faketruebr,nouns_min,morphosyntax,False,False,9,0.15641555555555556,0.1321126175002894,9,0.1719911111111111,0.13161205496120448,0.15026579859700506,0.008031226776249668,-0.2505695279690498,0.8053361434499849,34.5,0.6204530764178184,-0.11811960825708492,negligible
faketruebr,nouns_standard_deviation,morphosyntax,False,False,9,0.06157111111111112,0.0484163746692285,9,0.08370333333333334,0.08862902501438226,0.5827056218333181,0.11237364644255243,-0.6574491539668758,0.520238852015687,40.0,1.0,-0.3099245033702242,small
faketruebr,oblique_pronouns_ratio,morphosyntax,False,False,9,0.029576666666666664,0.05133207525514626,9,0.036324444444444444,0.08406953894115143,0.0006732517106045084,1.2213006386652813e-05,-0.2055116334283917,0.8397643565714198,44.0,0.7374318596140068,-0.09687911307329315,negligible
faketruebr,preposition_diversity,complexity_lexical_diversity,False,False,9,0.42508666666666667,0.08192239773102347,9,0.34755777777777774,0.08978651747029978,0.6594097131266509,0.17933004627904703,1.9136035387881976,0.07373454438608147,64.0,0.04183533130865506,0.9020813591864726,large
faketruebr,pronoun_diversity,complexity_lexical_diversity,False,False,9,0.7507022222222222,0.17016871890698493,9,0.6907466666666667,0.24500300666522443,0.08117390342968894,0.12728538780798926,0.6029690917823867,0.554980611333932,48.0,0.53416963600572,0.28424235576347956,small
faketruebr,pronouns_max,morphosyntax,False,False,9,0.2291111111111111,0.24563345738337666,9,0.11391000000000001,0.1034943140950265,0.07551320389160063,0.22782222905637278,1.2965983139759645,0.21315835638589478,49.0,0.4769577775344851,0.6112223068582993,medium
faketruebr,pronouns_min,morphosyntax,False,False,9,0.0,0.0,9,0.0,0.0,,,,,40.5,,0.0,negligible
faketruebr,pronouns_standard_deviation,morphosyntax,False,False,9,0.07856333333333333,0.08190246867463766,9,0.03607888888888889,0.028628898618548202,0.07962773766802017,0.656373632072448,1.4690010886012124,0.16121933276440725,52.0,0.32887874095967495,0.6924937542135584,medium
faketruebr,punctuation_diversity,complexity_lexical_diversity,False,False,9,0.2983811111111111,0.17110126515052748,9,0.12145444444444443,0.04146539072259874,0.470744588435513,0.02171140307831172,3.014869919621919,0.008220425576849578,69.5,0.011805313180636844,1.4212233097066669,large
faketruebr,punctuation_ratio,morphosyntax,False,True,9,0.15062555555555554,0.058605196678944586,9,0.11810666666666668,0.0299640476237774,0.2390565880200437,0.008580986131374254,1.4821495150990134,0.1577275137497372,50.0,0.42677673653298365,0.6986919819059103,medium
faketruebr,sentence_length_max,complexity_descriptive,False,False,9,46.888888888888886,24.654839506902317,9,39.666666666666664,6.18465843842649,0.021151771472987455,0.20182745870796237,0.8523902964844465,0.4065763413126436,44.0,0.7904468153271552,0.40182063924117584,small
faketruebr,sentence_length_min,complexity_descriptive,False,False,9,3.6666666666666665,2.783882181415011,9,6.555555555555555,6.043821454822915,0.6745046770706556,0.19531282243934778,-1.302444376962623,0.21120124512791535,30.0,0.37375030704423495,-0.6139781673790392,medium
faketruebr,sentence_length_standard_deviation,complexity_descriptive,False,False,9,13.505156666666666,6.892242219820412,9,8.914107777777778,1.577060095833207,0.1191122524996529,0.9192245544636588,1.9480095275602116,0.06917783094421388,59.0,0.11196135426374831,0.9183004978358856,large
faketruebr,short_sentence_ratio,complexity_simplicity,False,False,9,0.5138744444444445,0.1804995851180212,9,0.24935444444444446,0.23863698734223449,0.13367845071964007,0.10679945304636945,2.65216797129907,0.017392098849109226,64.5,0.037778906339199746,1.2502439715675606,large
faketruebr,std_noun_phrase,morphosyntax,False,False,9,5.3711400000000005,4.341708456794398,9,4.880852222222222,0.8088050051739568,0.010984855784802515,0.8792937834000307,0.33304569281463087,0.7434239686311003,33.0,0.5364994693194564,0.1569992452227982,negligible
faketruebr,subtitles,complexity_descriptive,True,False,9,0.0,0.0,9,0.0,0.0,,,,,40.5,,0.0,negligible
faketruebr,dialog_pronoun_ratio,complexity_simplicity,False,False,9,0.19444444444444445,0.3118052276707012,9,0.1111111111111111,0.3333333333333333,0.0006946975636259,3.2174928554139273e-07,0.5477221923535083,0.5914423427579543,48.0,0.39605316254719136,0.2581987176130188,small
faketruebr,verb_diversity,complexity_lexical_diversity,False,False,9,0.8086088888888888,0.1634847542161382,9,0.9241466666666667,0.03149244830114039,0.020770915774459293,0.07226652208890767,-2.0818823288569654,0.05376658357679582,14.0,0.021616393562166825,-0.9814087415781347,large
faketruebr,verbs_max,morphosyntax,False,False,9,0.23293444444444444,0.15161051094095615,9,0.19960888888888886,0.14950957255678018,0.0387083006727479,0.17791647158942497,0.46953001287184687,0.6450258957983622,52.0,0.3265982255955395,0.22133857071485988,small
faketruebr,verbs_min,morphosyntax,False,False,9,0.06334888888888889,0.05933010648996941,9,0.02906111111111111,0.03548807139182279,0.1276878943442482,0.00606556933135319,1.4878904710039755,0.15622269246987577,53.5,0.2478344103368898,0.7013982944731715,medium
faketruebr,verbs_standard_deviation,morphosyntax,False,False,9,0.05768,0.0469475747509922,9,0.04735444444444445,0.036687120734363685,0.36117897444202207,0.7192928081449602,0.519899388760106,0.610252136811239,49.0,0.4776478319465016,0.24508292221800804,small
faketruebr,long_sentence_ratio,morphosyntax,False,False,9,0.40691666666666665,0.2337222806559101,9,0.6992833333333333,0.2736615613307795,0.19780611518851604,0.17592226166908853,-2.437171743308063,0.026852917933460504,19.0,0.06355298780940026,-1.148893777739581,large
faketruebr,indicative_condition_ratio,morphosyntax,False,False,9,0.04047666666666667,0.07294153223644263,9,0.07985555555555555,0.10429559627701342,0.0003727238014391465,0.007140953925941819,-0.9282255080896266,0.36708286397237344,29.0,0.2862675751614725,-0.4375697008270023,small
faketruebr,indicative_future_ratio,morphosyntax,False,False,9,0.04641777777777778,0.06420197286255654,9,0.09111888888888889,0.06307309062596433,0.007910727238026261,0.25669052779320684,-1.4900270961469666,0.15566569406297803,24.5,0.15830164986250195,-0.7024055092248133,medium
faketruebr,indicative_imperfect_ratio,morphosyntax,False,False,9,0.007407777777777777,0.02222333333333333,9,0.011523333333333333,0.02403582118422418,3.2174928554139273e-07,4.080439902376802e-05,-0.3771672100032353,0.7110051128653235,36.5,0.6338680221454263,-0.1777983278896655,negligible
faketruebr,indicative_preterite_perfect_ratio,morphosyntax,False,False,9,0.11458111111111109,0.11240622463240688,9,0.20540555555555556,0.11342522053219811,0.29747005621907807,0.2519223081128822,-1.7062794796554104,0.10728747771603171,20.0,0.07647156319984563,-0.8043478604425296,large
faketruebr,indicative_pluperfect_ratio,morphosyntax,False,False,9,0.036428888888888886,0.05070541130994907,9,0.031774444444444445,0.03369476113252293,0.009604207832435322,0.08916101792302056,0.22935826137577084,0.8214966739941388,39.0,0.9248419258873264,0.10812052129330946,negligible
faketruebr,indicative_present_ratio,morphosyntax,False,False,9,0.6150100000000001,0.20382837811502108,9,0.4704855555555555,0.1643998491567975,0.5075615663588767,0.0024068689343779144,1.6557127038178754,0.11725821027730754,62.0,0.06368977513662868,0.7805104537108889,medium
faketruebr,infinite_subordinate_clauses,morphosyntax,False,False,9,0.15495111111111115,0.08191152093027641,9,0.24470000000000003,0.07587254740681902,0.5242524072348413,0.6027742765291483,-2.41148365711917,0.028265425291851675,13.5,0.019221067253264917,-1.1367842977796667,large
faketruebr,named_entity_ratio_sentence,semantics_lexical,False,True,9,0.0,0.0,9,0.05852333333333332,0.034478886292918454,,0.00015873324749385032,-5.092101830332609,0.00010873497935512043,0.0,0.00016100130228057156,-2.4004398231470794,large
faketruebr,named_entity_ratio_text,semantics_lexical,False,True,9,0.0,0.0,9,0.05492,0.023951569885917706,,0.008219835830334782,-6.87888104139973,3.708439928303423e-06,0.0,0.00016100130228057156,-3.2427356208995524,large
faketruebr,non_svo_ratio,morphosyntax,False,False,9,0.24887666666666666,0.12159387186449817,9,0.29901222222222223,0.11925109399684534,0.32764408930516964,0.19333281777928224,-0.8831286323704505,0.390243270427831,28.0,0.289065869397231,-0.41631082973943145,small
faketruebr,postponed_subject_ratio,morphosyntax,False,False,9,0.12276111111111113,0.06438392859333074,9,0.04849111111111111,0.047254538259421296,0.5227582237765395,0.20683029034044376,2.789862712027578,0.013112634135720882,66.5,0.023247776424845223,1.3151538948361283,large
faketruebr,relative_pronouns_ratio,morphosyntax,False,False,9,0.11248222222222222,0.09691406860948748,9,0.3672166666666667,0.18786970072366646,0.16487352410292133,0.5706291538615176,-3.61506884892811,0.002324038056041937,9.5,0.006756087336561849,-1.7041597983555423,large
faketruebr,relative_pronouns_diversity_ratio,complexity_lexical_diversity,False,False,9,0.5,0.4409588668175298,9,0.46871222222222225,0.30061265503874657,0.05713871688099356,0.9712141703072114,0.1758799383877993,0.8625950150950892,41.5,0.9643210178243324,0.0829105980724567,negligible
faketruebr,subjunctive_future_ratio,morphosyntax,False,False,9,0.03535777777777778,0.04730057261222579,9,0.019684444444444445,0.02984626279415528,0.013198017098928606,0.0006157178396342796,0.8406965902310037,0.41290577256439737,48.0,0.48202043373163617,0.39630817324850065,small
faketruebr,subjunctive_imperfect_ratio,morphosyntax,False,False,9,0.0,0.0,9,0.0,0.0,,,,,40.5,,0.0,negligible
faketruebr,subjunctive_present_ratio,morphosyntax,False,False,9,0.10034888888888889,0.09834304556556663,9,0.09015222222222223,0.08541115117152119,0.2807178715410897,0.16090609906200826,0.23484665480551223,0.8173068575867591,42.0,0.9289008869362791,0.11070777476796934,negligible
faketruebr,subordinate_clauses,morphosyntax,False,False,9,0.32649666666666666,0.10777209738610455,9,0.4657422222222222,0.10719200900461025,0.7849692380054017,0.12904584793288393,-2.7482109381580324,0.014286511681344639,12.0,0.013418657920497472,-1.2955190603350588,large
faketruebr,temporal_adjunct_ratio,morphosyntax,False,False,9,0.08875555555555555,0.08399903274906073,9,0.13970555555555556,0.0995528997708142,0.10365570720570871,0.8437431297008726,-1.1734587032325865,0.25778502737615144,29.0,0.3276144994181842,-0.5531737376654228,medium
faketruebr,adverbs_before_main_verb_ratio,morphosyntax,False,False,9,0.18379777777777778,0.1207494577397532,9,0.24295222222222224,0.13292077346842532,0.32063294589058433,0.011855167738243634,-0.9882226280737011,0.3377535415833917,29.0,0.331387096247615,-0.465852614421937,small
faketruebr,verbal_time_moods_diversity,morphosyntax,False,False,9,4.222222222222222,1.3944333775567928,9,5.222222222222222,0.6666666666666666,0.5565013206610249,0.028406965370930026,-1.9409899176618912,0.07008642232941475,23.0,0.11685620815978708,-0.9149914219956279,large
faketruebr,ratio_function_to_content_words,morphosyntax,False,False,9,0.6875433333333333,0.13359369605262067,9,0.5922455555555556,0.08196580935230115,0.9711269826163387,0.6681374138335496,1.8240625450016268,0.08687539023695759,59.0,0.11196135426374831,0.8598713299193615,large
