source,metric,category,layout_dependent,installation_dependent,human_n,human_mean,human_std,machine_n,machine_mean,machine_std,shapiro_p_human,shapiro_p_machine,t_statistic,t_p_value,u_statistic,u_p_value,cohens_d,effect_size
fakebr,adjective_ratio,morphosyntax,False,False,10,0.045182,0.01923712602697653,10,0.085859,0.02371694258448073,0.7350874851985217,0.19423056676566408,-4.212214069979877,0.0005238131927726025,5.0,0.0007685389131627665,-1.8837593992512123,large
fakebr,adverbs,morphosyntax,False,False,10,0.035577,0.011130575556646753,10,0.026675000000000004,0.00874070712878032,0.991719376258984,0.666563192170812,1.9891077560930905,0.06210731182203617,73.0,0.08897301170181328,0.8895560314392444,large
fakebr,content_words,morphosyntax,False,False,10,0.611315,0.046623229605947385,10,0.632311,0.01566925542441488,0.43035284542553326,0.23797343022681416,-1.3498828821781075,0.19378584256679787,27.0,0.08897301170181328,-0.6036859772427177,medium
fakebr,flesch,complexity_readability,False,False,10,48.805719,10.56010274287608,10,6.786880999999999,10.269295837964364,0.16593754132226074,0.2800713815933171,9.020694672433704,4.256167099519567e-08,100.0,0.00018267179110955002,4.034177298366393,large
fakebr,function_words,morphosyntax,False,False,10,0.388685,0.04662322960594738,10,0.36768900000000004,0.015669255424414896,0.43035284542553326,0.23797343022681,1.3498828821781113,0.1937858425667967,73.0,0.08897301170181328,0.6036859772427192,medium
fakebr,sentences_per_paragraph,complexity_descriptive,True,False,10,1.01,0.03162277660168382,10,3.0134529999999997,3.5358457178667546,1.0036928138890277e-07,1.428597357953428e-06,-1.7917131604445855,0.09000677118575896,0.0,8.744986536701464e-05,-0.8012784845870161,large
fakebr,syllables_per_content_word,complexity_descriptive,False,False,10,2.740376,0.10128737479732282,10,3.216386,0.1251746406869662,0.30517260817553526,0.8673463992206651,-9.348308805245233,2.493416363694132e-08,0.0,0.00018267179110955002,-4.180690792637637,large
fakebr,words_per_sentence,complexity_descriptive,False,False,10,18.186828,5.753999248168954,10,30.878994,4.528040125976015,0.7822363499058699,0.17419530636650826,-5.481584807052792,3.314118535475026e-05,6.0,0.0010079762403767444,-2.4514392506000227,large
fakebr,noun_ratio,morphosyntax,False,False,10,0.37097300000000005,0.0648169358955581,10,0.367824,0.020465194409587755,0.8538665590687238,0.6189290464461632,0.14650379773673586,0.8851520236285451,52.5,0.8797843010569926,0.06551849014024425,negligible
fakebr,paragraphs,complexity_descriptive,True,False,10,13.3,10.274564062122863,10,7.0,2.4037008503093262,1.3386505245611643e-05,0.018842357759665248,1.8880186201277538,0.07525178266468048,88.0,0.004068704370067252,0.844347595478202,large
fakebr,sentences,complexity_descriptive,False,False,10,13.4,10.243697249203207,10,14.4,3.8930136855083823,1.544159133317365e-05,0.024236081125083915,-0.2885682772398303,0.7762085683571442,21.0,0.030324429117183447,-0.1290516568116532,negligible
fakebr,words,complexity_descriptive,False,False,10,226.7,131.81809857189987,10,431.1,56.77137385063787,0.009634436073764659,0.20979575558372932,-4.503579386730851,0.00027482131351003886,10.0,0.0028272720911168077,-2.014061930159399,large
fakebr,pronoun_ratio,morphosyntax,False,False,10,0.055038,0.033728413606993794,10,0.036479000000000004,0.011063306166482663,0.1511161589798941,0.5602620383933639,1.6533654054736695,0.1155907200810973,67.0,0.21229383619233155,0.7394074876571256,medium
fakebr,verbs,morphosyntax,False,False,10,0.159581,0.036312511602599025,10,0.15195399999999998,0.01695240933384462,0.09593207350305638,0.8072501341495584,0.6018431440914178,0.5547842301859544,48.0,0.9097218891455553,0.26915243639612224,small
fakebr,logic_operators,cohesion_connectives,False,False,10,0.030017,0.010302094770805919,10,0.029091,0.007976599735058374,0.37371312162219894,0.12874404384708454,0.2247471529068565,0.8247075773515578,50.0,1.0,0.10050998232985413,negligible
fakebr,and_ratio,cohesion_connectives,False,False,10,0.018290999999999998,0.009195985174701693,10,0.024371999999999998,0.008318005637036907,0.6029911993634052,0.21693366743929932,-1.5508145594026101,0.13835017077867803,28.0,0.10410988966022681,-0.6935453550641245,medium
fakebr,if_ratio,cohesion_connectives,False,False,10,0.000655,0.0015481691696251343,10,0.0,0.0,4.881053586142747e-06,,1.3378976329258774,0.19758836276575367,60.0,0.16807831903497028,0.5983260108316645,medium
fakebr,or_ratio,cohesion_connectives,False,False,10,0.00132,0.002173236194148155,10,0.0,0.0,0.000169603592638487,,1.92073301680788,0.07074999994424196,65.0,0.07787247147704081,0.8589779184421331,large
fakebr,negation_ratio,cohesion_connectives,False,False,10,0.007667,0.005305667933655689,10,0.004439,0.00328722594970964,0.607724772113445,0.49688867612058996,1.6354848793690577,0.11931332936588582,68.0,0.1850486951850323,0.7314110732884512,medium
fakebr,cw_freq,complexity_frequency,False,False,10,503253.616423,292997.3687493514,10,346294.407239,169900.87433872654,0.14804525350845033,0.6069759263494634,1.4654770938809172,0.1600411894815194,65.0,0.27303633975118835,0.6553812802773143,medium
fakebr,cw_freq_brwac,complexity_frequency,False,False,10,4.067135,0.2672513975537722,10,4.146955,0.12478803230100044,0.7734501751777303,0.3176584043285901,-0.8557830341966631,0.40336629576118305,43.0,0.6231762238821174,-0.38271780769095315,small
fakebr,cw_freq_bra,complexity_frequency,False,False,10,4.446270999999999,0.1665078578359326,10,4.5272190000000005,0.09534710010739127,0.195221518265892,0.7835799221555462,-1.3340994297610642,0.19880569321749814,37.0,0.3447042220069576,-0.5966274027378892,medium
fakebr,min_cw_freq,complexity_frequency,False,False,10,4808.550005000001,4012.808001523829,10,1232.40624,2106.1421983730497,0.02342837635642526,1.3266232162636092e-06,2.4953473034117275,0.02252475228350768,82.0,0.017257456083119765,1.1159532395798832,large
fakebr,min_cw_freq_brwac,complexity_frequency,False,False,10,1.7206029999999999,0.6097372050327182,10,1.6479489999999999,0.30388428713172316,0.5454963725753856,0.18943822202946192,0.3372422613054905,0.7398348982871322,54.0,0.7913367801006604,0.15081932423296474,negligible
fakebr,min_freq_brwac,complexity_frequency,False,False,10,1.5509809999999997,0.7265861871557673,10,1.509253,0.21768933098186816,0.5065137608193003,0.17171788286940437,0.17396997204694853,0.8638306832550554,52.0,0.9097218891455553,0.07780173670814303,negligible
fakebr,min_cw_freq_bra,complexity_frequency,False,False,10,2.0504000000000002,0.46023210979775075,10,2.081552,0.4816110898916954,0.8261318692793136,0.17451434751576023,-0.1478803499390455,0.8840811432781942,46.0,0.7913367801006604,-0.06613410300003254,negligible
fakebr,min_freq_bra,complexity_frequency,False,False,10,1.8047030000000004,0.5832728986036945,10,1.8231659999999998,0.4050208905503792,0.5826054454302141,0.4655872708555628,-0.08222041461278212,0.9353788403117812,47.0,0.8501067391385259,-0.03677008724247957,negligible
fakebr,freq_brwac,complexity_frequency,False,False,10,5.058936999999999,0.27006096402479185,10,5.127267000000001,0.11635739885274916,0.9177124100733551,0.8356817402876382,-0.7348077831814843,0.471922131484983,42.0,0.5707503880581739,-0.32861603071794515,small
fakebr,freq_bra,complexity_frequency,False,False,10,5.317658,0.20600359181334685,10,5.383771999999999,0.09267647811368078,0.4407315462229096,0.8463231834682752,-0.9255415682162963,0.36692759348172654,44.0,0.6775849579524755,-0.41391477250667946,small
fakebr,hypernyms_verbs,semantics_lexical,False,False,10,0.717767,0.1973876290196526,10,0.763638,0.14691713626697495,0.1314129040917973,0.26566544383991775,-0.5895133046445191,0.5628440764749258,42.0,0.5707503880581739,-0.26363836456513745,small
fakebr,brunet,complexity_readability,False,False,10,10.803678000000001,0.6377760647193409,10,11.268707999999998,0.32773362404380924,0.4298281810204663,0.05425959135091826,-2.0508249963379463,0.055132429611227426,25.0,0.06402210128302689,-0.9171568203534812,large
fakebr,honore,complexity_readability,False,False,10,952.568411,124.37188209005109,10,1296.319655,168.33822677702784,0.9093567977516461,0.2260632180231259,-5.193700071646542,6.11643879162178e-05,4.0,0.0005828399431792743,-2.3226932829894396,large
fakebr,personal_pronouns,morphosyntax,False,False,10,0.011179,0.012562488651183376,10,0.001694,0.002569860350723794,0.06170839717952273,0.0017704203274424605,2.339158297149507,0.031058882661830555,72.0,0.08247016257330547,1.0461033925117902,large
fakebr,ttr,complexity_lexical_diversity,False,False,10,0.736714,0.03385285847113456,10,0.8008850000000001,0.0314408881871998,0.4184415227477651,0.01694021771327261,-4.392240388570623,0.0003514443966594403,7.0,0.0013149446697132139,-1.9642696164728009,large
fakebr,conn_ratio,cohesion_connectives,False,False,10,0.06584099999999998,0.019798006324992536,10,0.08134299999999998,0.013270195552440063,0.5780429219753025,0.4252211455714039,-2.0567947489246325,0.0544967535562487,25.0,0.06402210128302689,-0.9198265748720182,large
fakebr,add_neg_conn_ratio,cohesion_connectives,False,False,10,0.002815,0.0034398070036300325,10,0.005741,0.003495789371992159,0.02559266847021268,0.18435225417326023,-1.886650092825005,0.07544551486043463,25.0,0.06043432796440704,-0.8437355714626,large
fakebr,add_pos_conn_ratio,cohesion_connectives,False,False,10,0.025072,0.011001439097782718,10,0.034101,0.009268089159404256,0.1675724830421711,0.5996749127202877,-1.9848551925009332,0.06261591810198652,30.0,0.14046504815835495,-0.8876542271851036,large
fakebr,cau_neg_conn_ratio,cohesion_connectives,False,False,10,0.0007849999999999999,0.001936934863816196,10,0.000557,0.0017613886567137873,2.7411879152469084e-06,1.0036928138890277e-07,0.2753951258221316,0.7861491707242048,55.0,0.5842485531772132,0.1231604444020788,negligible
fakebr,cau_pos_conn_ratio,cohesion_connectives,False,False,10,0.029429999999999994,0.01458847566479179,10,0.036139,0.008297365646195586,0.6013650836452592,0.7623961776308372,-1.264117876490352,0.22231301916324478,36.0,0.3074894566186813,-0.5653307006810221,medium
fakebr,log_neg_conn_ratio,cohesion_connectives,False,False,10,0.0032630000000000007,0.005282747706765234,10,0.0031399999999999996,0.00348748556349063,0.00012563184214095004,0.051866631600903726,0.06144627421272831,0.9516809417218155,44.0,0.6490364230072798,0.02747960922075057,negligible
fakebr,log_pos_conn_ratio,cohesion_connectives,False,False,10,0.024065999999999997,0.015939597234560225,10,0.035744000000000005,0.010471836515148622,0.30170639153435086,0.6337420884137221,-1.9363276095026556,0.06868954918581609,24.0,0.053902557169387175,-0.865952032311521,large
fakebr,tmp_neg_conn_ratio,cohesion_connectives,False,False,10,0.0,0.0,10,0.0,0.0,,,,,50.0,,0.0,negligible
fakebr,tmp_pos_conn_ratio,cohesion_connectives,False,False,10,0.009054000000000001,0.00634329427208152,10,0.009931,0.006377952388240811,0.2589745175070408,0.31494057667547626,-0.3083069436173711,0.7613882301231699,46.0,0.7913367801006604,-0.13787905677272735,negligible
fakebr,adjectives_ambiguity,semantics_lexical,False,False,10,2.716857,0.8083139186678787,10,2.6362360000000007,0.5950343718400738,0.26046809307025937,0.16425337371195325,0.25400318866588545,0.8023719314403196,51.0,0.969838641404833,0.1135936792717248,negligible
fakebr,adverbs_ambiguity,semantics_lexical,False,False,10,2.402963,0.8724274458601128,10,2.711583,0.8017802757066442,0.2740872731599791,0.08301497198365448,-0.8236513443672053,0.4209173764891817,36.0,0.30566416796514506,-0.36834807915283196,small
fakebr,nouns_ambiguity,semantics_lexical,False,False,10,2.1931070000000004,0.6471130562059633,10,2.61889,0.25921163515552303,0.7872985216842395,0.6828755502613861,-1.9314982590911878,0.069321845262641,31.0,0.16197241048012612,-0.8637922811500794,large
fakebr,verbs_ambiguity,semantics_lexical,False,False,10,9.775423,1.3391972761741346,10,8.559233,1.622724268808133,0.456705968042134,0.444139322111122,1.827941098008928,0.08418254566556112,70.0,0.1403158334701604,0.8174801108027138,large
fakebr,yngve,morphosyntax,False,False,10,2.6258529999999998,0.27393868722155085,10,3.168029,0.23417295851333658,0.5856229798715074,0.4406832695405531,-4.75740569018755,0.00015738091976218535,5.0,0.0007685389131627665,-2.127576503960733,large
fakebr,frazier,morphosyntax,False,False,10,7.095209000000001,0.6997509120068686,10,7.750978999999999,0.38659054490507144,0.726750426771422,0.10420224560639668,-2.593975780511319,0.018329983900371945,19.0,0.0211339281291611,-1.1600612354422768,large
fakebr,dep_distance,morphosyntax,False,False,10,41.560475,21.237151838924085,10,74.868345,12.269432665528543,0.046456265837665885,0.07695384037368344,-4.29446408739889,0.0004364210590868939,12.0,0.004586392080253494,-1.9205427252711034,large
fakebr,cross_entropy,cohesion_semantic_lsa,False,False,10,0.6963100000000001,0.07248177349436816,10,0.535064,0.04378009496969547,0.920617437928557,0.26351553582207676,6.0217144770008195,1.0780083632814007e-05,98.0,0.00032983852077799353,2.6929925823336855,large
fakebr,content_density,complexity_lexical_diversity,False,False,10,1.6114989999999998,0.36292432356101767,10,1.7243199999999999,0.1204319327347287,0.0435871497790048,0.1600429617164983,-0.9330172029895344,0.3631586178265709,27.0,0.08897301170181328,-0.4172579780122638,small
fakebr,words_before_main_verb,morphosyntax,False,False,10,3.222295,2.5688831296380314,10,7.358537,1.5690804177185367,0.27698887696312524,0.3588218511917512,-4.345239389197591,0.000389976747599014,7.0,0.001292949653512362,-1.943250130551096,large
fakebr,adjacent_refs,cohesion_referential,False,False,10,0.19320700000000002,0.2840601436726619,10,0.8,1.1352924243950933,0.0008736079830616421,0.0027241573952852044,-1.6396343547700385,0.11844047016009879,48.0,0.9034871727958611,-0.7332667751019625,medium
fakebr,anaphoric_refs,cohesion_referential,False,True,10,0.84038,1.0156650642914828,10,4.55,5.97425030164176,0.03138797591433487,0.0014117252996142648,-1.9357930037875208,0.06875929009434034,51.0,0.9683779536353727,-0.865712949367481,large
fakebr,adj_arg_ovl,cohesion_referential,False,False,10,0.641484,0.42838576862449573,10,1.016859,0.5227520238220029,0.11207672197526275,0.5466724333288867,-1.7563452159829511,0.09602896626627197,26.5,0.08140846893049593,-0.785461458978886,medium
fakebr,arg_ovl,cohesion_referential,False,False,10,0.694458,0.3334338265116816,10,0.9309,0.39408281850956717,0.4953458531059511,0.1928621129208825,-1.4484143403022804,0.16469745491582552,30.0,0.14046504815835495,-0.6477505849002825,medium
fakebr,adj_stem_ovl,cohesion_referential,False,False,10,0.8258790000000001,0.4467228531937398,10,1.375675,0.5535440391644051,0.3883977708935036,0.5978328720083561,-2.444208220423505,0.02504118865102597,23.0,0.04515456962427901,-1.0930831464061495,large
fakebr,stem_ovl,cohesion_referential,False,False,10,0.931932,0.5135927523891538,10,1.253516,0.38433982307906167,0.5420619039641462,0.022035836011556065,-1.5853032676069805,0.1303085384252635,29.0,0.12122450301291662,-0.7089691742643498,medium
fakebr,adj_cw_ovl,cohesion_referential,False,False,10,0.690181,0.432888384856112,10,0.983636,0.5418453804710138,0.042825903929252736,0.2563908348417247,-1.338055246401429,0.19753797551532226,33.0,0.21212191786139534,-0.5983964977207653,medium
fakebr,lsa_adj_mean,cohesion_semantic_lsa,False,False,10,0.725811,0.10680446728588755,10,0.8676299999999999,0.04336866380233544,0.020319695689801763,0.0020006012142173174,-3.8904875804581365,0.00107189956296666,4.0,0.0005828399431792743,-1.7398789391046152,large
fakebr,lsa_adj_std,cohesion_semantic_lsa,False,False,10,0.11611699999999998,0.07916575158067618,10,0.046305,0.020904522769540138,0.004910144503627832,0.026314323376196297,2.696224829192478,0.014769583956677308,94.0,0.0010079762403767444,1.2057884001394283,large
fakebr,lsa_all_mean,cohesion_semantic_lsa,False,False,10,0.712244,0.11107722810929539,10,0.849028,0.056079051109423496,0.003944181287741325,0.0005836546066066553,-3.476222726190882,0.002695296315294645,8.0,0.0017062493689195964,-1.5546140641384902,large
fakebr,lsa_all_std,cohesion_semantic_lsa,False,True,10,0.0,0.0,10,0.049523,0.031705230570925606,,0.02320635091117978,-4.939420838280523,0.00010586646493584172,0.0,6.386444750436982e-05,-2.2089761527748495,large
fakebr,lsa_paragraph_mean,cohesion_semantic_lsa,True,False,10,0.7372270000000001,0.07788813203705826,10,0.8286769999999999,0.2915191012628694,0.30090270524379037,3.3516148442174975e-07,-0.9583935007349513,0.3505614529919379,10.0,0.0028272720911168077,-0.4286066033674692,small
fakebr,lsa_paragraph_std,cohesion_semantic_lsa,True,False,10,0.10690899999999999,0.055763316585965964,10,0.023128,0.011062634606839568,0.06117602844828079,0.2824434309293593,4.66030788786572,0.00019467621570828721,100.0,0.00018267179110955002,2.0841530466692437,large
fakebr,lsa_givenness_mean,cohesion_semantic_lsa,False,False,10,0.8028960000000002,0.08190196350922649,10,0.906222,0.03234463026016322,0.007445092637347829,0.00166906010559792,-3.710596493113098,0.001600437964931446,5.0,0.0007685389131627665,-1.6594291991346437,large
fakebr,lsa_givenness_std,cohesion_semantic_lsa,False,False,10,0.11399,0.07770805335070205,10,0.0399,0.021883254886886555,0.0017405296890144909,0.0003740365174743821,2.9021629509113054,0.009500904162168318,94.0,0.0010079762403767444,1.2978867280038129,large
fakebr,lsa_span_mean,cohesion_semantic_lsa,False,False,10,0.8310130000000001,0.08474016311971291,10,0.9217929999999999,0.024159755356561244,0.014579100984964989,0.0021433921014478385,-3.257848928697233,0.004369190753753507,7.0,0.0013149446697132139,-1.4569543329983758,large
fakebr,lsa_span_std,cohesion_semantic_lsa,False,False,10,0.111789,0.08333770901178729,10,0.038168,0.024987274450096485,0.0011253612780785507,0.001544038717064551,2.675882480284366,0.015420744605986452,90.0,0.0028272720911168077,1.1966910251433167,large
fakebr,first_person_pronouns,morphosyntax,False,False,10,0.04,0.12649110640673517,10,0.0,0.0,1.0036928138890277e-07,,0.9999999999999998,0.3305649312781845,55.0,0.36812025069351895,0.4472135954999579,small
fakebr,second_person_pronouns,morphosyntax,False,False,10,0.06999999999999999,0.1636391694484477,10,0.05,0.15811388300841897,5.608905231459141e-06,1.0036928138890277e-07,0.27794463276724757,0.784222270007631,54.5,0.6263543610340876,0.12430061856975619,negligible
fakebr,simple_word_ratio,complexity_simplicity,False,False,10,0.644126,0.08488453532757177,10,0.643542,0.037778443530081474,0.8181468546582826,0.8966616579504024,0.01987660286410619,0.9843604857106089,55.0,0.7337299956962472,0.00888908703318169,negligible
fakebr,third_person_pronouns,morphosyntax,False,False,10,0.49000000000000005,0.472463990397387,10,0.35,0.4743416490252569,0.006270531297608886,0.0005925876013518341,0.6612738416900523,0.516812543245728,58.5,0.5076107440046495,0.29573065235227836,small
fakebr,adjunct_per_clause,morphosyntax,False,False,10,0.5152990000000001,0.3640909108832268,10,0.6950010000000002,0.15451814287217752,0.004242154833721125,0.7501990015274389,-1.4367516900938273,0.16794331637284496,45.0,0.7329562406010953,-0.6425348891675018,medium
fakebr,apposition_per_clause,morphosyntax,False,False,10,0.021428999999999997,0.04821157547726478,10,0.032607,0.02982372547337289,8.564251655626616e-06,0.18640128413924162,-0.623525135062765,0.5407609801258861,30.5,0.1157474173215449,-0.2788489175360161,small
fakebr,aux_plus_PCP_per_sentence,morphosyntax,False,False,10,0.12597399999999997,0.15156560649141715,10,0.448677,0.21263684315700743,0.028188783436553986,0.6938783317912915,-3.9079915133641694,0.0010308937308945614,9.5,0.0023495778579947692,-1.7477069358749127,large
fakebr,clauses_per_sentence,morphosyntax,False,False,10,1.594517,1.1685527823104764,10,3.883440000000001,0.8272251634900325,0.0350043111311703,0.5902533923204191,-5.055610763151974,8.232619944336171e-05,2.0,0.0003147188816752034,-2.2609378668374807,large
fakebr,coordinate_conjunctions_per_clauses,morphosyntax,False,False,10,0.12251799999999999,0.12508470088526236,10,0.21196199999999998,0.07119179100617337,0.1662784470358027,0.9423120558506529,-1.9652349221100764,0.06501117041867338,27.0,0.0884925707322318,-0.8788797755189272,large
fakebr,ratio_coordinate_conjunctions,morphosyntax,False,False,10,0.36049699999999996,0.2929560298842738,10,0.6531549999999999,0.12189843680065977,0.1707027053750932,0.944172620287736,-2.916644393961222,0.009208150599069887,18.0,0.016964912953587128,-1.3043630262181938,large
fakebr,first_person_possessive_pronouns,morphosyntax,False,False,10,0.05,0.15811388300841897,10,0.0,0.0,1.0036928138890277e-07,,1.0,0.3305649312781842,55.0,0.36812025069351895,0.4472135954999579,small
fakebr,gerund_verbs,morphosyntax,False,False,10,0.035405,0.039776166859062725,10,0.08218299999999999,0.028235988875507406,0.018999668813769223,0.11115691531265676,-3.032540404860512,0.007159857442789425,18.5,0.0181716365346374,-1.3561932979565676,large
fakebr,infinitive_verbs,morphosyntax,False,False,10,0.136328,0.12259038568428694,10,0.16249,0.040143923021493,0.21499185800838783,0.9799243302247354,-0.641350000833971,0.5293779233653189,47.0,0.8498835087000991,-0.28682043984686123,small
fakebr,inflected_verbs,morphosyntax,False,False,10,0.41929299999999997,0.292682581232069,10,0.478139,0.06032363024185096,0.0015367880587644441,0.6534413132792377,-0.6227106203997834,0.5412842905409474,66.0,0.24061307571063617,-0.27848465550499657,small
fakebr,non-inflected_verbs,morphosyntax,False,False,10,0.280707,0.19866494412284552,10,0.521861,0.060323630241850966,0.00357469709306638,0.6534413132792392,-3.6730097352599436,0.0017401690903884137,4.0,0.0005717769654451723,-1.6426198900119482,large
fakebr,participle_verbs,morphosyntax,False,False,10,0.10897300000000001,0.09648541272015049,10,0.277188,0.07343775910403463,0.38264945550984963,0.4181756430088587,-4.3870091983676325,0.0003555353172486267,9.0,0.00216851606410531,-1.961930157093377,large
fakebr,passive_ratio,morphosyntax,False,False,10,0.045465,0.060047944594298984,10,0.073585,0.03435964921887947,0.012067970107785446,0.5833639934319123,-1.2853265886493799,0.214970486633977,30.0,0.13747199804672977,-0.5748155251015845,medium
fakebr,prepositions_per_clause,morphosyntax,False,False,10,1.052608,0.7845736302929834,10,1.464095,0.17819036594795656,0.07138897978043121,0.2644257271253742,-1.6173379242434978,0.12319509147102839,32.0,0.1850486951850323,-0.7232955082393732,medium
fakebr,prepositions_per_sentence,morphosyntax,False,False,10,2.369318,1.7765349260024885,10,5.603613999999999,1.009444105504499,0.08238938369025689,0.5815258935755191,-5.005514553092416,9.17400958799785e-05,3.0,0.00043094945703230265,-2.238534160615824,large
fakebr,relative_clauses,morphosyntax,False,False,10,0.042625,0.04660963521037732,10,0.132776,0.03743152450364087,0.008929245940317868,0.4367327498427608,-4.768908271463996,0.00015347331042288165,5.0,0.0006969924166874906,-2.1327206146909035,large
fakebr,second_person_possessive_pronouns,morphosyntax,False,False,10,0.0,0.0,10,0.0,0.0,,,,,50.0,,0.0,negligible
fakebr,sentences_with_five_clauses,morphosyntax,False,False,10,0.030249000000000005,0.04599247123171357,10,0.163303,0.09516452140605997,0.0016227715675436252,0.3457437919414529,-3.9808001227862553,0.0008765237888367816,11.5,0.003310942529249739,-1.7802679358779152,large
fakebr,sentences_with_four_clauses,morphosyntax,False,False,10,0.060190999999999995,0.05661222197252699,10,0.210847,0.12804457896026333,0.07108180570757554,0.037711415179878895,-3.40294109837379,0.0031707877055102652,15.5,0.009633457621512943,-1.5218415238783187,large
fakebr,sentences_with_one_clause,morphosyntax,False,False,10,0.250288,0.19779280437422952,10,0.074875,0.06587628425903952,0.25187364995787986,0.32187711866001323,2.660777318268687,0.015921882169473846,74.5,0.06576764491272229,1.1899357913276756,large
fakebr,sentences_with_seven_more_clauses,morphosyntax,False,False,10,0.007142999999999999,0.02258814932658273,10,0.077559,0.08529718823684114,1.0036928138890277e-07,0.03692453377847685,-2.5235897722485685,0.02123908302248532,23.5,0.02103442540683569,-1.1285836556142024,large
fakebr,sentences_with_six_clauses,morphosyntax,False,False,10,0.026785999999999997,0.04552727124116562,10,0.115636,0.08337377847847473,0.00025083504565434053,0.7816136009353711,-2.9577388727759555,0.00842411790751687,19.0,0.01546881412591276,-1.3227410358441276,large
fakebr,sentences_with_three_clauses,morphosyntax,False,False,10,0.126317,0.12740254768514903,10,0.189216,0.10796691830782654,0.18821238565027176,0.047679822705393185,-1.1910582336056694,0.2491005309690743,32.5,0.1969025679971107,-0.5326574351006204,medium
fakebr,sentences_with_two_clauses,morphosyntax,False,False,10,0.181277,0.20439422339358482,10,0.13019,0.12802669226896918,0.016302651067154564,0.1751098525445116,0.6698367325376406,0.5114640922145457,52.5,0.8757773722487533,0.29956009355610197,small
fakebr,sentences_with_zero_clause,morphosyntax,False,False,10,0.017749,0.03233937519151812,10,0.038373,0.04307208971273883,8.711690150897503e-05,0.01435552231460314,-1.210865858541745,0.24160622035174764,39.5,0.39263396445458054,-0.5415156742665973,medium
fakebr,ratio_subordinate_conjunctions,morphosyntax,False,False,10,0.339503,0.2807583221305391,10,0.346845,0.12189843680065976,0.06032512287301259,0.9441726202877293,-0.07585436746152771,0.9403716930409202,52.0,0.909484397742386,-0.033923104406844824,negligible
fakebr,third_person_possessive_pronouns,morphosyntax,False,False,10,0.55,0.49721446300587663,10,0.5,0.5270462766947299,0.0012799426050452527,0.00025396273937144915,0.2182178902359926,0.829714214549379,52.5,0.864569301686742,0.09759000729485341,negligible
fakebr,negative_words,semantics_lexical,False,False,10,0.31029999999999996,0.09430958699941379,10,0.308164,0.0693481093549861,0.15281915554055253,0.5277616509641013,0.0577013739405274,0.9546222319245457,50.0,1.0,0.025804838905230835,negligible
fakebr,positive_words,semantics_lexical,False,False,10,0.38840600000000003,0.09085271330871499,10,0.46607000000000004,0.0985833373344603,0.49051674773578663,0.39919310223709187,-1.831938110438485,0.08356065847286212,26.0,0.07566157214388704,-0.819267629102594,large
fakebr,abstract_nouns_ratio,semantics_lexical,False,False,10,0.033762,0.02118297051879174,10,0.050433000000000006,0.011079110523864268,0.9451804891258958,0.9927238983965271,-2.205295847723085,0.040676850908175556,21.0,0.031209012771740218,-0.9862382852013687,large
fakebr,demonstrative_pronoun_ratio,cohesion_referential,False,True,10,0.23864100000000002,0.24796125236953187,10,2.761743,1.5132838988038197,0.08570652482247093,0.9506273792220725,-5.203087401970615,5.994569116675266e-05,8.0,0.0015594996942915283,-2.326891424735814,large
fakebr,coreference_pronoun_ratio,cohesion_referential,False,False,10,0.154891,0.2609559463225759,10,0.8,1.1352924243950933,0.0005575937330909993,0.0027241573952852044,-1.75123841016987,0.09692681763401963,42.0,0.5220327747030054,-0.7831776259896978,medium
fakebr,adjective_diversity_ratio,complexity_lexical_diversity,False,False,10,0.945613,0.0883812455030289,10,0.9060560000000001,0.0576517308596291,0.00014627377870345321,0.6121191402182211,1.1854381165726549,0.2512587332083918,70.5,0.11814307029217389,0.5301440423551553,medium
fakebr,adjectives_max,morphosyntax,False,False,10,0.13319399999999998,0.0686097764656515,10,0.21044000000000002,0.10957762423658095,0.8469302799624763,0.0003217250646356553,-1.889420235920162,0.07505382301124498,22.0,0.03727646320484931,-0.8449744171162344,large
fakebr,adjectives_min,morphosyntax,False,False,10,0.0,0.0,10,0.007676,0.01254029788765447,,0.00013291911144581322,-1.9356512530176113,0.06877779248382951,35.0,0.07787247147704081,-0.8656495564960048,large
fakebr,adjectives_standard_deviation,morphosyntax,False,False,10,0.045347,0.022524754801970404,10,0.05192699999999999,0.01919936518047754,0.6607133325924499,0.011375230949894028,-0.7030379164604619,0.4910259496510529,46.0,0.7913367801006604,-0.3144081143930822,small
fakebr,adverbs_diversity_ratio,complexity_lexical_diversity,False,False,10,0.8911110000000001,0.11953264272434817,10,0.841447,0.1181884737799945,0.01190861468357966,0.34513693513397553,0.9342906210587224,0.362519230155731,61.5,0.3948041182122859,0.4178274678855601,small
fakebr,adverbs_max,morphosyntax,False,False,10,0.143772,0.1190361472457468,10,0.09730799999999999,0.037707541774380716,0.0500664400292038,0.9929515028729871,1.1767200669433762,0.25463454527061435,55.0,0.7335371872311481,0.5262452120346984,medium
fakebr,adverbs_min,morphosyntax,False,False,10,0.0,0.0,10,0.0,0.0,,,,,50.0,,0.0,negligible
fakebr,adverbs_standard_deviation,morphosyntax,False,False,10,0.042906,0.02765400360807736,10,0.030361,0.009222954997661481,0.11699661007058465,0.8262664348978191,1.3608509506005924,0.19035732628160631,60.0,0.47267559351158717,0.6085910465576267,medium
fakebr,concretude_mean,complexity_psycholinguistic,False,False,10,4.112041999999999,0.17327805065847213,10,3.997039,0.10915551683009175,0.5776261329080977,0.3921243399329672,1.7757992607434263,0.09267449607982263,70.0,0.14046504815835495,0.794161572283235,medium
fakebr,concretude_std,complexity_psycholinguistic,False,False,10,0.7780919999999999,0.1049252839775894,10,0.698221,0.05268355603664834,0.030770931425633554,0.048015717144176594,2.151234471236655,0.045286302554381874,79.0,0.031209012771740218,0.9620613026451955,large
fakebr,concretude_1_25_ratio,complexity_psycholinguistic,False,False,10,0.006823,0.008181196666068412,10,0.006561,0.006150888734339307,0.025439158613379035,0.20112539902252513,0.08094542926742564,0.9363785897138431,46.5,0.8147534507466488,0.03619989646197294,negligible
fakebr,concretude_25_4_ratio,complexity_psycholinguistic,False,False,10,0.47008799999999995,0.07516849351808094,10,0.5245580000000001,0.06733019725370055,0.9467732446195027,0.3091033793632655,-1.7068897675139776,0.10503442491244253,32.0,0.18587673236587576,-0.7633443100520132,medium
fakebr,concretude_4_55_ratio,complexity_psycholinguistic,False,False,10,0.479782,0.06870738320345686,10,0.44220800000000005,0.061127958833181326,0.5855049802112184,0.053149839561491975,1.2920244877330733,0.21269144511368487,64.0,0.3074894566186813,0.577810916633099,medium
fakebr,concretude_55_7_ratio,complexity_psycholinguistic,False,False,10,0.043304999999999996,0.03446986131229554,10,0.026674999999999997,0.018338340073917995,0.125366828991478,0.29047245998127075,1.3468938500217962,0.19472866739649702,67.0,0.21229383619233155,0.6023492414250285,medium
fakebr,content_word_diversity,complexity_lexical_diversity,False,False,10,0.831743,0.05735268530960187,10,0.924154,0.03603788753212067,0.1915561398238801,0.031888569275159935,-4.314287995769628,0.0004176573689224913,6.0,0.0010079762403767444,-1.929408246610443,large
fakebr,content_words_ambiguity,semantics_lexical,False,False,10,4.215596000000001,0.7816672879059365,10,3.7845499999999994,0.3497446476438996,0.7418673354055894,0.940019271966948,1.591751815392253,0.12884941947965148,69.0,0.16197241048012612,0.7118530525051547,medium
fakebr,content_word_max,complexity_lexical_diversity,False,False,10,0.721429,0.12243726806001515,10,0.712881,0.07653403693782264,0.07811624462103497,0.06887962761939094,0.18720986813301957,0.8535901112214458,48.0,0.909279334971828,0.0837227982408407,negligible
fakebr,content_word_min,complexity_lexical_diversity,False,False,10,0.38150700000000004,0.1462346763140216,10,0.46550400000000003,0.03696566460920188,0.0018260404478510335,0.958452676272878,-1.7610153418058676,0.09521421771431814,27.0,0.08825232312097814,-0.7875500027395895,medium
fakebr,content_word_standard_deviation,complexity_lexical_diversity,False,False,10,0.098418,0.04497096095136159,10,0.062556,0.0113882612076354,0.06152916852753696,0.014907425652281257,2.4445859896804674,0.025021667448492033,76.0,0.053902557169387175,1.093252089953825,large
fakebr,dalechall_adapted,complexity_readability,False,False,10,11.180537999999999,1.1399006246920533,10,11.729435999999998,0.43239934914125144,0.44975449803166756,0.5133114582019161,-1.4237448991844168,0.1716245246768981,38.0,0.3846730627355087,-0.6367180754389882,medium
fakebr,easy_conjunctions_ratio,complexity_simplicity,False,False,10,0.056903999999999996,0.014541783628947005,10,0.06534599999999999,0.009561144980248616,0.36654071877160327,0.027367319659027365,-1.533948545439657,0.14243143038429684,27.0,0.08897301170181328,-0.6860026443179998,medium
fakebr,familiaridade_mean,complexity_psycholinguistic,False,False,10,4.733244000000001,0.17990187443900263,10,4.613415000000001,0.06668091535231231,0.5064063041176283,0.16952173442041196,1.9750266347333398,0.0638057280112555,71.0,0.12122450301291662,0.883258762527279,large
fakebr,familiaridade_std,complexity_psycholinguistic,False,False,10,0.78035,0.07446130180615074,10,0.706617,0.039438160609011966,0.8092615063267434,0.05750061774418006,2.7671786367402422,0.01269793714018874,82.0,0.017257456083119765,1.2375199075272756,large
fakebr,familiaridade_1_25_ratio,complexity_psycholinguistic,False,False,10,0.005082,0.0074925767708223494,10,0.003655,0.00495901031792971,0.002870559973197569,0.002490111646146711,0.5022329231761571,0.621592091484906,53.0,0.8310907900849374,0.2246053913520634,small
fakebr,familiaridade_25_4_ratio,complexity_psycholinguistic,False,False,10,0.18278300000000003,0.09499539006943676,10,0.18133399999999997,0.02581952112474418,0.23943503200816357,0.9768123407662747,0.0465467327417774,0.9633870281076896,42.0,0.5707503880581739,0.020816331708225888,negligible
fakebr,familiaridade_4_55_ratio,complexity_psycholinguistic,False,False,10,0.608195,0.09309412539646815,10,0.6937390000000001,0.025408332600852748,0.48144719336106284,0.9203258647758004,-2.80327528947055,0.011753928194899538,16.0,0.011329696684474665,-1.25366282138031,large
fakebr,familiaridade_55_7_ratio,complexity_psycholinguistic,False,False,10,0.203938,0.07667962554246946,10,0.12126999999999999,0.025927353637937422,0.08277986577498575,0.7840038493371602,3.229614827883083,0.00464951363363099,91.0,0.0022022199424970783,1.4443276592575713,large
fakebr,function_word_diversity,complexity_lexical_diversity,False,False,10,0.436635,0.07544950662529214,10,0.348294,0.03969271027391415,0.11858109234595976,0.9145544340493454,3.2768056963447383,0.004190356936448503,90.0,0.0028272720911168077,1.4654320572170738,large
fakebr,gunning_fox,complexity_readability,False,True,10,7.41344,2.296779094703421,10,30.452019999999997,2.3059260718852204,0.7702913385152848,0.10666949851613938,-22.3849790038861,1.365999775045993e-14,0.0,0.00018267179110955002,-10.010866945518972,large
fakebr,hard_conjunctions_ratio,complexity_simplicity,False,False,10,0.015110000000000002,0.009025917004813295,10,0.016288000000000004,0.00632022643757502,0.5189047828110458,0.5300796904849664,-0.33807549834877876,0.7392174094516551,46.0,0.7913367801006604,-0.15119195916699746,negligible
fakebr,idade_aquisicao_mean,complexity_psycholinguistic,False,False,10,4.9505289999999995,0.5134523249414474,10,5.573216,0.18731175292069174,0.1397071425717446,0.4955044014085397,-3.6027853498431726,0.00203455360816996,7.0,0.0013149446697132139,-1.611214590117939,large
fakebr,idade_aquisicao_std,complexity_psycholinguistic,False,False,10,1.561111,0.2159870756652917,10,1.4750420000000002,0.06497614310909303,0.8887384285990726,0.9659101021624747,1.20671858690964,0.24316095371457136,61.0,0.4273553138978077,0.5396609580084887,medium
fakebr,idade_aquisicao_1_25_ratio,complexity_psycholinguistic,False,False,10,0.086529,0.051122158155191805,10,0.039113999999999996,0.015096036418727784,0.22230380223061774,0.20865596876871045,2.8128865300040893,0.01151416760709621,84.0,0.01129895191826991,1.257961098816529,large
fakebr,idade_aquisicao_25_4_ratio,complexity_psycholinguistic,False,False,10,0.21331699999999998,0.08426298304844318,10,0.12316099999999999,0.024961573334494228,0.14727976199369885,0.9278528843145967,3.2440857573890796,0.004503702954608701,91.0,0.0022022199424970783,1.4507992556721743,large
fakebr,idade_aquisicao_4_55_ratio,complexity_psycholinguistic,False,False,10,0.275005,0.06860708211742186,10,0.246481,0.045722662129651,0.998158978698017,0.29346584148508115,1.0940471162371526,0.2883593807969261,65.0,0.27303633975118835,0.4892727444987774,small
fakebr,idade_aquisicao_55_7_ratio,complexity_psycholinguistic,False,False,10,0.324765,0.1060489418722423,10,0.45345500000000005,0.034638263765187,0.9529807940318541,0.21946931378389323,-3.647763162039,0.0018407771704497698,12.0,0.004586392080253494,-1.631329279227757,large
fakebr,imageabilidade_mean,complexity_psycholinguistic,False,False,10,4.27857,0.21792569355427358,10,4.10032,0.12579015276774766,0.07025629977961965,0.7623171549699743,2.2401495906062796,0.03793788296358171,79.0,0.031209012771740218,1.0018253528727932,large
fakebr,imageabilidade_std,complexity_psycholinguistic,False,False,10,0.6065730000000001,0.06706872247511834,10,0.5708360000000001,0.047414469240236505,0.5027582343845929,0.24136424169331516,1.3758902877214227,0.18573514850928668,71.0,0.12122450301291662,0.6153168425853692,medium
fakebr,imageabilidade_1_25_ratio,complexity_psycholinguistic,False,False,10,0.001149,0.0036334570315334678,10,0.000437,0.001381915337493582,1.0036928138890371e-07,1.0036928138890371e-07,0.5791930367390912,0.5696371422456771,50.5,1.0,0.2590230004486282,small
fakebr,imageabilidade_25_4_ratio,complexity_psycholinguistic,False,False,10,0.339526,0.09628676142994252,10,0.455875,0.08932697356093262,0.4955260396508769,0.8471961137216635,-2.801318296498094,0.011803331591595566,17.0,0.014019277113959953,-1.2527876275167298,large
fakebr,imageabilidade_4_55_ratio,complexity_psycholinguistic,False,False,10,0.6175729999999999,0.06816146566140661,10,0.529176,0.08480673416657432,0.23973410538156598,0.9248894666817424,2.569184450427818,0.019308670422248313,80.0,0.025692444548908212,1.1489742155784077,large
fakebr,imageabilidade_55_7_ratio,complexity_psycholinguistic,False,False,10,0.041753,0.052208107086501,10,0.014511999999999997,0.012549361028443727,0.00017874073481711773,0.3483211750804963,1.604307825882233,0.12604785250315217,75.0,0.06362233260013418,0.7174682711015138,medium
fakebr,indefinite_pronoun_ratio,morphosyntax,False,False,10,0.12614,0.1535978359945941,10,0.09673000000000001,0.07652438376825463,0.010433741643308065,0.4124959025875001,0.5419573158290908,0.5944940796910845,50.0,1.0,0.24237067981943397,small
fakebr,indefinite_pronouns_diversity,complexity_lexical_diversity,False,False,10,0.54,0.4880801391392834,10,0.75,0.42491829279939874,0.002385356787320935,0.00011811489472730491,-1.0261892970281368,0.3183961758894308,35.5,0.23891837245589398,-0.4589258051875274,small
fakebr,medium_long_sentence_ratio,complexity_simplicity,False,False,10,0.115364,0.08677182417761604,10,0.008333,0.02635125974218311,0.5684018700497079,1.0036928138890277e-07,3.732286214615788,0.001524951522773683,88.5,0.0016485781511717086,1.6691291374732542,large
fakebr,max_noun_phrase,morphosyntax,False,False,10,19.3,6.165315167216605,10,32.1,7.1094616142464995,0.6802585352820623,0.42395382228243994,-4.301323072690392,0.0004298344671625597,7.5,0.0014500759610523912,-1.9236101567447976,large
fakebr,mean_noun_phrase,morphosyntax,False,False,10,5.144407,1.1841000846498482,10,7.618882999999999,1.62260103551229,0.8862966757007489,0.4745921367767347,-3.8955196372226073,0.0010599466791755194,10.0,0.0028272720911168077,-1.7421293433030138,large
fakebr,medium_short_sentence_ratio,complexity_simplicity,False,False,10,0.068702,0.06636156598513933,10,0.010834,0.023587949465775946,0.10278214683690234,1.0487707510905265e-05,2.598284738580986,0.018164751800888276,76.0,0.029500621444243133,1.1619882600734712,large
fakebr,min_noun_phrase,morphosyntax,False,False,10,1.0,0.0,10,1.0,0.0,,,,,50.0,,0.0,negligible
fakebr,noun_diversity,complexity_lexical_diversity,False,False,10,0.727421,0.0778898390820152,10,0.8466889999999999,0.062394008517556304,0.8708974853358141,0.7668612534494006,-3.779181677473742,0.0013736598055694713,11.0,0.0036105143123296027,-1.6901014260305947,large
fakebr,nouns_max,morphosyntax,False,False,10,0.593097,0.26716193653745746,10,0.575209,0.15538754586516898,0.34876863271582836,0.003957979755622649,0.18302601921435543,0.8568233641103787,65.5,0.2557641975888,0.08185172412289628,negligible
fakebr,nouns_min,morphosyntax,False,False,10,0.21050500000000003,0.11294269906559797,10,0.249093,0.0357353584780614,0.00029683205995871716,0.5706258557260987,-1.0300918182996188,0.3166104634276046,49.0,0.969667058544601,-0.4606710657568619,small
fakebr,nouns_standard_deviation,morphosyntax,False,False,10,0.10973300000000001,0.056592606711870455,10,0.084095,0.035431158368494434,0.8721250189822811,0.002488211501208591,1.2142544998368685,0.24034152702453898,73.0,0.08897301170181328,0.5430311207240491,medium
fakebr,oblique_pronouns_ratio,morphosyntax,False,False,10,0.071607,0.07975727748752601,10,0.046828,0.043964050920420585,0.04639204479607319,0.0746637776712364,0.8603995228591044,0.40088424394864314,58.0,0.557571787455645,0.3847823641842683,small
fakebr,preposition_diversity,complexity_lexical_diversity,False,False,10,0.386709,0.08339285093926084,10,0.284586,0.046772919325419736,0.49259735243332337,0.9172823343015519,3.37754550071527,0.003354178541652892,84.0,0.011329696684474665,1.510484267339582,large
fakebr,pronoun_diversity,complexity_lexical_diversity,False,False,10,0.813785,0.18161850384497966,10,0.593988,0.09574998146794134,0.055493486593930025,0.6208972614325572,3.385367068969628,0.003296608537810495,90.5,0.00245027407985633,1.5139821790010615,large
fakebr,pronouns_max,morphosyntax,False,False,10,0.168295,0.14522433835277063,10,0.127917,0.04867576856666524,0.0211519352852358,0.4429297397277399,0.8336542978500996,0.4154019931511505,49.0,0.9698499769931556,0.3728215359455359,small
fakebr,pronouns_min,morphosyntax,False,False,10,0.0,0.0,10,0.0,0.0,,,,,50.0,,0.0,negligible
fakebr,pronouns_standard_deviation,morphosyntax,False,False,10,0.051471,0.03400205139236292,10,0.037389,0.010635055712124877,0.2651851406212007,0.6969246298298696,1.2499475684296886,0.22732643391386737,65.0,0.27303633975118835,0.5589935462638708,medium
fakebr,punctuation_diversity,complexity_lexical_diversity,False,False,10,0.211782,0.07864433041654477,10,0.10284299999999999,0.03667497301369908,0.4571616450156843,0.16240287598958575,3.969961979411521,0.000897943361152773,90.0,0.0028169056281937455,1.7754209708107562,large
fakebr,punctuation_ratio,morphosyntax,False,True,10,0.16560400000000003,0.06315672326311217,10,0.090026,0.014708464834161918,0.33281643564784447,0.8409945875862171,3.685587124972995,0.0016921095256323556,95.0,0.0007685389131627665,1.6482446696875264,large
fakebr,sentence_length_max,complexity_descriptive,False,False,10,42.9,26.780797432322867,10,48.8,5.788878225624643,0.0035330473374747336,0.41101894043727555,-0.680945533871222,0.5045724152885992,24.5,0.05859166171120053,-0.3045281005421876,small
fakebr,sentence_length_min,complexity_descriptive,False,False,10,4.4,2.9514591494904874,10,14.3,6.325433669805661,0.20128720541746242,0.6205389333257821,-4.4850950421432705,0.0002862588906414066,10.5,0.0030613119921483675,-2.005795479955928,large
fakebr,sentence_length_standard_deviation,complexity_descriptive,False,False,10,10.932987,6.6254484750326315,10,9.492456999999998,0.5500525899917813,0.0017906239797822673,0.896692637339023,0.6851970264281353,0.5019489915586302,50.0,1.0,0.3064294258148061,small
fakebr,short_sentence_ratio,complexity_simplicity,False,False,10,0.320428,0.1455863052778126,10,0.038574,0.07958010921217828,0.613363257585416,2.9415349601919353e-05,5.371975028460196,4.1803972488424586e-05,97.5,0.00028173844643926866,2.402420267413673,large
fakebr,std_noun_phrase,morphosyntax,False,False,10,4.394801,1.4078161548018657,10,6.2740990000000005,1.3611211422161429,0.9716103782253727,0.07201745047385287,-3.034839880332092,0.007124070234864926,17.0,0.014019277113959953,-1.3572216546499771,large
fakebr,subtitles,complexity_descriptive,True,False,10,0.0,0.0,10,0.0,0.0,,,,,50.0,,0.0,negligible
fakebr,dialog_pronoun_ratio,complexity_simplicity,False,False,10,0.11000000000000001,0.23309511649396117,10,0.05,0.15811388300841897,8.01894860028279e-06,1.0036928138890277e-07,0.6736330697086078,0.5091029363128856,55.5,0.5428024537573732,0.3012578671520604,small
fakebr,verb_diversity,complexity_lexical_diversity,False,False,10,0.910037,0.04811419703857341,10,0.9019409999999999,0.0428696332436428,0.23863514466821073,0.02360721991227799,0.3972838981813522,0.6958296042796761,62.0,0.3844942826161789,0.1776707605399217,negligible
fakebr,verbs_max,morphosyntax,False,False,10,0.317373,0.16856243828656226,10,0.19601200000000002,0.03163697478162748,0.43811276412135136,0.20811995552977647,2.2376938679697855,0.03812515593727846,87.0,0.005740314399284417,1.000727120322976,large
fakebr,verbs_min,morphosyntax,False,False,10,0.03844499999999999,0.03029818155526096,10,0.039742,0.03187057221534206,0.1088196675713945,0.22160333153065076,-0.09327042324818764,0.926719053214366,49.5,1.0,-0.04171180133462486,negligible
fakebr,verbs_standard_deviation,morphosyntax,False,False,10,0.07585,0.04040731259451823,10,0.041331,0.006153929999962986,0.4062370876903781,0.21511019766681072,2.6706632990435706,0.01559217428225143,88.0,0.004586392080253494,1.1943569363350546,large
fakebr,long_sentence_ratio,morphosyntax,False,False,10,0.495505,0.1795555692536436,10,0.942259,0.11600102341023644,0.6514860174407787,2.219231140280262e-05,-6.608870871963197,3.318741042809697e-06,2.0,0.00027235521452833385,-2.9555769048456035,large
fakebr,indicative_condition_ratio,morphosyntax,False,False,10,0.029556,0.04140218115564015,10,0.08426700000000001,0.08381888636949446,0.0015599722119695085,0.10672754219623692,-1.850654039103581,0.08070207738325162,25.5,0.060773665453202855,-0.8276376468540324,large
fakebr,indicative_future_ratio,morphosyntax,False,False,10,0.044217,0.09792887192583537,10,0.018216999999999997,0.025430949232950167,1.2189015273951769e-05,0.0019278556413749796,0.8126270965813823,0.42704963881545205,48.0,0.8941551428492122,0.3634178856628516,small
fakebr,indicative_imperfect_ratio,morphosyntax,False,False,10,0.014258999999999999,0.034710631880672464,10,0.037687000000000005,0.0372410010159054,3.3004962217820326e-06,0.07690991640709889,-1.45526191927776,0.16281567929031718,28.0,0.07523451129360734,-0.6508129153143767,medium
fakebr,indicative_preterite_perfect_ratio,morphosyntax,False,False,10,0.172448,0.1253064494039402,10,0.26548800000000006,0.09009435273953388,0.019277020788643302,0.9730138480069016,-1.9063853271898712,0.07269405978872266,29.0,0.12010427029716877,-0.8525614365809461,large
fakebr,indicative_pluperfect_ratio,morphosyntax,False,False,10,0.042685,0.05388700260730782,10,0.095087,0.05031971273765382,0.012100550060598219,0.28046288299121724,-2.247567952059256,0.037377299239197435,23.0,0.043144487695422146,-1.005142944970897,large
fakebr,indicative_present_ratio,morphosyntax,False,False,10,0.35868900000000004,0.2767863915428888,10,0.46155099999999993,0.13070625934599392,0.17632028144333967,0.6675917259558373,-1.0626668772685068,0.3019829030144753,41.5,0.5445923777157523,-0.4752390750019615,small
fakebr,infinite_subordinate_clauses,morphosyntax,False,False,10,0.164463,0.1446500107193605,10,0.354369,0.06300648528348314,0.2640750365997272,0.8268757528680011,-3.8062403090577606,0.0012932799317492522,10.5,0.0031400927467230846,-1.7022024139505922,large
fakebr,named_entity_ratio_sentence,semantics_lexical,False,True,10,0.055042,0.04920283365823557,10,0.050793,0.02097986338796747,0.25416944002360964,0.9915672974535261,0.2512014969402913,0.804503659859045,52.0,0.9095864090443472,0.11234072464163938,negligible
fakebr,named_entity_ratio_text,semantics_lexical,False,True,10,0.046781,0.04502697893732404,10,0.05433199999999999,0.019381922734571223,0.2812034019150025,0.9556157922132877,-0.48710171031547383,0.6320651319726581,42.0,0.5701699724963722,-0.21783850724436202,small
fakebr,non_svo_ratio,morphosyntax,False,False,10,0.174009,0.1303252760041411,10,0.253996,0.04534036298438242,0.07637478842392072,0.6239079528816294,-1.8330785566515415,0.0833839600624537,32.5,0.1979195112877884,-0.8197776521540092,large
fakebr,postponed_subject_ratio,morphosyntax,False,False,10,0.022843000000000002,0.03270600184471754,10,0.066496,0.04682395521762576,0.0031381268265485134,0.517563978589559,-2.4169135191031303,0.026490050507279938,22.5,0.036886155690377675,-1.0808765848905673,large
fakebr,relative_pronouns_ratio,morphosyntax,False,False,10,0.12168100000000001,0.16338990139132425,10,0.49014100000000005,0.16108921361572703,0.006956431558480261,0.5076170652502014,-5.078175200352312,7.841411602872195e-05,4.5,0.0006032068253338446,-2.271028989928277,large
fakebr,relative_pronouns_diversity_ratio,complexity_lexical_diversity,False,False,10,0.4071429999999999,0.4617452424600003,10,0.358939,0.16447926005359392,0.00466172286854456,0.10758978146519915,0.3109857198507102,0.7593840858454313,48.0,0.9087953828717115,0.13907704192357878,negligible
fakebr,subjunctive_future_ratio,morphosyntax,False,False,10,0.0,0.0,10,0.0,0.0,,,,,50.0,,0.0,negligible
fakebr,subjunctive_imperfect_ratio,morphosyntax,False,False,10,0.005351,0.012893530203598666,10,0.002632,0.008323114801563175,3.7895797414900507e-06,1.0036928138890277e-07,0.5602704847786036,0.582201754097216,55.0,0.5842485531772132,0.2505605779503438,small
fakebr,subjunctive_present_ratio,morphosyntax,False,False,10,0.032794000000000004,0.043243277499385835,10,0.03204,0.044975159563672235,0.00176633116856807,0.006705544111878866,0.03821583127318815,0.9699362586472159,50.0,1.0,0.01709063930870221,negligible
fakebr,subordinate_clauses,morphosyntax,False,False,10,0.30389600000000005,0.22174076101008883,10,0.598521,0.0755314635617355,0.019503692172698896,0.24895515420958747,-3.977282289481245,0.0008834193528780174,6.0,0.0009903746557158209,-1.778694712997212,large
fakebr,temporal_adjunct_ratio,morphosyntax,False,False,10,0.053916000000000006,0.06173249481071987,10,0.097566,0.0386700818032063,0.022720656141734585,0.07717549859370755,-1.8949132145536896,0.07428245056679433,29.0,0.1184202171617957,-0.8474309518409388,large
fakebr,adverbs_before_main_verb_ratio,morphosyntax,False,False,10,0.146233,0.11490394723420079,10,0.207389,0.05304003696370423,0.15882329678492635,0.9210490432666503,-1.5281283653045454,0.14386287995804312,33.0,0.21091587279490953,-0.683399780633319,medium
fakebr,verbal_time_moods_diversity,morphosyntax,False,False,10,3.4,2.836272984824353,10,5.6,1.1737877907772671,0.15655867566592896,0.1079798294596298,-2.266449305153368,0.035984800763225806,28.0,0.09784470528376155,-1.0135869427760194,large
fakebr,ratio_function_to_content_words,morphosyntax,False,False,10,0.6439489999999999,0.11886923136605013,10,0.5823539999999999,0.03848679028792433,0.8159722560776688,0.2916214295913684,1.558936151795761,0.13642002191790145,73.0,0.08897301170181328,0.6971774415994504,medium
faketruebr,adjective_ratio,morphosyntax,False,False,9,0.06656777777777778,0.019561474751266697,9,0.09949444444444445,0.015826190406341565,0.6296389990802117,0.006107487837809615,-3.9257816754369825,0.0012064507208394857,6.0,0.0026797144168214833,-1.8506312294395841,large
faketruebr,adverbs,morphosyntax,False,False,9,0.03285888888888889,0.029956080119253103,9,0.03180333333333333,0.012323502951677334,0.027090064215001555,0.02540327936253441,0.09776105294613018,0.9233362434255539,28.0,0.289065869397231,0.04608500231609717,negligible
faketruebr,content_words,morphosyntax,False,False,9,0.5959077777777778,0.04744334088620282,9,0.6286522222222222,0.014127977365654461,0.9649379494443414,0.08720880361171318,-1.9844225618543,0.06463265168186247,21.0,0.0933976745287926,-0.9354657668178379,large
faketruebr,flesch,complexity_readability,False,False,9,47.412195555555556,15.492670755170096,9,5.298006666666667,9.336646494350902,0.8827360952346059,0.9347050822253322,6.984668926696909,3.0775660863660732e-06,81.0,0.00041229480206169127,3.2926045082735658,large
faketruebr,function_words,morphosyntax,False,False,9,0.4040922222222222,0.047443340886202834,9,0.3713477777777778,0.014127977365654442,0.9649379494443433,0.08720880361171318,1.984422561854303,0.06463265168186215,60.0,0.0933976745287926,0.9354657668178392,large
faketruebr,sentences_per_paragraph,complexity_descriptive,True,False,9,4.111111111111111,1.9808107206674521,9,2.061331111111111,0.944161748211667,0.09578124328920362,0.00019395978354365024,2.802386240020101,0.012778306392570484,74.0,0.0034326821514024312,1.3210575425480566,large
faketruebr,syllables_per_content_word,complexity_descriptive,False,False,9,2.80328,0.3003591955059807,9,3.29734,0.12803525442236602,0.5918636489185165,0.6408725061666201,-4.539465090167907,0.0003350746735410154,2.0,0.0007922682038502908,-2.1399243654782194,large
faketruebr,words_per_sentence,complexity_descriptive,False,False,9,17.403512222222222,5.743597798263684,9,28.978286666666666,3.8251538359718302,0.7871306219268145,0.5383993886837172,-5.031944286760094,0.0001227091271096962,4.0,0.0014784647972275091,-2.372081285147312,large
faketruebr,noun_ratio,morphosyntax,False,False,9,0.3239755555555555,0.0367423672723707,9,0.3409555555555556,0.023234987686198107,0.6104017996347857,0.6592973073826589,-1.1717727958122435,0.258442148473349,24.0,0.1577043874630777,-0.5523789932858381,medium
faketruebr,paragraphs,complexity_descriptive,True,False,9,2.0,0.0,9,6.222222222222222,1.986062547968831,,0.38866153097348516,-6.377778323054837,9.15845520097577e-06,4.5,0.000556162927461357,-3.006513534091095,large
faketruebr,sentences,complexity_descriptive,False,False,9,8.222222222222221,3.9616214413349042,9,11.333333333333334,1.5,0.09578124328920362,0.10767852594808458,-2.2032905310209756,0.04257379662918324,14.0,0.020743369035837324,-1.0386411169393606,large
faketruebr,words,complexity_descriptive,False,False,9,135.11111111111111,57.19144263883463,9,326.77777777777777,52.57085166177588,0.3436252624109444,0.4780774229188025,-7.401933853537574,1.4968486080507264e-06,0.0,0.00041229480206169127,-3.4893050811537942,large
faketruebr,pronoun_ratio,morphosyntax,False,False,9,0.08193444444444445,0.02927848916487628,9,0.03952888888888889,0.01110845898903674,0.3796512559674597,0.6626269098924097,4.062486342642524,0.0009050625568455188,77.0,0.0014784647972275091,1.9150744275735099,large
faketruebr,verbs,morphosyntax,False,False,9,0.17250444444444446,0.03746691610978648,9,0.15639777777777777,0.02660643473756761,0.7197410638764988,0.6254722387377284,1.0515106536624512,0.3086468860085683,51.0,0.37722461666745344,0.4956868757964123,small
faketruebr,logic_operators,cohesion_connectives,False,False,9,0.056276666666666676,0.02531446375098631,9,0.03450333333333333,0.013061926542436228,0.8068229067158947,0.7647087928041836,2.293079122368156,0.03572812743789281,65.0,0.034069195144143936,1.08096786481588,large
faketruebr,and_ratio,cohesion_connectives,False,False,9,0.039462222222222225,0.022783481284572044,9,0.027866666666666668,0.01150329518007775,0.6552933649910714,0.33536040198441996,1.3629648795467124,0.19176879980526887,51.0,0.3769783016625522,0.6425078058977242,medium
faketruebr,if_ratio,cohesion_connectives,False,False,9,0.0030866666666666664,0.00926,9,0.00037444444444444444,0.0011233333333333334,3.2174928554139623e-07,3.2174928554139273e-07,0.872294719924735,0.3959495009995112,41.0,1.0,0.4112036744346669,small
faketruebr,or_ratio,cohesion_connectives,False,False,9,0.003142222222222222,0.006241663996439127,9,0.0010722222222222222,0.0016233436002413182,2.297771036357915e-05,0.0004711234581969619,0.9628935380796536,0.34992893983042195,39.0,0.9110200046414229,0.45391236689122005,small
faketruebr,negation_ratio,cohesion_connectives,False,False,9,0.009323333333333333,0.01268557645517144,9,0.004795555555555556,0.004500980757321429,0.010527663424294072,0.27729786974721016,1.0091321006246388,0.32792971487162736,39.0,0.9275164922766229,0.475709434309805,small
faketruebr,cw_freq,complexity_frequency,False,False,9,189142.01546555557,132986.73715887874,9,292703.66560999997,151820.8313109888,0.06315843869123836,0.02526252942921987,-1.539345684742837,0.1432615601284293,23.0,0.1333202155896274,-0.7256545148479396,medium
faketruebr,cw_freq_brwac,complexity_frequency,False,False,9,3.964941111111111,0.4345796217450963,9,4.280354444444445,0.1293675418247473,0.41096390097896696,0.5429319161283956,-2.0868661618044313,0.05325851496960807,18.0,0.052058768750600205,-0.9837581429604376,large
faketruebr,cw_freq_bra,complexity_frequency,False,False,9,4.1157844444444445,0.3946370902205947,9,4.4888,0.09674767568267467,0.57440009839158,0.7785497287796854,-2.7540801434467146,0.014115158855833254,18.0,0.052058768750600205,-1.2982858302415945,large
faketruebr,min_cw_freq,complexity_frequency,False,False,9,2316.4853844444447,2436.9511804877015,9,500.25077666666664,310.4647649855259,0.018250135301358838,0.20207776408391054,2.217942419743043,0.04137934850829941,55.0,0.21637300805763748,1.0455480835210704,large
faketruebr,min_cw_freq_brwac,complexity_frequency,False,False,9,1.4930199999999998,0.6023231901977543,9,1.753867777777778,0.5069203525401643,0.5323175249660543,0.05379144364011014,-0.9940222591529327,0.33500815558527636,31.0,0.42677673653298365,-0.4685865867316069,small
faketruebr,min_freq_brwac,complexity_frequency,False,False,9,1.1921922222222223,0.5623832537464504,9,1.7076544444444446,0.5095798342289242,0.3790110838310232,0.12916938643315573,-2.0376379137730307,0.05847483868631304,21.0,0.0933976745287926,-0.9605517242878131,large
faketruebr,min_cw_freq_bra,complexity_frequency,False,False,9,1.590538888888889,0.6799891041671999,9,1.8113066666666664,0.5325699071718191,0.6194542973642987,0.01874676978860266,-0.7668014094627554,0.45436595738646307,32.0,0.47992869214595724,-0.3614736509696779,small
faketruebr,min_freq_bra,complexity_frequency,False,False,9,1.2980044444444445,0.6137110794606676,9,1.7299833333333332,0.5460126814461363,0.6091602094151352,0.2314434229409334,-1.5776313539202165,0.1342144641240623,22.0,0.11196135426374831,-0.743702552379666,medium
faketruebr,freq_brwac,complexity_frequency,False,False,9,4.973186666666667,0.286146206422521,9,5.233997777777777,0.07768382469629323,0.34824005312859246,0.2890628233724592,-2.638865568051112,0.017870324063441825,19.0,0.06368977513662868,-1.2439731585390879,large
faketruebr,freq_bra,complexity_frequency,False,False,9,5.095926666666666,0.2458607546966371,9,5.382143333333334,0.07801719890511336,0.16583465336091668,0.7354931885471875,-3.3288461526861624,0.004252779783577161,9.0,0.006193318174044277,-1.5692331253940897,large
faketruebr,hypernyms_verbs,semantics_lexical,False,False,9,0.4403222222222223,0.25573827239864677,9,0.8571744444444446,0.2100905206756787,0.3332344367982949,0.49591505869124636,-3.778477386405956,0.0016458040590002136,9.0,0.006193318174044277,-1.7811913216584494,large
faketruebr,brunet,complexity_readability,False,False,9,10.51025111111111,1.1597203706868786,9,11.039532222222222,0.2792011127206418,0.7149665266815247,0.16674101471686353,-1.3311278146390961,0.2018044361668714,22.0,0.11196135426374831,-0.6274996695715563,medium
faketruebr,honore,complexity_readability,False,False,9,738.2136311111111,221.86410710007925,9,1206.818648888889,160.12560665857228,0.2535767004890303,0.23660355634233154,-5.137975025570237,9.918656632243741e-05,0.0,0.00041229480206169127,-2.4220646547652263,large
faketruebr,personal_pronouns,morphosyntax,False,False,9,0.012993333333333332,0.015130109880632065,9,9.777777777777778e-05,0.0002933333333333334,0.04239732646382239,3.21749285541392e-07,2.5564518979195743,0.02112579229400169,61.0,0.03541771682189413,1.2051229818641003,large
faketruebr,ttr,complexity_lexical_diversity,False,False,9,0.6907000000000001,0.08712399038152466,9,0.7962688888888888,0.025537222071147652,0.01697519833806332,0.37727982678471106,-3.4883609829492634,0.003037299562530545,0.0,0.00041229480206169127,-1.6444291375133295,large
faketruebr,conn_ratio,cohesion_connectives,False,False,9,0.09020444444444446,0.03164947278830688,9,0.08249,0.015445515530405579,0.9142005663960107,0.4431204958501984,0.6571594444784203,0.5204203039326151,50.0,0.42677673653298365,0.30978793300765034,small
faketruebr,add_neg_conn_ratio,cohesion_connectives,False,False,9,0.003306666666666667,0.00493004310325985,9,0.005211111111111112,0.004051315972756397,0.0031194057231899216,0.3853356089199804,-0.8953518833118533,0.3838713627174343,28.0,0.2749917892280068,-0.42207292549197184,small
faketruebr,add_pos_conn_ratio,cohesion_connectives,False,False,9,0.040511111111111116,0.022169945559498135,9,0.036763333333333335,0.012700481290092908,0.7768325664436506,0.08217644178957279,0.44005009182702287,0.6657873476061598,46.0,0.6586782438537488,0.20744160266176723,small
faketruebr,cau_neg_conn_ratio,cohesion_connectives,False,False,9,0.0,0.0,9,0.0010355555555555556,0.0015947657438563753,,0.0009044233629517945,-1.948039502751229,0.06917397388766308,27.0,0.0772429808859699,-0.9183146282764427,large
faketruebr,cau_pos_conn_ratio,cohesion_connectives,False,False,9,0.039286666666666664,0.02805476563794465,9,0.03530777777777778,0.010556083290901245,0.6357782727252841,0.5759777835806129,0.3982207074958349,0.6957308871356739,42.5,0.8945717124954842,0.18772304178613963,negligible
faketruebr,log_neg_conn_ratio,cohesion_connectives,False,False,9,0.0,0.0,9,0.0031066666666666664,0.0023034050881249697,,0.6214199050508838,-4.046183647005276,0.0009365793403466873,9.0,0.0018485952938147208,-1.907389263149031,large
faketruebr,log_pos_conn_ratio,cohesion_connectives,False,False,9,0.028443333333333334,0.01811208091302598,9,0.03251222222222222,0.007270061515863841,0.9602022282575059,0.7876107754844203,-0.6254475205867545,0.5404965504737693,30.5,0.401298917667005,-0.2948387887221379,small
faketruebr,tmp_neg_conn_ratio,cohesion_connectives,False,False,9,0.0,0.0,9,0.0,0.0,,,,,40.5,,0.0,negligible
faketruebr,tmp_pos_conn_ratio,cohesion_connectives,False,False,9,0.008611111111111111,0.012527770596203905,9,0.010788888888888888,0.010567966271289435,0.005494956415240901,0.00029921838379840025,-0.3986208660120226,0.6954418544015999,27.0,0.24606461975333804,-0.1879116783197036,negligible
faketruebr,adjectives_ambiguity,semantics_lexical,False,False,9,2.7655966666666667,1.4054760529176582,9,2.504285555555555,0.8090300683860753,0.8205594947448682,0.6088680586226054,0.48340387326752865,0.6353577459289473,48.0,0.5364994693194564,0.22787877122620795,small
faketruebr,adverbs_ambiguity,semantics_lexical,False,False,9,1.8003366666666665,1.5149766466186863,9,2.4808644444444443,0.7375571148072383,0.12574688082437407,0.2002665763344993,-1.2116392824338222,0.2432416459441107,33.5,0.5653896507807301,-0.5711722353073055,medium
faketruebr,nouns_ambiguity,semantics_lexical,False,False,9,2.6157911111111107,1.2438465732802864,9,3.0216422222222223,0.3618737656206159,0.35224486972693214,0.9384382531919981,-0.9398924907819286,0.36124681202060976,27.0,0.25099827044292256,-0.4430695692121442,small
faketruebr,verbs_ambiguity,semantics_lexical,False,False,9,9.212925555555556,2.4962573192937816,9,8.111892222222222,1.7436027701699848,0.023303947601491567,0.3460182714534551,1.0847954701880151,0.29408783280330747,49.0,0.47992869214595724,0.5113774887802632,medium
faketruebr,yngve,morphosyntax,False,False,9,2.375061111111111,0.5153321069088469,9,3.1214433333333336,0.18367733100467246,0.0011542152386907931,0.01115012735819526,-4.092850556034885,0.0008491940245002666,9.0,0.006193318174044277,-1.9293882550369326,large
faketruebr,frazier,morphosyntax,False,False,9,6.913811111111111,0.3589059691424916,9,7.777378888888888,0.2926989068327915,0.27372773421773333,0.45334043617449143,-5.593943329234631,4.034389795669839e-05,2.0,0.0007922682038502908,-2.6370101744500394,large
faketruebr,dep_distance,morphosyntax,False,False,9,42.04319666666666,23.230024154775432,9,69.37248444444444,11.458054192863758,0.06099030538356829,0.7626777743055458,-3.165292630345032,0.00599951270343269,16.0,0.034069195144143936,-1.492133255571184,large
faketruebr,cross_entropy,cohesion_semantic_lsa,False,False,9,0.5813677777777778,0.0779311825872317,9,0.5025733333333333,0.03528677620582532,0.5044777495874785,0.014793812770971523,2.7631726125415916,0.013853613582811957,66.0,0.0272753837615853,1.302572061278072,large
faketruebr,content_density,complexity_lexical_diversity,False,False,9,1.5065066666666667,0.3072139586265572,9,1.696431111111111,0.10454568480387467,0.7794295476123917,0.07476605293228909,-1.7557669366645139,0.09825017875392748,21.0,0.0933976745287926,-0.8276764713990729,large
faketruebr,words_before_main_verb,morphosyntax,False,False,9,4.104893333333333,2.5765116570132185,9,5.562977777777778,1.2831868189275657,0.06982348730322246,0.01889513030005911,-1.5197011079641807,0.14809936546688984,15.0,0.0272753837615853,-0.7163939725454544,medium
faketruebr,adjacent_refs,cohesion_referential,False,False,9,0.3425933333333333,0.8764328303840517,9,0.2222222222222222,0.6666666666666666,2.24673821412979e-06,3.21749285541392e-07,0.3279355594541266,0.7472125443690117,49.0,0.33208000821987804,0.15459030525481143,negligible
faketruebr,anaphoric_refs,cohesion_referential,False,True,9,0.5362655555555556,1.3031975172926695,9,1.5555555555555556,4.666666666666666,2.111707809947156e-06,3.2174928554139273e-07,-0.6311114049801453,0.5368799121119391,56.0,0.11464316058022986,-0.2975087694304201,small
faketruebr,adj_arg_ovl,cohesion_referential,False,False,9,0.9354933333333333,0.9559007094489468,9,0.8226422222222223,0.6486640950017539,0.005672810995410228,0.05239210027411845,0.29306636018654253,0.773238275001115,36.5,0.7559322761343397,0.13815280708370897,negligible
faketruebr,arg_ovl,cohesion_referential,False,False,9,0.7212111111111112,0.5965399440407247,9,0.8150266666666667,0.3705632493583248,0.16390290823495773,0.023043116525151255,-0.4007695255941455,0.6938907174100217,31.0,0.42677673653298365,-0.18892456616035727,negligible
faketruebr,adj_stem_ovl,cohesion_referential,False,False,9,1.675001111111111,1.833911569797222,9,1.368181111111111,0.6911557410498094,0.008063486067693179,0.30323546174614446,0.4696635350747603,0.6449325314386819,34.5,0.6268510064599233,0.22140151368493924,small
faketruebr,stem_ovl,cohesion_referential,False,False,9,1.4430677777777778,1.2608581874340368,9,1.38768,0.4797456321843901,0.1613260401370598,0.09073993313048112,0.12317119007977138,0.903505497247702,35.0,0.6586782438537488,0.0580634558348157,negligible
faketruebr,adj_cw_ovl,cohesion_referential,False,False,9,1.4876544444444444,1.6465960685085392,9,0.9431822222222223,0.6602393521060711,0.0073998267671629096,0.14826032658435034,0.9207361247935505,0.3708629655156573,45.0,0.7232463752563727,0.4340391716832952,small
faketruebr,lsa_adj_mean,cohesion_semantic_lsa,False,False,9,0.7190766666666666,0.08375205848216508,9,0.8634244444444445,0.03155120445843197,0.5348747109575954,0.006154433275392993,-4.838582995860555,0.00018148955292498145,5.0,0.0019976900972723025,-2.2809298984712787,large
faketruebr,lsa_adj_std,cohesion_semantic_lsa,False,False,9,0.15459555555555554,0.08909638111493517,9,0.044046666666666665,0.030102041874264945,0.07273959403807058,0.003327364031282149,3.5265005156794538,0.002802220570211513,76.0,0.0019976900972723025,1.662408285663199,large
faketruebr,lsa_all_mean,cohesion_semantic_lsa,False,False,9,0.6874100000000001,0.09967003875287694,9,0.8519144444444445,0.031001077042221877,0.5246478437358271,0.2197490862395613,-4.72804518028986,0.00022740841394517283,3.0,0.0010862466258220339,-2.2288218724928885,large
faketruebr,lsa_all_std,cohesion_semantic_lsa,False,True,9,0.15721777777777776,0.08319046441416494,9,0.04674222222222222,0.023941136552896657,0.2503329391089929,0.7932859178798712,3.8285602881755336,0.0014807795986651058,78.0,0.0010862466258220339,1.8048006279669615,large
faketruebr,lsa_paragraph_mean,cohesion_semantic_lsa,True,False,9,0.8467611111111112,0.07492254975046637,9,0.9081166666666667,0.03254527999572286,0.5796406435848991,0.007554770402777689,-2.2533472950222477,0.038620201624372165,18.0,0.052058768750600205,-1.0622381017857299,large
faketruebr,lsa_paragraph_std,cohesion_semantic_lsa,True,False,9,0.0,0.0,9,0.022997777777777777,0.010398891500753552,,0.12332414968721095,-6.634681526231306,5.736730540933183e-06,4.5,0.0005741743849708741,-3.12761886547418,large
faketruebr,lsa_givenness_mean,cohesion_semantic_lsa,False,False,9,0.7805444444444444,0.0706643363216395,9,0.9040811111111111,0.019848250202753683,0.9698295563824906,0.43977925566657666,-5.049256852400193,0.0001185078793073245,1.0,0.0005736335109885613,-2.3802425068565456,large
faketruebr,lsa_givenness_std,cohesion_semantic_lsa,False,False,9,0.13678555555555555,0.07773097759437853,9,0.03960444444444444,0.021549279054710338,0.10571774644074722,0.0019097909746287837,3.614349858172045,0.0023275707930518895,76.0,0.0019976900972723025,1.703820862862726,large
faketruebr,lsa_span_mean,cohesion_semantic_lsa,False,False,9,0.8202722222222222,0.062242447288361376,9,0.9164822222222223,0.01730141452149058,0.512820885907905,0.7067390419893995,-4.467795432470472,0.00038859116277214557,3.0,0.0010862466258220339,-2.106138964836102,large
faketruebr,lsa_span_std,cohesion_semantic_lsa,False,False,9,0.1305711111111111,0.06683788024848718,9,0.03699666666666667,0.014993612806792097,0.34501055048040463,0.06552811600995677,4.0982117013342165,0.0008396987298915563,78.0,0.0010862466258220339,1.931915523167655,large
faketruebr,first_person_pronouns,morphosyntax,False,False,9,0.07407333333333334,0.14698471408619335,9,0.0,0.0,1.686024697093527e-05,,1.511857892036909,0.15006873170736842,49.5,0.1685887715743528,0.7126966450997984,medium
faketruebr,second_person_pronouns,morphosyntax,False,False,9,0.12963,0.26057951204958535,9,0.0,0.0,3.836933899716199e-05,,1.4924043603474035,0.15504790478559302,49.5,0.16932729721206286,0.703526162316014,medium
faketruebr,simple_word_ratio,complexity_simplicity,False,False,9,0.605,0.13715290910148428,9,0.6487033333333333,0.032204653778607845,0.29409959112754963,0.7529804770118562,-0.930629431503541,0.3658751333838897,36.0,0.7239320396139757,-0.438702921191957,small
faketruebr,third_person_pronouns,morphosyntax,False,False,9,0.35185222222222223,0.44444473958462427,9,0.1111111111111111,0.3333333333333333,0.0062707848220241065,3.21749285541392e-07,1.3000014474969024,0.21201733715698962,53.0,0.17847031060023522,0.6128265593849248,medium
faketruebr,adjunct_per_clause,morphosyntax,False,False,9,0.6112077777777779,0.27293979989998607,9,0.7272055555555554,0.11521912147199256,0.8187048347180317,0.44543092974465,-1.1746107336042029,0.2573367279155622,31.0,0.42677673653298365,-0.5537168099906914,medium
faketruebr,apposition_per_clause,morphosyntax,False,False,9,0.019564444444444447,0.03258645543439448,9,0.02446444444444444,0.030135236481198847,0.0009415622651061749,0.006550207462233439,-0.3311945399240946,0.7447956050019914,37.0,0.763024600552995,-0.15612660338152404,negligible
faketruebr,aux_plus_PCP_per_sentence,morphosyntax,False,False,9,0.13809666666666665,0.2213914638711258,9,0.3897688888888889,0.21481269337753556,0.001595755196555523,0.902964275293783,-2.4475543749004802,0.026301153321581144,11.5,0.010948675784135652,-1.153788197209954,large
faketruebr,clauses_per_sentence,morphosyntax,False,False,9,2.943254444444445,0.7301303708433019,9,3.7777,0.4187986055373155,0.1437351869216713,0.28804015707878955,-2.97409376781189,0.008950053646417868,15.0,0.027195939039834055,-1.402001247402958,large
faketruebr,coordinate_conjunctions_per_clauses,morphosyntax,False,False,9,0.26078222222222225,0.18798011369409384,9,0.24332555555555554,0.108130996147163,0.14035157240167756,0.06449972750613768,0.24149072840262373,0.8122424573415352,41.0,1.0,0.11383982109811602,negligible
faketruebr,ratio_coordinate_conjunctions,morphosyntax,False,False,9,0.6960088888888889,0.31083992658780357,9,0.6280555555555556,0.09677419931354522,0.11139838732285573,0.5918372212880068,0.6261902818172606,0.5400215050646507,44.0,0.7902339607938184,0.2951889297240668,small
faketruebr,first_person_possessive_pronouns,morphosyntax,False,False,9,0.2222222222222222,0.44095855184409843,9,0.0,0.0,1.686024697093527e-05,,1.511857892036909,0.15006873170736842,49.5,0.1685887715743528,0.7126966450997984,medium
faketruebr,gerund_verbs,morphosyntax,False,False,9,0.026604444444444444,0.03699060796712833,9,0.15447111111111111,0.05627073516590227,0.009803870371524285,0.004248263488176186,-5.696449922480416,3.307760562136166e-05,0.0,0.00035819428917157367,-2.68533224591699,large
faketruebr,infinitive_verbs,morphosyntax,False,False,9,0.18045999999999998,0.0818114333391122,9,0.16871444444444447,0.0690155265340907,0.7116235698119378,0.5399847360282337,0.32921037244238166,0.7462667858603788,42.0,0.9296365245070707,0.155191257860638,negligible
faketruebr,inflected_verbs,morphosyntax,False,False,9,0.6935322222222222,0.12967868153418452,9,0.47252888888888894,0.041085399914216635,0.002210226496265737,0.1556017488614307,4.873944435234629,0.00016890154664847245,72.0,0.006166754221989628,2.2975994408538956,large
faketruebr,non-inflected_verbs,morphosyntax,False,False,9,0.3064677777777778,0.12967868153418452,9,0.5251566666666666,0.03941835898410791,0.0022102264962656974,0.1225992598191693,-4.840486919651071,0.00018078788089636767,9.0,0.006166754221989628,-2.2818274167533703,large
faketruebr,participle_verbs,morphosyntax,False,False,9,0.09940333333333334,0.0774389170572523,9,0.2019688888888889,0.0806533620570842,0.2701458121210739,0.3888785116437229,-2.7519299485924944,0.01417770277284358,14.0,0.021616393562166825,-1.2972722186667334,large
faketruebr,passive_ratio,morphosyntax,False,False,9,0.04569111111111111,0.06255425354131493,9,0.06071444444444444,0.04390390162363452,0.010661624709905226,0.11090691291199845,-0.5897382563375846,0.5636022575907512,27.0,0.24606461975333804,-0.27800528012095765,small
faketruebr,prepositions_per_clause,morphosyntax,False,False,9,1.01195,0.3536663086159042,9,1.416301111111111,0.2255717882096764,0.4672960641163309,0.927195251003271,-2.891810609443622,0.010619941087847735,13.0,0.01700394185501354,-1.3632125945631919,large
faketruebr,prepositions_per_sentence,morphosyntax,False,False,9,2.963888888888889,1.1504234466430658,9,5.368887777777777,1.0874560329247545,0.6812578701730527,0.7910491682226448,-4.557667012967064,0.00032272310290514157,4.0,0.0014784647972275091,-2.1485048341728317,large
faketruebr,relative_clauses,morphosyntax,False,False,9,0.06060111111111112,0.05711128335198844,9,0.10512666666666667,0.036656973415709046,0.1850373511060487,0.4735709679323689,-1.9683185995636499,0.06660848633885698,16.5,0.037087001436646484,-0.9278742861913769,large
faketruebr,second_person_possessive_pronouns,morphosyntax,False,False,9,0.0,0.0,9,0.0,0.0,,,,,40.5,,0.0,negligible
faketruebr,sentences_with_five_clauses,morphosyntax,False,False,9,0.04232888888888889,0.06815836328808894,9,0.17422,0.10948008711633364,0.0007597577416142427,0.6878602901399686,-3.0681154584749577,0.007354766876133435,11.5,0.00932859199768313,-1.4463234974339438,large
faketruebr,sentences_with_four_clauses,morphosyntax,False,False,9,0.0842588888888889,0.11640104353531851,9,0.2515211111111111,0.06533939076935989,0.008825230262716246,0.9644845496673796,-3.7591035644212916,0.0017144955372736734,9.0,0.005623199113916658,-1.7720584143898777,large
faketruebr,sentences_with_one_clause,morphosyntax,False,False,9,0.27592555555555554,0.1642611812869303,9,0.05411333333333333,0.07446459964305187,0.9792911193155948,0.005288443730934495,3.6896625104264245,0.001985238144174262,72.5,0.004500491889156115,1.7393235876082034,large
faketruebr,sentences_with_seven_more_clauses,morphosyntax,False,False,9,0.10529111111111111,0.1380207993786122,9,0.0667188888888889,0.07630165323314501,0.0063528487278665296,0.060499853308496214,0.7337419083889569,0.47372155790441467,42.5,0.8895827579585894,0.3458892527083933,small
faketruebr,sentences_with_six_clauses,morphosyntax,False,False,9,0.07844000000000001,0.08180740415757,9,0.049743333333333334,0.04828461090243971,0.05671510037310562,0.012955122970682641,0.906268015907736,0.37824015914022585,48.5,0.4878278648652906,0.4272188397472254,small
faketruebr,sentences_with_three_clauses,morphosyntax,False,False,9,0.1628311111111111,0.15980045763736447,9,0.27539222222222226,0.1354382126448974,0.13838756238819255,0.18808320494069186,-1.6120474560197324,0.1264993981960743,24.0,0.1564159758862271,-0.7599264584973837,medium
faketruebr,sentences_with_two_clauses,morphosyntax,False,False,9,0.17685222222222222,0.15372660023380616,9,0.1110988888888889,0.08724654841947106,0.23043070501707752,0.3333263203887169,1.1159812831064224,0.2809107072607348,50.5,0.3983594261415879,0.5260786219745438,medium
faketruebr,sentences_with_zero_clause,morphosyntax,False,False,9,0.07407444444444444,0.12567499662931278,9,0.017195555555555558,0.03425082046868042,0.0007755981036526374,2.8890674203741944e-05,1.3099830878622956,0.20869852694838278,48.0,0.43405921686957016,0.6175319497780815,medium
faketruebr,ratio_subordinate_conjunctions,morphosyntax,False,False,9,0.30399111111111116,0.31083992658780357,9,0.37194444444444447,0.09677419931354522,0.1113983873228564,0.5918372212880068,-0.6261902818172606,0.5400215050646507,37.0,0.7902339607938184,-0.2951889297240668,small
faketruebr,third_person_possessive_pronouns,morphosyntax,False,False,9,0.5555555555555556,0.5270462766947299,9,0.6666666666666666,0.5,0.00041939088320689917,0.00015259147181036258,-0.4588314677411233,0.6525265972816755,36.0,0.6761931257289725,-0.2162952281743499,small
faketruebr,negative_words,semantics_lexical,False,False,9,0.26898222222222223,0.07668022997777488,9,0.34320111111111107,0.1012438149276839,0.4480219948910353,0.3640853212748475,-1.7531386377590188,0.09871288358124661,21.0,0.0933976745287926,-0.8264374794130322,large
faketruebr,positive_words,semantics_lexical,False,False,9,0.4831244444444444,0.22660287090585984,9,0.5769022222222222,0.07539383508911353,0.2857452872316337,0.2666485772566388,-1.178033756598552,0.25600819505676886,22.0,0.11196135426374831,-0.5553304385049992,medium
faketruebr,abstract_nouns_ratio,semantics_lexical,False,False,9,0.027205555555555552,0.02421817763122935,9,0.04409666666666666,0.010274209215311901,0.21680093860576993,0.6941207064633202,-1.9262004499840841,0.07203588679208871,17.0,0.04226010608395664,-0.9080196000722167,large
faketruebr,demonstrative_pronoun_ratio,cohesion_referential,False,True,9,0.40694444444444444,0.6450804213451046,9,2.0201055555555554,1.5228891079795592,0.0011605408946131286,0.29990367556496256,-2.9261388431544364,0.009889289040331985,12.0,0.012849500769810522,-1.379395079125241,large
faketruebr,coreference_pronoun_ratio,cohesion_referential,False,False,9,0.3425933333333333,0.8764328303840517,9,0.0,0.0,2.24673821412979e-06,,1.1726854179454098,0.25808627526567157,54.0,0.0772429808859699,0.5528092074851865,medium
faketruebr,adjective_diversity_ratio,complexity_lexical_diversity,False,False,9,0.7882677777777778,0.22192115394762266,9,0.8882444444444444,0.06938698240864621,0.0656294439250701,0.33225820359670255,-1.289934386400677,0.2154067302124057,31.0,0.4262989701297739,-0.6080809012730846,medium
faketruebr,adjectives_max,morphosyntax,False,False,9,0.1468911111111111,0.1521145937644088,9,0.21835333333333332,0.11195913763512115,0.04671053446608113,0.0018611329899011321,-1.1350727701341399,0.27306345513764374,20.5,0.0844451354977014,-0.535078435268033,medium
faketruebr,adjectives_min,morphosyntax,False,False,9,0.005555555555555556,0.01666666666666667,9,0.024275555555555557,0.023682120951844195,3.2174928554139273e-07,0.017361014002727847,-1.939297010933783,0.07030714460378765,24.0,0.09240606471175737,-0.9141933781107201,large
faketruebr,adjectives_standard_deviation,morphosyntax,False,False,9,0.051263333333333334,0.05169347420129547,9,0.052778888888888896,0.02676590295714141,0.12876706565121948,0.002062356476756834,-0.07810540964083344,0.9387126540162046,35.0,0.6586782438537488,-0.03681924320292431,negligible
faketruebr,adverbs_diversity_ratio,complexity_lexical_diversity,False,False,9,0.6785488888888889,0.35001353761120596,9,0.86862,0.1282733784734775,0.06402982788714245,0.19773558765503085,-1.5296319271036645,0.1456368952906542,30.0,0.362981166133455,-0.7210754055829653,medium
faketruebr,adverbs_max,morphosyntax,False,False,9,0.05946888888888889,0.06444357307840023,9,0.11689,0.057649465305412845,0.07387446369610222,0.03491665919728348,-1.9922579421874942,0.06369058965938558,19.0,0.06314281435406585,-0.9391594005290226,large
faketruebr,adverbs_min,morphosyntax,False,False,9,0.0,0.0,9,0.0023644444444444446,0.0070933333333333334,,3.2174928554139623e-07,-1.0,0.3321949846529793,36.0,0.37406279749088245,-0.4714045207910317,small
faketruebr,adverbs_standard_deviation,morphosyntax,False,False,9,0.02428,0.026791593830901513,9,0.03566222222222223,0.013723899571347951,0.05952072962629864,0.060245451043308314,-1.1343625535465929,0.2733524084384969,24.0,0.15684588989509332,-0.5347436359579226,medium
faketruebr,concretude_mean,complexity_psycholinguistic,False,False,9,4.1769622222222225,0.1867930624232186,9,3.9861311111111113,0.11061333864462768,0.5228558896904311,0.1730419869193638,2.637155423032097,0.017932711246990342,66.0,0.0272753837615853,1.243166988445916,large
faketruebr,concretude_std,complexity_psycholinguistic,False,False,9,0.7244533333333334,0.10328420099415013,9,0.6974155555555556,0.0701167945486513,0.09135158130753984,0.5851392371790294,0.6497598978958359,0.5250669085519659,45.0,0.7239320396139757,0.3062997532968162,small
faketruebr,concretude_1_25_ratio,complexity_psycholinguistic,False,False,9,0.0,0.0,9,0.005438888888888889,0.006864694902988123,,0.019032654001104023,-2.376896118072809,0.030278194418767817,18.0,0.013950121920381834,-1.120479575510176,large
faketruebr,concretude_25_4_ratio,complexity_psycholinguistic,False,False,9,0.4557122222222223,0.12024393786983377,9,0.5293577777777778,0.04871945909433359,0.3659479092850497,0.499763221833032,-1.7029326856024032,0.10792394026746109,24.0,0.1577043874630777,-0.8027701665957853,large
faketruebr,concretude_4_55_ratio,complexity_psycholinguistic,False,False,9,0.5153822222222222,0.11669945348819953,9,0.4430655555555555,0.04585950149944698,0.203591634863038,0.05242474737535111,1.7302455578848501,0.10282431412555337,58.0,0.1333202155896274,0.8156455780655191,large
faketruebr,concretude_55_7_ratio,complexity_psycholinguistic,False,False,9,0.028905555555555556,0.02482522009525349,9,0.022136666666666666,0.024372192658847908,0.5070993748855559,0.1158262867325277,0.5837043926243022,0.5675574981375404,48.0,0.5322372494390955,0.2751608894886794,small
faketruebr,content_word_diversity,complexity_lexical_diversity,False,False,9,0.7659644444444444,0.11607760724092213,9,0.9237433333333332,0.023022810970861028,0.043117229762726,0.36145118118459646,-3.999844938100566,0.0010323613432120418,4.0,0.0014784647972275091,-1.885544986283731,large
faketruebr,content_words_ambiguity,semantics_lexical,False,False,9,4.763927777777778,0.9450845881953872,9,4.069917777777778,0.6674828870423904,0.1587987893573236,0.05408812722566148,1.7994607805937257,0.09083162146251522,63.0,0.052058768750600205,0.848273946958041,large
faketruebr,content_word_max,complexity_lexical_diversity,False,False,9,0.7137911111111112,0.05858194761281936,9,0.7040888888888889,0.08948330632643785,0.41996605825869954,0.0013471656862683976,0.272142529347364,0.7889930290409235,53.5,0.26595734634459167,0.1282892186338534,negligible
faketruebr,content_word_min,complexity_lexical_diversity,False,False,9,0.3093188888888889,0.1987391497317806,9,0.49610333333333334,0.026224969971384147,0.06563680962711406,0.11923256036780344,-2.7953100150045542,0.012966185766822782,9.0,0.006087432584664075,-1.3177217780855934,large
faketruebr,content_word_standard_deviation,complexity_lexical_diversity,False,False,9,0.12450555555555558,0.0450598058448744,9,0.05895444444444445,0.027121188723538237,0.266405863793783,0.000809763118657174,3.7392073070655574,0.0017880393776240815,75.0,0.0026797144168214833,1.7626792287255628,large
faketruebr,dalechall_adapted,complexity_readability,False,False,9,11.528665555555555,1.435129219749141,9,11.477231111111111,0.498148952383834,0.48168241589721233,0.47731707349900276,0.10157365780526799,0.9203571167221778,39.0,0.9296365245070707,0.047882281482684586,negligible
faketruebr,easy_conjunctions_ratio,complexity_simplicity,False,False,9,0.07820555555555557,0.01885750454799833,9,0.06820666666666668,0.013977521239475904,0.3139550411348777,0.8650707302952274,1.2779281254900545,0.21950477012622105,53.0,0.289065869397231,0.6024210956020205,medium
faketruebr,familiaridade_mean,complexity_psycholinguistic,False,False,9,4.850374444444444,0.206943215346089,9,4.710408888888889,0.10750707633040305,0.792138207738387,0.35419689118735725,1.8005690667419456,0.09065003769395365,57.0,0.1577043874630777,0.8487963980586419,large
faketruebr,familiaridade_std,complexity_psycholinguistic,False,False,9,0.8157277777777777,0.19170219624314283,9,0.7296666666666666,0.06892315993191259,0.6042389540048378,0.49443836926811885,1.2673700912060235,0.2231589431669102,52.0,0.331387096247615,0.5974439905098617,medium
faketruebr,familiaridade_1_25_ratio,complexity_psycholinguistic,False,False,9,0.0014622222222222222,0.004386666666666667,9,0.001251111111111111,0.002490243183127124,3.2174928554139273e-07,2.765982986362522e-05,0.12555624685321032,0.9016473053207121,37.0,0.6834580299010776,0.059187782380158094,negligible
faketruebr,familiaridade_25_4_ratio,complexity_psycholinguistic,False,False,9,0.15791222222222223,0.10944314674498558,9,0.16448333333333334,0.050518501808743295,0.3758694147196765,0.10921938628892303,-0.1635416718239399,0.8721399022275155,41.0,1.0,-0.07709428343552854,negligible
faketruebr,familiaridade_4_55_ratio,complexity_psycholinguistic,False,False,9,0.5565688888888888,0.11407266384244348,9,0.6912555555555556,0.05434765751877238,0.41527813753354903,0.3239043185740069,-3.197750134872229,0.005604139859910374,11.0,0.010444271101370226,-1.5074338699388998,large
faketruebr,familiaridade_55_7_ratio,complexity_psycholinguistic,False,False,9,0.28405888888888886,0.0558058040091809,9,0.1430111111111111,0.045468866118599335,0.49672592739130567,0.17906382422411754,5.878291758833153,2.3335887230281935e-05,81.0,0.00041229480206169127,2.7710533096426126,large
faketruebr,function_word_diversity,complexity_lexical_diversity,False,False,9,0.46164999999999995,0.08761603392073852,9,0.35734,0.01646357266816653,0.20366714482023512,0.5417127618225527,3.510174368855601,0.0029005417777626147,66.0,0.0272753837615853,1.6547120662433363,large
faketruebr,gunning_fox,complexity_readability,False,True,9,7.093552222222223,2.2942518238402783,9,30.208166666666664,2.1814378947267787,0.8188645871422968,0.6852217838523577,-21.904079999885163,2.3442682010844173e-13,0.0,0.00041229480206169127,-10.325682335714287,large
faketruebr,hard_conjunctions_ratio,complexity_simplicity,False,False,9,0.006595555555555555,0.009779542564853316,9,0.0169,0.005688198308779327,0.005534442323003313,0.5406811872922349,-2.7324312586165154,0.01475721400701683,14.0,0.020345079874035315,-1.288080448062554,large
faketruebr,idade_aquisicao_mean,complexity_psycholinguistic,False,False,9,4.670902222222222,0.367170861275026,9,5.528942222222222,0.20783078235536812,0.9429391210526565,0.7139577409249648,-6.101111142541312,1.5310825635898128e-05,1.0,0.0005736335109885613,-2.8760913744425105,large
faketruebr,idade_aquisicao_std,complexity_psycholinguistic,False,False,9,1.6944500000000002,0.17266884048663786,9,1.4176188888888888,0.10044895786473403,0.12998178743201516,0.3145794934567273,4.157431441816071,0.0007417015489824891,77.0,0.0014784647972275091,1.9598319765508727,large
faketruebr,idade_aquisicao_1_25_ratio,complexity_psycholinguistic,False,False,9,0.14224333333333336,0.06657932543214898,9,0.024773333333333335,0.010771534245408125,0.78388657630083,0.0859710982549925,5.225143831070486,8.334943547323778e-05,78.0,0.0010862466258220339,2.463156423749998,large
faketruebr,idade_aquisicao_25_4_ratio,complexity_psycholinguistic,False,False,9,0.21366333333333334,0.06103345967582044,9,0.13472444444444445,0.0441524736314714,0.6841091925018487,0.29933028936835077,3.143746655684538,0.006277017306818482,70.0,0.010444271101370226,1.4819763857113781,large
faketruebr,idade_aquisicao_4_55_ratio,complexity_psycholinguistic,False,False,9,0.29898111111111114,0.0564404027369677,9,0.2806311111111111,0.01604829464806498,0.057357290195984865,0.03627654981022329,0.9381766021578756,0.3621011137003674,43.0,0.859819205054158,0.4422606915575917,small
faketruebr,idade_aquisicao_55_7_ratio,complexity_psycholinguistic,False,False,9,0.2621311111111111,0.07092335025300985,9,0.42954222222222227,0.05274496084408864,0.07271642512420629,0.06994678538402543,-5.682247904385077,3.399751851071033e-05,2.0,0.0007922682038502908,-2.678637350382491,large
faketruebr,imageabilidade_mean,complexity_psycholinguistic,False,False,9,4.351976666666666,0.1524450513299794,9,4.106742222222222,0.09261475122486938,0.10466592627655025,0.4818662952950446,4.124518031227891,0.000794642209059886,72.0,0.006193318174044277,1.9443164460049536,large
faketruebr,imageabilidade_std,complexity_psycholinguistic,False,False,9,0.5868566666666667,0.07126796317420613,9,0.5680822222222223,0.04648235331224575,0.8279061414199629,0.15638868970855724,0.6619529350215902,0.5174226301291784,51.0,0.37722461666745344,0.31204760612006965,small
faketruebr,imageabilidade_1_25_ratio,complexity_psycholinguistic,False,False,9,0.0,0.0,9,0.0006688888888888889,0.0020066666666666666,,3.2174928554139273e-07,-1.0000000000000002,0.33219498465297925,36.0,0.37406279749088245,-0.47140452079103173,small
faketruebr,imageabilidade_25_4_ratio,complexity_psycholinguistic,False,False,9,0.29723111111111117,0.1275367046622701,9,0.43977,0.060464678118716544,0.5107847677936567,0.39773683549111616,-3.0296512799553934,0.007970577346122892,13.0,0.01711823970479015,-1.428191309791308,large
faketruebr,imageabilidade_4_55_ratio,complexity_psycholinguistic,False,False,9,0.6614977777777776,0.12845000601185055,9,0.5360433333333334,0.05830485592984516,0.3018280943480458,0.16555308553925124,2.668045336973396,0.016837368613503687,65.0,0.034069195144143936,1.2577286335246904,large
faketruebr,imageabilidade_55_7_ratio,complexity_psycholinguistic,False,False,9,0.04127111111111111,0.035199643266816086,9,0.023514444444444442,0.017762861615679432,0.16425786551333954,0.5734735115047837,1.3510846653058355,0.19546567778474294,51.5,0.3510882734553612,0.6369074191966089,medium
faketruebr,indefinite_pronoun_ratio,morphosyntax,False,False,9,0.2128111111111111,0.15385873313241308,9,0.1392088888888889,0.0626788003324179,0.5342749686332071,0.06398266623212169,1.329072456062887,0.20246649436722197,56.5,0.16954911548312668,0.6265307642468848,medium
faketruebr,indefinite_pronouns_diversity,complexity_lexical_diversity,False,False,9,0.5634922222222222,0.3903237253158517,9,0.9444444444444444,0.16666666666666669,0.07768827834202459,3.21749285541392e-07,-2.6927638814021244,0.01600742369192846,17.5,0.02280986993839574,-1.2693810671157666,large
faketruebr,medium_long_sentence_ratio,complexity_simplicity,False,False,9,0.04481888888888889,0.06762108259345684,9,0.03015111111111111,0.046130523908916435,0.0003322803012157569,0.0008506943039318499,0.5375607629490146,0.598278188749965,45.0,0.6737416960378539,0.25340857385404153,small
faketruebr,max_noun_phrase,morphosyntax,False,False,9,23.333333333333332,21.289668856043768,9,24.555555555555557,5.703312877422891,0.005210517153827191,0.12642412089682614,-0.16636141610519886,0.8699566903685927,25.5,0.19784653784827777,-0.07842352363718869,negligible
faketruebr,mean_noun_phrase,morphosyntax,False,False,9,5.64222,1.9537100795473725,9,6.580306666666666,1.202837482185353,0.6834909575985365,0.6820713261272565,-1.2266325455318763,0.23770628046589407,29.0,0.331387096247615,-0.5782401273131375,medium
faketruebr,medium_short_sentence_ratio,complexity_simplicity,False,False,9,0.03439222222222222,0.0685040545839766,9,0.018647777777777777,0.03716795991770929,2.88954708645226e-05,2.9925536518615514e-05,0.6060407248387242,0.5529891793661817,42.5,0.8556907183700433,0.28569033747244826,small
faketruebr,min_noun_phrase,morphosyntax,False,False,9,1.1111111111111112,0.33333333333333337,9,1.0,0.0,3.2174928554139273e-07,,1.0000000000000004,0.3321949846529793,45.0,0.37406279749088245,0.4714045207910319,small
faketruebr,noun_diversity,complexity_lexical_diversity,False,False,9,0.7535277777777778,0.12280711255641688,9,0.799308888888889,0.04168958276489594,0.6705573180694908,0.3380859304551338,-1.0590089877724385,0.30532222366279943,35.0,0.6588432549492806,-0.4992216243942618,small
faketruebr,nouns_max,morphosyntax,False,False,9,0.3418011111111111,0.1982782474481533,9,0.5413577777777778,0.16214143546436377,0.0022357769310817448,0.026472170469305587,-2.337340458475672,0.032745048624571185,15.5,0.029996850849985157,-1.1018328587532145,large
faketruebr,nouns_min,morphosyntax,False,False,9,0.15641555555555556,0.1321126175002894,9,0.2342444444444444,0.09128958909852633,0.15026579859700506,0.00033919248623049216,-1.4539758347468597,0.16528763009060174,23.5,0.14283187130081718,-0.6854107816205837,medium
faketruebr,nouns_standard_deviation,morphosyntax,False,False,9,0.06157111111111112,0.0484163746692285,9,0.08555222222222222,0.05116924998907493,0.5827056218333181,0.114543369996085,-1.0212757783512219,0.3223183815612245,30.0,0.3769783016625522,-0.4814340188891456,small
faketruebr,oblique_pronouns_ratio,morphosyntax,False,False,9,0.029576666666666664,0.05133207525514626,9,0.023018888888888887,0.034838736502793996,0.0006732517106045084,0.0004933452763632145,0.3171172156876798,0.7552551165287407,42.0,0.916234962911857,0.14949048909583693,negligible
faketruebr,preposition_diversity,complexity_lexical_diversity,False,False,9,0.42508666666666667,0.08192239773102347,9,0.3537388888888889,0.047466818264036946,0.6594097131266509,0.1049432726177646,2.260693174367164,0.03806958475739658,64.5,0.037778906339199746,1.0657009825181092,large
faketruebr,pronoun_diversity,complexity_lexical_diversity,False,False,9,0.7507022222222222,0.17016871890698493,9,0.72042,0.06197988948037905,0.08117390342968894,0.39011625048054877,0.5016252165108398,0.6227630158645755,38.5,0.8942453712192213,0.2364683948059899,small
faketruebr,pronouns_max,morphosyntax,False,False,9,0.2291111111111111,0.24563345738337666,9,0.09723,0.02569334738799131,0.07551320389160063,0.09803683742108193,1.6019662990794912,0.12871918943838698,55.0,0.21589856191320134,0.7551741555409501,medium
faketruebr,pronouns_min,morphosyntax,False,False,9,0.0,0.0,9,0.0,0.0,,,,,40.5,,0.0,negligible
faketruebr,pronouns_standard_deviation,morphosyntax,False,False,9,0.07856333333333333,0.08190246867463766,9,0.029315555555555557,0.005206558630974761,0.07962773766802017,0.18009637212654228,1.800259616509195,0.09070070642020114,63.0,0.05193759572394502,0.8486505218199636,large
faketruebr,punctuation_diversity,complexity_lexical_diversity,False,False,9,0.2983811111111111,0.17110126515052748,9,0.11542666666666666,0.021553749673780667,0.470744588435513,0.19806004182702086,3.182674502609013,0.005784478180195955,69.0,0.01332302386625178,1.500327148736237,large
faketruebr,punctuation_ratio,morphosyntax,False,True,9,0.15062555555555554,0.058605196678944586,9,0.0933311111111111,0.009705556970679792,0.2390565880200437,0.7652646506850245,2.893491966788511,0.010582962035398625,70.0,0.010444271101370226,1.364005194016638,large
faketruebr,sentence_length_max,complexity_descriptive,False,False,9,46.888888888888886,24.654839506902317,9,44.111111111111114,5.600099205470481,0.021151771472987455,0.41823184623202503,0.3296042641891432,0.7459746499989676,35.0,0.6583475033634822,0.15537694021076362,negligible
faketruebr,sentence_length_min,complexity_descriptive,False,False,9,3.6666666666666665,2.783882181415011,9,15.222222222222221,5.890199015690764,0.6745046770706556,0.10268283041770082,-5.321102905005169,6.889642784061577e-05,6.5,0.0030191262539053924,-2.5083919650137285,large
faketruebr,sentence_length_standard_deviation,complexity_descriptive,False,False,9,13.505156666666666,6.892242219820412,9,8.248733333333334,1.483604951006163,0.1191122524996529,0.6768144694824725,2.2367401892569916,0.03989241259196853,64.0,0.04226010608395664,1.0544094370507335,large
faketruebr,short_sentence_ratio,complexity_simplicity,False,False,9,0.5138744444444445,0.1804995851180212,9,0.008546666666666668,0.025640000000000003,0.13367845071964007,3.2174928554139273e-07,8.315343367000612,3.346219970502427e-07,81.0,0.00021730376956421426,3.919890455133807,large
faketruebr,std_noun_phrase,morphosyntax,False,False,9,5.3711400000000005,4.341708456794398,9,4.876382222222222,1.022139736664926,0.010984855784802515,0.9363462141872411,0.3327665842359811,0.7436307208450661,32.0,0.47992869214595724,0.15686767217703113,negligible
faketruebr,subtitles,complexity_descriptive,True,False,9,0.0,0.0,9,0.0,0.0,,,,,40.5,,0.0,negligible
faketruebr,dialog_pronoun_ratio,complexity_simplicity,False,False,9,0.19444444444444445,0.3118052276707012,9,0.0,0.0,0.0006946975636259,,1.8708260207535528,0.07977357790644196,54.0,0.0772429808859699,0.8819158437967212,large
faketruebr,verb_diversity,complexity_lexical_diversity,False,False,9,0.8086088888888888,0.1634847542161382,9,0.9468988888888887,0.02796364132424658,0.020770915774459293,0.4387187578120767,-2.5013404908820704,0.02361046061269465,11.0,0.010444271101370226,-1.1791432154394663,large
faketruebr,verbs_max,morphosyntax,False,False,9,0.23293444444444444,0.15161051094095615,9,0.22498333333333337,0.11017945430069982,0.0387083006727479,0.001055270008947815,0.12727388717569182,0.900309461081936,48.0,0.5350208777339696,0.05999748579326883,negligible
faketruebr,verbs_min,morphosyntax,False,False,9,0.06334888888888889,0.05933010648996941,9,0.04754666666666667,0.024239990717820004,0.1276878943442482,0.6554253044965784,0.739679021995902,0.47020927263108453,45.0,0.7222778112681193,0.34868803490315714,small
faketruebr,verbs_standard_deviation,morphosyntax,False,False,9,0.05768,0.0469475747509922,9,0.04843222222222222,0.027255170508445625,0.36117897444202207,0.04251757628990709,0.5110631100734886,0.6162863917659922,46.0,0.6586782438537488,0.24091746049816715,small
faketruebr,long_sentence_ratio,morphosyntax,False,False,9,0.40691666666666665,0.2337222806559101,9,0.9426533333333332,0.08000857797761439,0.19780611518851604,0.007902015019905485,-6.5059379658888625,7.244076110688307e-06,1.0,0.0004982073587846728,-3.0669285691060186,large
faketruebr,indicative_condition_ratio,morphosyntax,False,False,9,0.04047666666666667,0.07294153223644263,9,0.12129999999999999,0.1186864814332281,0.0003727238014391465,0.11094687076560922,-1.7405214961494908,0.10096071178761995,23.0,0.1162378565206955,-0.8204897018188403,large
faketruebr,indicative_future_ratio,morphosyntax,False,False,9,0.04641777777777778,0.06420197286255654,9,0.06499111111111111,0.08184489896206795,0.007910727238026261,0.010977238568059496,-0.5356582871627046,0.5995623896457698,37.0,0.7710494260970101,-0.2525117381676796,small
faketruebr,indicative_imperfect_ratio,morphosyntax,False,False,9,0.007407777777777777,0.02222333333333333,9,0.02097888888888889,0.036834671996790073,3.2174928554139273e-07,0.0004574809795616462,-0.946394515323189,0.35802218100091854,32.0,0.33208000821987804,-0.4461346529751886,small
faketruebr,indicative_preterite_perfect_ratio,morphosyntax,False,False,9,0.11458111111111109,0.11240622463240688,9,0.2096111111111111,0.1285684499055313,0.29747005621907807,0.9624441459768318,-1.6693636459520373,0.11449079746841824,22.5,0.1199589562544172,-0.7869455695459896,medium
faketruebr,indicative_pluperfect_ratio,morphosyntax,False,False,9,0.036428888888888886,0.05070541130994907,9,0.06856444444444446,0.0539787995677727,0.009604207832435322,0.6297627677524533,-1.301753238867152,0.21143187589529586,25.0,0.17239490626968013,-0.6136523617563431,medium
faketruebr,indicative_present_ratio,morphosyntax,False,False,9,0.6150100000000001,0.20382837811502108,9,0.4523822222222223,0.12219544905373704,0.5075615663588767,0.7342682412351937,2.0529451435111663,0.05680502828635402,61.0,0.07723574482601518,0.9677676215871571,large
faketruebr,infinite_subordinate_clauses,morphosyntax,False,False,9,0.15495111111111115,0.08191152093027641,9,0.3621155555555556,0.07235883154652081,0.5242524072348413,0.5961545657867543,-5.686407571440251,3.372537208691703e-05,1.0,0.0005736335109885613,-2.680598236237285,large
faketruebr,named_entity_ratio_sentence,semantics_lexical,False,True,9,0.0,0.0,9,0.04160888888888889,0.017457299651180626,,0.5854808438519843,-7.150399498253713,2.3049431839737823e-06,0.0,0.00016100130228057156,-3.370730648938725,large
faketruebr,named_entity_ratio_text,semantics_lexical,False,True,9,0.0,0.0,9,0.039872222222222226,0.015851831737829055,,0.9414252817648915,-7.5459207897855505,1.1735507030133641e-06,0.0,0.00016100130228057156,-3.5571811738359407,large
faketruebr,non_svo_ratio,morphosyntax,False,False,9,0.24887666666666666,0.12159387186449817,9,0.23225777777777779,0.05820367444968096,0.32764408930516964,0.12234384940766768,0.36983930432194057,0.7163518736828136,39.5,0.9647293723446541,0.17434392002357293,negligible
faketruebr,postponed_subject_ratio,morphosyntax,False,False,9,0.12276111111111113,0.06438392859333074,9,0.06650555555555555,0.04283717460078078,0.5227582237765395,0.09271935920731544,2.1823514253962686,0.04433625307266004,63.0,0.051090762795429484,1.028770327886553,large
faketruebr,relative_pronouns_ratio,morphosyntax,False,False,9,0.11248222222222222,0.09691406860948748,9,0.3480722222222223,0.09947739589697976,0.16487352410292133,0.769259305092449,-5.08901236804169,0.00010941110872683985,3.0,0.0010478930767189659,-2.398983436656326,large
faketruebr,relative_pronouns_diversity_ratio,complexity_lexical_diversity,False,False,9,0.5,0.4409588668175298,9,0.4671955555555556,0.13888462172889326,0.05713871688099356,0.0649658248045092,0.21287148027572297,0.834115719581609,42.0,0.9287509712750955,0.10034857814945472,negligible
faketruebr,subjunctive_future_ratio,morphosyntax,False,False,9,0.03535777777777778,0.04730057261222579,9,0.008888888888888889,0.02666666666666667,0.013198017098928606,3.2174928554139273e-07,1.4623781618908014,0.16300226457427147,54.0,0.14628576253461825,0.6893716766214029,medium
faketruebr,subjunctive_imperfect_ratio,morphosyntax,False,False,9,0.0,0.0,9,0.00463,0.013889999999999998,,3.2174928554139273e-07,-1.0000000000000002,0.33219498465297925,36.0,0.37406279749088245,-0.4714045207910317,small
faketruebr,subjunctive_present_ratio,morphosyntax,False,False,9,0.10034888888888889,0.09834304556556663,9,0.04865333333333333,0.04484053718456103,0.2807178715410897,0.08333628469899862,1.4348791766270084,0.17058007155785615,53.0,0.2840354755848059,0.676408530650885,medium
faketruebr,subordinate_clauses,morphosyntax,False,False,9,0.32649666666666666,0.10777209738610455,9,0.5996900000000001,0.07515698819803784,0.7849692380054017,0.8095054006648121,-6.237753552458581,1.1863339777180892e-05,1.0,0.0005736335109885613,-2.9405052242092924,large
faketruebr,temporal_adjunct_ratio,morphosyntax,False,False,9,0.08875555555555555,0.08399903274906073,9,0.06090111111111111,0.060065241705258385,0.10365570720570871,0.2692811917396982,0.8092121439071154,0.4302630802103034,47.5,0.5585931189578393,0.38146626291681707,small
faketruebr,adverbs_before_main_verb_ratio,morphosyntax,False,False,9,0.18379777777777778,0.1207494577397532,9,0.18423,0.05232326944104315,0.32063294589058433,0.4576402433454562,-0.009853205078842462,0.992260219162584,35.0,0.6586782438537488,-0.004644845418447491,negligible
faketruebr,verbal_time_moods_diversity,morphosyntax,False,False,9,4.222222222222222,1.3944333775567928,9,5.222222222222222,1.092906420717,0.5565013206610249,0.008606983242408757,-1.6932975630904752,0.10977456696533294,23.0,0.11829682130736227,-0.7982281262852872,medium
faketruebr,ratio_function_to_content_words,morphosyntax,False,False,9,0.6875433333333333,0.13359369605262067,9,0.5914122222222222,0.03539652941242185,0.9711269826163387,0.09557113000908474,2.086730548756288,0.053272281515092036,60.0,0.0933976745287926,0.9836942143564644,large
