source,metric,category,layout_dependent,installation_dependent,human_n,human_mean,human_std,machine_n,machine_mean,machine_std,shapiro_p_human,shapiro_p_machine,t_statistic,t_p_value,u_statistic,u_p_value,cohens_d,effect_size
fakebr,adjective_ratio,morphosyntax,False,False,10,0.045182,0.01923712602697653,10,0.045587,0.01752065260707425,0.7350874851985217,0.0695933299574533,-0.04922069794821468,0.9612854700715228,54.0,0.7913367801006604,-0.022012165302438488,negligible
fakebr,adverbs,morphosyntax,False,False,10,0.035577,0.011130575556646753,10,0.029848000000000003,0.01698498016222307,0.991719376258984,0.026104134564040544,0.8921346614301897,0.3840922904213246,67.0,0.21229383619233155,0.39897474960833285,small
fakebr,content_words,morphosyntax,False,False,10,0.611315,0.046623229605947385,10,0.6030610000000001,0.026938856467522466,0.43035284542553326,0.08812160810218883,0.48473941644361546,0.6337075209073192,52.0,0.9097218891455553,0.21678205730830075,small
fakebr,flesch,complexity_readability,False,False,10,48.805719,10.56010274287608,10,37.795542,9.967378686767036,0.16593754132226074,0.7913392076909457,2.3976879489185916,0.02755731057559325,78.0,0.03763531378731424,1.0722786485228029,large
fakebr,function_words,morphosyntax,False,False,10,0.388685,0.04662322960594738,10,0.39699399999999996,0.027043907179909402,0.43035284542553326,0.0893509043068682,-0.4874929408954647,0.6317933179704056,48.0,0.9097218891455553,-0.21801347087870923,small
fakebr,sentences_per_paragraph,complexity_descriptive,True,False,10,1.01,0.03162277660168382,10,18.733736999999998,25.783338977112095,1.0036928138890277e-07,0.002112557562901765,-2.1737811175195456,0.04330866637385873,0.0,8.744986536701464e-05,-0.9721444693958325,large
fakebr,syllables_per_content_word,complexity_descriptive,False,False,10,2.740376,0.10128737479732282,10,2.8801719999999995,0.16773344977473437,0.30517260817553526,0.09334883714780884,-2.25613502089295,0.03673942538894836,27.0,0.08897301170181328,-1.0089742546269092,large
fakebr,words_per_sentence,complexity_descriptive,False,False,10,18.186828,5.753999248168954,10,23.624323999999998,3.824367472404061,0.7822363499058699,0.18117189172574616,-2.4887639025165873,0.022834811362378308,19.0,0.0211339281291611,-1.11300905319495,large
fakebr,noun_ratio,morphosyntax,False,False,10,0.37097300000000005,0.0648169358955581,10,0.370272,0.05660114816267718,0.8538665590687238,0.5460264761412155,0.025760701269843058,0.9797316559866487,53.0,0.8501067391385259,0.011520535837486847,negligible
fakebr,paragraphs,complexity_descriptive,True,False,10,13.3,10.274564062122863,10,5.8,4.917090377222873,1.3386505245611643e-05,0.0056822678631687365,2.0821733232494664,0.05186774881877291,74.5,0.06618561154211557,0.93117621834449,large
fakebr,sentences,complexity_descriptive,False,False,10,13.4,10.243697249203207,10,28.9,20.085649935546854,1.544159133317365e-05,0.040638833831920414,-2.1739180324540137,0.0432969024822459,14.0,0.007088158668861548,-0.9722056996159538,large
fakebr,words,complexity_descriptive,False,False,10,226.7,131.81809857189987,10,681.7,480.4625202170647,0.009634436073764659,0.06739517195038675,-2.887970795770795,0.009796522890569289,10.0,0.0028272720911168077,-1.291539803275532,large
fakebr,pronoun_ratio,morphosyntax,False,False,10,0.055038,0.033728413606993794,10,0.038818000000000005,0.017912723473057415,0.1511161589798941,0.09521483919077095,1.3430799611061526,0.19593697147190584,62.0,0.3846730627355087,0.6006436184502262,medium
fakebr,verbs,morphosyntax,False,False,10,0.159581,0.036312511602599025,10,0.157354,0.03399519874596672,0.09593207350305638,0.8384808246507702,0.14157823491027402,0.8889856855243964,45.0,0.7337299956962472,0.06331571147876132,negligible
fakebr,logic_operators,cohesion_connectives,False,False,10,0.030017,0.010302094770805919,10,0.031781,0.007736850421485764,0.37371312162219894,0.977814110709255,-0.43296719039980397,0.6701821039120309,43.0,0.6231762238821174,-0.1936288139522112,negligible
fakebr,and_ratio,cohesion_connectives,False,False,10,0.018290999999999998,0.009195985174701693,10,0.023881999999999997,0.008920867919908041,0.6029911993634052,0.5090260627258325,-1.3799763950435224,0.18449499516439197,30.0,0.14046504815835495,-0.6171442053324839,medium
fakebr,if_ratio,cohesion_connectives,False,False,10,0.000655,0.0015481691696251343,10,0.001069,0.0017606719045738066,4.881053586142747e-06,0.000847203333210599,-0.5584002919989429,0.5834511602380638,41.0,0.4282580450167388,-0.24972420231307366,small
fakebr,or_ratio,cohesion_connectives,False,False,10,0.00132,0.002173236194148155,10,0.000668,0.000994180846504073,0.000169603592638487,0.0025001229509344475,0.8627364874145989,0.399631579046669,51.0,0.9646258551077255,0.385827486505687,small
fakebr,negation_ratio,cohesion_connectives,False,False,10,0.007667,0.005305667933655689,10,0.006017000000000001,0.004192297301798462,0.607724772113445,0.5948983345620453,0.7716224600422286,0.4503500735759122,60.0,0.4708352139577867,0.34508005472400766,small
fakebr,cw_freq,complexity_frequency,False,False,10,503253.616423,292997.3687493514,10,590196.649649,306947.3291879723,0.14804525350845033,0.08566607252827696,-0.6479197150053052,0.5252160331239305,41.0,0.5205228832757727,-0.2897585053428306,small
fakebr,cw_freq_brwac,complexity_frequency,False,False,10,4.067135,0.2672513975537722,10,4.266388999999999,0.3067161612758247,0.7734501751777303,0.7197410558867112,-1.5488541555112905,0.13881947817309534,28.0,0.10410988966022681,-0.6926686357912553,medium
fakebr,cw_freq_bra,complexity_frequency,False,False,10,4.446270999999999,0.1665078578359326,10,4.684465,0.17198132852467182,0.195221518265892,0.7397383292991031,-3.1466196077633475,0.005579542817518766,17.0,0.014019277113959953,-1.4072110684585142,large
fakebr,min_cw_freq,complexity_frequency,False,False,10,4808.550005000001,4012.808001523829,10,2296.182733,2240.216122251112,0.02342837635642526,0.07193784098543511,1.7287168715321903,0.10097376888659296,65.0,0.27303633975118835,0.7731056877193497,medium
fakebr,min_cw_freq_brwac,complexity_frequency,False,False,10,1.7206029999999999,0.6097372050327182,10,1.837463,0.4702944242127005,0.5454963725753856,0.18301277075998168,-0.47990418413860875,0.6370753310394593,39.0,0.4273553138978077,-0.2146196756841011,small
fakebr,min_freq_brwac,complexity_frequency,False,False,10,1.5509809999999997,0.7265861871557673,10,1.6624010000000002,0.47363204469878895,0.5065137608193003,0.7400238101434231,-0.406238116553436,0.6893566096002242,43.0,0.6231762238821174,-0.18167520873299314,negligible
fakebr,min_cw_freq_bra,complexity_frequency,False,False,10,2.0504000000000002,0.46023210979775075,10,2.2069929999999998,0.582209825751087,0.8261318692793136,0.9399723149790504,-0.6672406916494273,0.5130822820513061,44.0,0.6775849579524755,-0.29839910877641923,small
fakebr,min_freq_bra,complexity_frequency,False,False,10,1.8047030000000004,0.5832728986036945,10,1.9759829999999998,0.5244141673238816,0.5826054454302141,0.9382340714067656,-0.6905455269175593,0.4986598011430406,42.0,0.5707503880581739,-0.30882134794921473,small
fakebr,freq_brwac,complexity_frequency,False,False,10,5.058936999999999,0.27006096402479185,10,5.279439999999999,0.24249966061831932,0.9177124100733551,0.4142444856403794,-1.9211324391531095,0.07069654719793005,24.0,0.053902557169387175,-0.8591565455452663,large
fakebr,freq_bra,complexity_frequency,False,False,10,5.317658,0.20600359181334685,10,5.561888,0.13468780509014158,0.4407315462229096,0.1910008950124807,-3.1379102915976818,0.005687095727193957,17.0,0.014019277113959953,-1.403316143861721,large
fakebr,hypernyms_verbs,semantics_lexical,False,False,10,0.717767,0.1973876290196526,10,0.5855090000000001,0.14075126890685175,0.1314129040917973,0.6992828085566866,1.7251774621679699,0.10162287808600509,68.0,0.18587673236587576,0.7715228157316305,medium
fakebr,brunet,complexity_readability,False,False,10,10.803678000000001,0.6377760647193409,10,12.731398,1.3017719053471355,0.4298281810204663,0.17805883986053966,-4.205260020735673,0.0005319665796074917,9.0,0.0022022199424970783,-1.8806494538854277,large
fakebr,honore,complexity_readability,False,False,10,952.568411,124.37188209005109,10,812.2924479999999,185.33197991097813,0.9093567977516461,0.8935443745742192,1.9874558535250966,0.062304437445362924,71.0,0.12122450301291662,0.8888172781523962,large
fakebr,personal_pronouns,morphosyntax,False,False,10,0.011179,0.012562488651183376,10,0.00349,0.003638665811652519,0.06170839717952273,0.07732475902370012,1.8590911870080316,0.07944182731398519,65.0,0.2574488648456398,0.8314108541041464,large
fakebr,ttr,complexity_lexical_diversity,False,False,10,0.736714,0.03385285847113456,10,0.718903,0.03926242253520957,0.4184415227477651,0.4704107714443863,1.0864499298198143,0.29161574467385065,66.0,0.24132159301718004,0.4858751794453961,small
fakebr,conn_ratio,cohesion_connectives,False,False,10,0.06584099999999998,0.019798006324992536,10,0.077649,0.01617690565796397,0.5780429219753025,0.9528575145437683,-1.4605035102098678,0.16138715931052447,29.0,0.12122450301291662,-0.6531570260412645,medium
fakebr,add_neg_conn_ratio,cohesion_connectives,False,False,10,0.002815,0.0034398070036300325,10,0.006008,0.0038043799319556226,0.02559266847021268,0.9276718782403394,-1.9686793541843488,0.06458482809127451,26.5,0.07807351746510377,-0.8804201723713179,large
fakebr,add_pos_conn_ratio,cohesion_connectives,False,False,10,0.025072,0.011001439097782718,10,0.032812999999999995,0.010145563945773432,0.1675724830421711,0.8702614761181048,-1.6357157435008534,0.11926462290945514,31.0,0.16197241048012612,-0.7315143188669038,medium
fakebr,cau_neg_conn_ratio,cohesion_connectives,False,False,10,0.0007849999999999999,0.001936934863816196,10,0.0012679999999999998,0.0010419724884403938,2.7411879152469084e-06,0.3830426318617817,-0.6944485624035178,0.4962674013586481,28.0,0.07523451129360734,-0.31056683848225414,small
fakebr,cau_pos_conn_ratio,cohesion_connectives,False,False,10,0.029429999999999994,0.01458847566479179,10,0.032344000000000005,0.011104917029056194,0.6013650836452592,0.9925329788773,-0.5026059642355888,0.6213349268699454,41.0,0.5205228832757727,-0.22477222038552094,small
fakebr,log_neg_conn_ratio,cohesion_connectives,False,False,10,0.0032630000000000007,0.005282747706765234,10,0.0019770000000000005,0.0014870107972409315,0.00012563184214095004,0.700560241139217,0.7410088621474671,0.4682457428130003,37.0,0.3218521904885808,0.33138923753830146,small
fakebr,log_pos_conn_ratio,cohesion_connectives,False,False,10,0.024065999999999997,0.015939597234560225,10,0.028269,0.0069568853982543396,0.30170639153435086,0.2348882399340425,-0.7642209593676276,0.45463783955672393,39.0,0.4273553138978077,-0.34177000299522403,small
fakebr,tmp_neg_conn_ratio,cohesion_connectives,False,False,10,0.0,0.0,10,0.0,0.0,,,,,50.0,,0.0,negligible
fakebr,tmp_pos_conn_ratio,cohesion_connectives,False,False,10,0.009054000000000001,0.00634329427208152,10,0.008617999999999999,0.00582076894500298,0.2589745175070408,0.8946582101999261,0.16014835972929672,0.8745477127599216,51.5,0.9397203669477441,0.07162052376795945,negligible
fakebr,adjectives_ambiguity,semantics_lexical,False,False,10,2.716857,0.8083139186678787,10,2.832406,0.6489965583233517,0.26046809307025937,0.4554676865081657,-0.3524919919730956,0.7285629627842701,42.5,0.5964249614572503,-0.1576392111152304,negligible
fakebr,adverbs_ambiguity,semantics_lexical,False,False,10,2.402963,0.8724274458601128,10,2.750185,0.9595521785737114,0.2740872731599791,0.3533053630698857,-0.8466638521421138,0.40829849461294937,43.5,0.6492850242269921,-0.3786395854963196,small
fakebr,nouns_ambiguity,semantics_lexical,False,False,10,2.1931070000000004,0.6471130562059633,10,2.5419840000000002,0.44250662220280196,0.7872985216842395,0.05455422973262074,-1.407302869341433,0.1763714331687047,37.0,0.3447042220069576,-0.6293649761555897,medium
fakebr,verbs_ambiguity,semantics_lexical,False,False,10,9.775423,1.3391972761741346,10,9.689868,1.3008977257075636,0.456705968042134,0.5834434723371648,0.1449089283754134,0.8863930270885715,55.0,0.7336336437678685,0.06480524287881449,negligible
fakebr,yngve,morphosyntax,False,False,10,2.6258529999999998,0.27393868722155085,10,2.8779930000000005,0.2256033764054864,0.5856229798715074,0.39544982880899227,-2.2467830145679164,0.037436251107898666,25.0,0.06402210128302689,-1.0047919102531522,large
fakebr,frazier,morphosyntax,False,False,10,7.095209000000001,0.6997509120068686,10,7.181273,0.5608095131553632,0.726750426771422,0.3825878168903779,-0.30349438345415347,0.7649931378830457,49.5,1.0,-0.13572681443857493,negligible
fakebr,dep_distance,morphosyntax,False,False,10,41.560475,21.237151838924085,10,54.709287999999994,11.18669566203215,0.046456265837665885,0.013235334169407559,-1.7322694945493335,0.10032584190004343,20.0,0.025748080821108063,-0.7746944690323024,medium
fakebr,cross_entropy,cohesion_semantic_lsa,False,False,10,0.6963100000000001,0.07248177349436816,10,0.588417,0.08962885262756258,0.920617437928557,0.06543406406793925,2.9599256559523597,0.008384260674200268,84.0,0.011329696684474665,1.3237189950110262,large
fakebr,content_density,complexity_lexical_diversity,False,False,10,1.6114989999999998,0.36292432356101767,10,1.5291309999999998,0.16421909879791693,0.0435871497790048,0.15924604866318076,0.6538749796220849,0.5214591471881088,52.0,0.9097218891455553,0.2924217806442542,small
fakebr,words_before_main_verb,morphosyntax,False,False,10,3.222295,2.5688831296380314,10,5.854242999999999,2.340177027781588,0.27698887696312524,0.028412909668507156,-2.395097194361431,0.027704166412378148,17.5,0.015177399526447413,-1.0711200278622373,large
fakebr,adjacent_refs,cohesion_referential,False,False,10,0.19320700000000002,0.2840601436726619,10,1.984356,2.121411264523899,0.0008736079830616421,0.09070912332347253,-2.6463541922636757,0.016414845812292102,32.0,0.17136280013730165,-1.1834855732886254,large
fakebr,anaphoric_refs,cohesion_referential,False,True,10,0.84038,1.0156650642914828,10,5.950877,5.711673391092336,0.03138797591433487,0.10799129910896449,-2.7857343873673526,0.01220392210422398,34.0,0.23124249716061973,-1.2458182914824263,large
fakebr,adj_arg_ovl,cohesion_referential,False,False,10,0.641484,0.42838576862449573,10,1.129079,0.5963050537071328,0.11207672197526275,0.9971037850257048,-2.100037068266609,0.05008676831517427,24.0,0.05372219923209223,-0.9391651279827008,large
fakebr,arg_ovl,cohesion_referential,False,False,10,0.694458,0.3334338265116816,10,1.026793,0.7673110012106492,0.4953458531059511,0.010608436547760051,-1.2561582191753096,0.22511845476085754,35.0,0.27303633975118835,-0.5617710337142144,medium
fakebr,adj_stem_ovl,cohesion_referential,False,False,10,0.8258790000000001,0.4467228531937398,10,1.8665379999999998,1.5298211566047697,0.3883977708935036,9.67840817322886e-05,-2.0648995604507574,0.05364433997189438,16.0,0.011329696684474665,-0.923451156775466,large
fakebr,stem_ovl,cohesion_referential,False,False,10,0.931932,0.5135927523891538,10,1.8230879999999998,1.7778082863383593,0.5420619039641462,4.5100485571602504e-05,-1.5228697886715814,0.145166475284404,27.0,0.08897301170181328,-0.6810480736700791,medium
fakebr,adj_cw_ovl,cohesion_referential,False,False,10,0.690181,0.432888384856112,10,1.3998940000000002,0.9489054474639013,0.042825903929252736,0.007897732113686561,-2.151817613392654,0.045234130027640956,21.0,0.031145570791027408,-0.9623220917454672,large
fakebr,lsa_adj_mean,cohesion_semantic_lsa,False,False,10,0.725811,0.10680446728588755,10,0.8003180000000001,0.04029184417058454,0.020319695689801763,0.4718792911869893,-2.064022472094233,0.05373600082653503,23.0,0.04515456962427901,-0.9230589109379737,large
fakebr,lsa_adj_std,cohesion_semantic_lsa,False,False,10,0.11611699999999998,0.07916575158067618,10,0.090924,0.03670558698012546,0.004910144503627832,0.695132269791656,0.9129746632427658,0.3733228376621733,58.0,0.5707503880581739,0.4082946817491606,small
fakebr,lsa_all_mean,cohesion_semantic_lsa,False,False,10,0.712244,0.11107722810929539,10,0.78213,0.0490522727981759,0.003944181287741325,0.192441666190297,-1.8200296238839444,0.08542546218756107,25.0,0.06402210128302689,-0.813941992013575,large
fakebr,lsa_all_std,cohesion_semantic_lsa,False,True,10,0.0,0.0,10,0.093419,0.040281008607586336,,0.710831340459186,-7.3338982053103905,8.261113658968116e-07,0.0,6.386444750436982e-05,-3.2798189854275486,large
fakebr,lsa_paragraph_mean,cohesion_semantic_lsa,True,False,10,0.7372270000000001,0.07788813203705826,10,0.534779,0.4612882010305488,0.30090270524379037,0.0006061002784925086,1.3684750252229578,0.1880027837464887,40.0,0.4710033068433538,0.6120006363818546,medium
fakebr,lsa_paragraph_std,cohesion_semantic_lsa,True,False,10,0.10690899999999999,0.055763316585965964,10,0.022203,0.03563271469684378,0.06117602844828079,0.0009426876612057424,4.047761430566074,0.000755097581770869,93.0,0.0012073859234108734,1.8102139430895074,large
fakebr,lsa_givenness_mean,cohesion_semantic_lsa,False,False,10,0.8028960000000002,0.08190196350922649,10,0.865958,0.031593870643246966,0.007445092637347829,0.740036441095746,-2.271696448812962,0.035606425050628186,20.0,0.025748080821108063,-1.0159335367581308,large
fakebr,lsa_givenness_std,cohesion_semantic_lsa,False,False,10,0.11399,0.07770805335070205,10,0.072919,0.025298279893217153,0.0017405296890144909,0.2155293285745966,1.589257847168908,0.12941209148244565,71.0,0.12122450301291662,0.7107377160089301,medium
fakebr,lsa_span_mean,cohesion_semantic_lsa,False,False,10,0.8310130000000001,0.08474016311971291,10,0.9113850000000001,0.027794884521356724,0.014579100984964989,0.33275542453051743,-2.8498826327019287,0.01063443053510013,13.0,0.00579535854433471,-1.2745062589235154,large
fakebr,lsa_span_std,cohesion_semantic_lsa,False,False,10,0.111789,0.08333770901178729,10,0.05991300000000001,0.021882598388267838,0.0011253612780785507,0.00118262142351768,1.9039119542550287,0.07303394396673989,80.0,0.025748080821108063,0.8514553105777429,large
fakebr,first_person_pronouns,morphosyntax,False,False,10,0.04,0.12649110640673517,10,0.025,0.07905694150420949,1.0036928138890277e-07,1.0036928138890277e-07,0.3179993640019079,0.7541451147535607,50.5,1.0,0.14221363894199315,negligible
fakebr,second_person_pronouns,morphosyntax,False,False,10,0.06999999999999999,0.1636391694484477,10,0.0,0.0,5.608905231459141e-06,,1.3527289154417448,0.1928915060399645,60.0,0.16807831903497028,0.6049587620114613,medium
fakebr,simple_word_ratio,complexity_simplicity,False,False,10,0.644126,0.08488453532757177,10,0.6740029999999999,0.08170263290331183,0.8181468546582826,0.1899881824392632,-0.8019203448251805,0.43305908252876646,46.0,0.7913367801006604,-0.35862968071383505,small
fakebr,third_person_pronouns,morphosyntax,False,False,10,0.49000000000000005,0.472463990397387,10,0.575,0.5006939628599933,0.006270531297608886,0.0007117060819432429,-0.3904522543126583,0.7007844502666425,46.0,0.7736951396933869,-0.1746155565222279,negligible
fakebr,adjunct_per_clause,morphosyntax,False,False,10,0.5152990000000001,0.3640909108832268,10,0.612446,0.2684290696378965,0.004242154833721125,0.21241137614305694,-0.6791398584361039,0.505688993852453,47.5,0.879378296851112,-0.3037205779385425,small
fakebr,apposition_per_clause,morphosyntax,False,False,10,0.021428999999999997,0.04821157547726478,10,0.051405,0.0599934850629633,8.564251655626616e-06,0.01806008384443177,-1.2316342611358273,0.2339345837001186,27.0,0.06263443059875232,-0.5508035862634875,medium
fakebr,aux_plus_PCP_per_sentence,morphosyntax,False,False,10,0.12597399999999997,0.15156560649141715,10,0.379394,0.2593287683916992,0.028188783436553986,0.6164063719591993,-2.667970034121914,0.015681346729942893,19.5,0.022208730897883666,-1.1931524716458068,large
fakebr,clauses_per_sentence,morphosyntax,False,False,10,1.594517,1.1685527823104764,10,2.687221,1.1789985904284288,0.0350043111311703,0.19674799312996843,-2.0816040606228214,0.051925436460069446,17.5,0.015138929710573354,-0.9309216363584444,large
fakebr,coordinate_conjunctions_per_clauses,morphosyntax,False,False,10,0.12251799999999999,0.12508470088526236,10,0.231066,0.12298215942882842,0.1662784470358027,0.9211985807020782,-1.9568271936937216,0.06606244433484687,24.5,0.05773742713250928,-0.8751197250638619,large
fakebr,ratio_coordinate_conjunctions,morphosyntax,False,False,10,0.36049699999999996,0.2929560298842738,10,0.5483279999999999,0.21891659476207423,0.1707027053750932,0.009370229098746494,-1.6241423533791108,0.12172721096050981,29.5,0.12825114084856987,-0.7263385414584356,medium
fakebr,first_person_possessive_pronouns,morphosyntax,False,False,10,0.05,0.15811388300841897,10,0.11875,0.3151966978464929,1.0036928138890277e-07,9.874354858956784e-07,-0.6165263271279537,0.545266517625252,45.0,0.5842485531772132,-0.2757189554752755,small
fakebr,gerund_verbs,morphosyntax,False,False,10,0.035405,0.039776166859062725,10,0.036676999999999994,0.03634060968423924,0.018999668813769223,0.18636783899137926,-0.07465859260001342,0.9413098224187535,46.0,0.7869083593356585,-0.03338833763161855,negligible
fakebr,infinitive_verbs,morphosyntax,False,False,10,0.136328,0.12259038568428694,10,0.172278,0.10137383388012686,0.21499185800838783,0.9414498160344783,-0.7146530244186292,0.48398969043883994,39.5,0.4479800369317226,-0.31960254858517445,small
fakebr,inflected_verbs,morphosyntax,False,False,10,0.41929299999999997,0.292682581232069,10,0.5038509999999999,0.20062311412474662,0.0015367880587644441,0.024565423638011053,-0.7535635560369803,0.46085544504211207,51.5,0.9395156100435313,-0.33700386733303195,small
fakebr,non-inflected_verbs,morphosyntax,False,False,10,0.280707,0.19866494412284552,10,0.39614900000000003,0.16817474552447587,0.00357469709306638,0.0648000722355086,-1.4025151901541835,0.1777734565394656,28.5,0.11105871337876795,-0.6272238609321596,medium
fakebr,participle_verbs,morphosyntax,False,False,10,0.10897300000000001,0.09648541272015049,10,0.18719400000000003,0.09337974967244714,0.38264945550984963,0.44860729561508955,-1.8421923938356128,0.08198363535174953,27.5,0.09505175955381354,-0.823853484049899,large
fakebr,passive_ratio,morphosyntax,False,False,10,0.045465,0.060047944594298984,10,0.10821499999999999,0.07584562512103121,0.012067970107785446,0.9037910583759738,-2.0512326092722284,0.05508881356973577,23.5,0.046393241923836474,-0.9173391103993936,large
fakebr,prepositions_per_clause,morphosyntax,False,False,10,1.052608,0.7845736302929834,10,1.395913,0.61369599428472,0.07138897978043121,0.35373684794539206,-1.0898963816169178,0.2901351905190588,35.5,0.28809875429924503,-0.48741647954529616,small
fakebr,prepositions_per_sentence,morphosyntax,False,False,10,2.369318,1.7765349260024885,10,4.0330449999999995,1.6657813963372665,0.08238938369025689,0.021551761056028823,-2.160337564469725,0.04447810697061401,19.5,0.022772883690677703,-0.9661323297001277,large
fakebr,relative_clauses,morphosyntax,False,False,10,0.042625,0.04660963521037732,10,0.07116600000000001,0.06072449957709729,0.008929245940317868,0.2292959701849302,-1.179025594572958,0.25373848368627383,31.5,0.15961905867611104,-0.5272762753354482,medium
fakebr,second_person_possessive_pronouns,morphosyntax,False,False,10,0.0,0.0,10,0.0,0.0,,,,,50.0,,0.0,negligible
fakebr,sentences_with_five_clauses,morphosyntax,False,False,10,0.030249000000000005,0.04599247123171357,10,0.10386499999999999,0.08778834284168308,0.0016227715675436252,0.3904425806967632,-2.3489297481104603,0.03044684493045282,23.0,0.03817558021426186,-1.0504733182292894,large
fakebr,sentences_with_four_clauses,morphosyntax,False,False,10,0.060190999999999995,0.05661222197252699,10,0.18598100000000004,0.183075391237235,0.07108180570757554,0.031797285725903825,-2.075800723636844,0.05251686072754105,22.5,0.03965596070008742,-0.9283263051590475,large
fakebr,sentences_with_one_clause,morphosyntax,False,False,10,0.250288,0.19779280437422952,10,0.154064,0.12562500168711996,0.25187364995787986,0.689521447509915,1.2986223080146189,0.21046500576735852,64.0,0.30290080698100874,0.5807615515636716,medium
fakebr,sentences_with_seven_more_clauses,morphosyntax,False,False,10,0.007142999999999999,0.02258814932658273,10,0.021089000000000004,0.04022846461842106,1.0036928138890277e-07,7.085369846854088e-05,-0.9558887258719998,0.35179133769982307,39.5,0.2795593530933159,-0.4274864339950907,small
fakebr,sentences_with_six_clauses,morphosyntax,False,False,10,0.026785999999999997,0.04552727124116562,10,0.027459,0.05217316923264081,0.00025083504565434053,7.397874520361571e-05,-0.030734848966994594,0.9758192258298605,48.0,0.8941006381591543,-0.013745042313677824,negligible
fakebr,sentences_with_three_clauses,morphosyntax,False,False,10,0.126317,0.12740254768514903,10,0.16834300000000002,0.09640612360103365,0.18821238565027176,0.7863131493288946,-0.8318221934096823,0.4164086924395735,38.0,0.3808867026614705,-0.37200219393140543,small
fakebr,sentences_with_two_clauses,morphosyntax,False,False,10,0.181277,0.20439422339358482,10,0.22084099999999998,0.15410468710515518,0.016302651067154564,0.6645226864557772,-0.48876020633168893,0.6309132349980635,44.0,0.6704950277919249,-0.2185802092108959,small
fakebr,sentences_with_zero_clause,morphosyntax,False,False,10,0.017749,0.03233937519151812,10,0.018358,0.03093237886458496,8.711690150897503e-05,0.0002812097423632576,-0.04303433173378597,0.9661479576742935,50.0,1.0,-0.019245538224604366,negligible
fakebr,ratio_subordinate_conjunctions,morphosyntax,False,False,10,0.339503,0.2807583221305391,10,0.35167200000000004,0.1614738641252991,0.06032512287301259,0.5454066038253607,-0.11881441265725926,0.9067383372018352,50.5,1.0,-0.05313542068166862,negligible
fakebr,third_person_possessive_pronouns,morphosyntax,False,False,10,0.55,0.49721446300587663,10,0.58125,0.5035033515280708,0.0012799426050452527,0.0005320503739086783,-0.13965124529665426,0.8904862719099067,49.5,1.0,-0.06245393552516335,negligible
fakebr,negative_words,semantics_lexical,False,False,10,0.31029999999999996,0.09430958699941379,10,0.27865599999999996,0.09132687838503818,0.15281915554055253,0.45774576848559995,0.7622317426990226,0.4557944566149567,63.0,0.3447042220069576,0.3408803982566287,small
fakebr,positive_words,semantics_lexical,False,False,10,0.38840600000000003,0.09085271330871499,10,0.391084,0.0791774294719005,0.49051674773578663,0.21319706693804952,-0.07027133507756732,0.9447525336520302,49.0,0.9698499769931556,-0.03142629642062119,negligible
fakebr,abstract_nouns_ratio,semantics_lexical,False,False,10,0.033762,0.02118297051879174,10,0.046650000000000004,0.020140132957742744,0.9451804891258958,0.9580955260485189,-1.3943421147094175,0.18018764264078047,32.0,0.18587673236587576,-0.6235687504762134,medium
fakebr,demonstrative_pronoun_ratio,cohesion_referential,False,True,10,0.23864100000000002,0.24796125236953187,10,1.716364,0.9699576538775059,0.08570652482247093,0.822328018945089,-4.667599636322865,0.00019158678818511827,8.0,0.001533724615898142,-2.0874140157142445,large
fakebr,coreference_pronoun_ratio,cohesion_referential,False,False,10,0.154891,0.2609559463225759,10,1.826961,1.8040968986445514,0.0005575937330909993,0.09312875889224859,-2.9006691501739468,0.009531609221101328,28.0,0.08233850389886697,-1.2972186800050982,large
fakebr,adjective_diversity_ratio,complexity_lexical_diversity,False,False,10,0.945613,0.0883812455030289,10,0.7905939999999999,0.14942360591434153,0.00014627377870345321,0.6264193192082583,2.8237287248725345,0.01124934412384013,82.5,0.012412856066191072,1.2628098757667576,large
fakebr,adjectives_max,morphosyntax,False,False,10,0.13319399999999998,0.0686097764656515,10,0.142073,0.02441533400231183,0.8469302799624763,0.01015462394086494,-0.385555103358169,0.7043447856744838,41.5,0.5430664517716248,-0.17242548403616467,negligible
fakebr,adjectives_min,morphosyntax,False,False,10,0.0,0.0,10,0.002632,0.008323114801563175,,1.0036928138890277e-07,-0.9999999999999997,0.3305649312781844,45.0,0.36812025069351895,-0.44721359549995787,small
fakebr,adjectives_standard_deviation,morphosyntax,False,False,10,0.045347,0.022524754801970404,10,0.041224,0.0064090269672288525,0.6607133325924499,0.45515705970648496,0.5567352148215392,0.5845646762232749,66.0,0.24132159301718004,0.248979557161782,small
fakebr,adverbs_diversity_ratio,complexity_lexical_diversity,False,False,10,0.8911110000000001,0.11953264272434817,10,0.59742,0.16995965913514105,0.01190861468357966,0.10751465122012038,4.469694004866114,0.00029615628696312313,92.5,0.0012818743912462994,1.9989079267007814,large
fakebr,adverbs_max,morphosyntax,False,False,10,0.143772,0.1190361472457468,10,0.21450000000000005,0.20796571132974997,0.0500664400292038,0.0018516925248284845,-0.9333881308206432,0.36297229466482545,37.5,0.36326155422480677,-0.417423861981285,small
fakebr,adverbs_min,morphosyntax,False,False,10,0.0,0.0,10,0.0,0.0,,,,,50.0,,0.0,negligible
fakebr,adverbs_standard_deviation,morphosyntax,False,False,10,0.042906,0.02765400360807736,10,0.048981000000000004,0.0290261336078752,0.11699661007058465,0.03334911496257726,-0.47918494727535826,0.6375769882263675,46.0,0.7913367801006604,-0.21429802318047075,small
fakebr,concretude_mean,complexity_psycholinguistic,False,False,10,4.112041999999999,0.17327805065847213,10,4.037662,0.16162556280214804,0.5776261329080977,0.6189699924793131,0.9926327980159535,0.33404622508534704,65.0,0.27303633975118835,0.4439188826118981,small
fakebr,concretude_std,complexity_psycholinguistic,False,False,10,0.7780919999999999,0.1049252839775894,10,0.705849,0.05712428816964715,0.030770931425633554,0.4256131300136321,1.9122547744657992,0.071893109276229,73.0,0.08897301170181328,0.8551863332008113,large
fakebr,concretude_1_25_ratio,complexity_psycholinguistic,False,False,10,0.006823,0.008181196666068412,10,0.007158,0.01120305394871317,0.025439158613379035,0.0006594675810797636,-0.07636540956651333,0.9399707890097526,54.5,0.7466381771902351,-0.03415164938406731,negligible
fakebr,concretude_25_4_ratio,complexity_psycholinguistic,False,False,10,0.47008799999999995,0.07516849351808094,10,0.49670899999999996,0.10759749537047783,0.9467732446195027,0.11783837183271317,-0.6413763485887735,0.5293611958703437,39.0,0.4273553138978077,-0.28683222292101973,small
fakebr,concretude_4_55_ratio,complexity_psycholinguistic,False,False,10,0.479782,0.06870738320345686,10,0.472298,0.09979371476534316,0.5855049802112184,0.34116711091543117,0.19533420302131665,0.8473193433266433,54.0,0.7913367801006604,0.08735611125728177,negligible
fakebr,concretude_55_7_ratio,complexity_psycholinguistic,False,False,10,0.043304999999999996,0.03446986131229554,10,0.023834999999999995,0.016033905914931923,0.125366828991478,0.6670317470418617,1.6195461908368578,0.12271707973191077,69.5,0.15077333785344002,0.7242830750824123,medium
fakebr,content_word_diversity,complexity_lexical_diversity,False,False,10,0.831743,0.05735268530960187,10,0.8012929999999999,0.06385138405356267,0.1915561398238801,0.35957923241657236,1.1219195574760914,0.27664050994676,67.0,0.21229383619233155,0.5017376791606046,medium
fakebr,content_words_ambiguity,semantics_lexical,False,False,10,4.215596000000001,0.7816672879059365,10,4.280489,0.5568049982105245,0.7418673354055894,0.9328701838185612,-0.21382557776001132,0.8330864802715003,45.0,0.7337299956962472,-0.0956257054399105,negligible
fakebr,content_word_max,complexity_lexical_diversity,False,False,10,0.721429,0.12243726806001515,10,0.666045,0.054543891245695184,0.07811624462103497,0.2598343503436308,1.306650923113776,0.2077804668804267,62.5,0.3610763048172637,0.5843520573890508,medium
fakebr,content_word_min,complexity_lexical_diversity,False,False,10,0.38150700000000004,0.1462346763140216,10,0.40625,0.0587749177418017,0.0018260404478510335,0.022221252298060545,-0.49646047243579267,0.6255778429722754,58.0,0.5698788848916397,-0.2220238729016186,small
fakebr,content_word_standard_deviation,complexity_lexical_diversity,False,False,10,0.098418,0.04497096095136159,10,0.06353899999999998,0.011943280258510781,0.06152916852753696,0.16909711103546105,2.3704573113322254,0.02913787724033264,76.0,0.053902557169387175,1.060100737180048,large
fakebr,dalechall_adapted,complexity_readability,False,False,10,11.180537999999999,1.1399006246920533,10,10.985567,1.0775148480240178,0.44975449803166756,0.7363202486429834,0.3930665881060518,0.6988866824207864,56.0,0.6775849579524755,0.1757847221378084,negligible
fakebr,easy_conjunctions_ratio,complexity_simplicity,False,False,10,0.056903999999999996,0.014541783628947005,10,0.070177,0.017285183153980945,0.36654071877160327,0.031041908652057366,-1.858152722669389,0.07958114229211666,35.0,0.27303633975118835,-0.8309911600930137,large
fakebr,familiaridade_mean,complexity_psycholinguistic,False,False,10,4.733244000000001,0.17990187443900263,10,4.7269890000000006,0.14624428949535107,0.5064063041176283,0.8304213649350871,0.08531584379056784,0.9329520967123789,48.0,0.9097218891455553,0.0381544052546926,negligible
fakebr,familiaridade_std,complexity_psycholinguistic,False,False,10,0.78035,0.07446130180615074,10,0.7523350000000001,0.07782744106890147,0.8092615063267434,0.14609397159371795,0.8224921408718797,0.421559536664142,62.5,0.36416573464017166,0.36782966758977126,small
fakebr,familiaridade_1_25_ratio,complexity_psycholinguistic,False,False,10,0.005082,0.0074925767708223494,10,0.0010409999999999998,0.0017615804141609757,0.002870559973197569,0.00023809058140921382,1.6602537234367545,0.11418326860895209,61.0,0.35167851962835195,0.7424880371003437,medium
fakebr,familiaridade_25_4_ratio,complexity_psycholinguistic,False,False,10,0.18278300000000003,0.09499539006943676,10,0.169112,0.06797194679506473,0.23943503200816357,0.17533697298597378,0.3701046139228646,0.7156234511648619,54.0,0.7913367801006604,0.16551581510356808,negligible
fakebr,familiaridade_4_55_ratio,complexity_psycholinguistic,False,False,10,0.608195,0.09309412539646815,10,0.638604,0.052413102729926005,0.48144719336106284,0.7138205128016798,-0.9000981567400508,0.37995286175144366,45.0,0.7337299956962472,-0.4025361329786028,small
fakebr,familiaridade_55_7_ratio,complexity_psycholinguistic,False,False,10,0.203938,0.07667962554246946,10,0.191246,0.05008757490635777,0.08277986577498575,0.2746740624803761,0.43821488867941627,0.6664442961032179,47.0,0.8501067391385259,0.19597565596793556,negligible
fakebr,function_word_diversity,complexity_lexical_diversity,False,False,10,0.436635,0.07544950662529214,10,0.34226199999999996,0.055185294095840824,0.11858109234595976,0.29793331595084427,3.192571475609012,0.005044179239270399,89.0,0.0036105143123296027,1.4277613684977128,large
fakebr,gunning_fox,complexity_readability,False,True,10,7.41344,2.296779094703421,10,23.906388,2.100065054541566,0.7702913385152848,0.9386004181346904,-16.75861009849895,1.989493180292956e-12,0.0,0.00018267179110955002,-7.4946782777316185,large
fakebr,hard_conjunctions_ratio,complexity_simplicity,False,False,10,0.015110000000000002,0.009025917004813295,10,0.015364999999999998,0.005578813593508132,0.5189047828110458,0.9384680083278298,-0.07599580457342317,0.9402607363332005,51.0,0.9698499769931556,-0.03398635700619272,negligible
fakebr,idade_aquisicao_mean,complexity_psycholinguistic,False,False,10,4.9505289999999995,0.5134523249414474,10,5.214034,0.24309647953024743,0.1397071425717446,0.5591882965268237,-1.4667960693257975,0.15968579173826547,32.0,0.18587673236587576,-0.6559711440283955,medium
fakebr,idade_aquisicao_std,complexity_psycholinguistic,False,False,10,1.561111,0.2159870756652917,10,1.5965310000000001,0.1542631467078972,0.8887384285990726,0.018849193715256205,-0.42200311356249715,0.6780201160483442,45.0,0.7337299956962472,-0.1887255297284614,negligible
fakebr,idade_aquisicao_1_25_ratio,complexity_psycholinguistic,False,False,10,0.086529,0.051122158155191805,10,0.067554,0.03594015556758516,0.22230380223061774,0.7108563332486306,0.9602002649652359,0.34967614132587704,56.0,0.6774705127728922,0.4294146128951155,small
fakebr,idade_aquisicao_25_4_ratio,complexity_psycholinguistic,False,False,10,0.21331699999999998,0.08426298304844318,10,0.16922800000000002,0.025108478780417318,0.14727976199369885,0.8801861429571819,1.585700748289243,0.13021819955390174,68.0,0.18587673236587576,0.7091469330294061,medium
fakebr,idade_aquisicao_4_55_ratio,complexity_psycholinguistic,False,False,10,0.275005,0.06860708211742186,10,0.263524,0.022801340214021533,0.998158978698017,0.9983157947997178,0.5021811555809307,0.621627782656342,56.5,0.6500246299061012,0.22458224017967182,small
fakebr,idade_aquisicao_55_7_ratio,complexity_psycholinguistic,False,False,10,0.324765,0.1060489418722423,10,0.39946100000000007,0.06270820847385133,0.9529807940318541,0.3416120206347609,-1.9172559450406939,0.07121683964347275,24.0,0.053902557169387175,-0.8574229246753187,large
fakebr,imageabilidade_mean,complexity_psycholinguistic,False,False,10,4.27857,0.21792569355427358,10,4.154464,0.10924094503029128,0.07025629977961965,0.3896471870020086,1.6099318102243712,0.12480978051022885,71.0,0.12122450301291662,0.719983393360197,medium
fakebr,imageabilidade_std,complexity_psycholinguistic,False,False,10,0.6065730000000001,0.06706872247511834,10,0.571456,0.05401693298299051,0.5027582343845929,0.2113547068181329,1.2895295546529804,0.2135381550255529,70.0,0.14046504815835495,0.5766951486398189,medium
fakebr,imageabilidade_1_25_ratio,complexity_psycholinguistic,False,False,10,0.001149,0.0036334570315334678,10,0.0,0.0,1.0036928138890371e-07,,1.0,0.3305649312781842,55.0,0.36812025069351895,0.447213595499958,small
fakebr,imageabilidade_25_4_ratio,complexity_psycholinguistic,False,False,10,0.339526,0.09628676142994252,10,0.40048200000000006,0.10121365210945278,0.4955260396508769,0.1379123032699049,-1.3798388135696162,0.18453664339328404,35.0,0.27303633975118835,-0.6170826770268641,medium
fakebr,imageabilidade_4_55_ratio,complexity_psycholinguistic,False,False,10,0.6175729999999999,0.06816146566140661,10,0.5854000000000001,0.09899643674844509,0.23973410538156598,0.1995392448596625,0.8464738509401881,0.408401671624997,57.0,0.6230455308379078,0.378554614375657,small
fakebr,imageabilidade_55_7_ratio,complexity_psycholinguistic,False,False,10,0.041753,0.052208107086501,10,0.014118999999999998,0.008995961377813442,0.00017874073481711773,0.4371254857361623,1.6495004094722305,0.11638689301197937,73.5,0.08198366564857765,0.7376790088987291,medium
fakebr,indefinite_pronoun_ratio,morphosyntax,False,False,10,0.12614,0.1535978359945941,10,0.14724900000000002,0.09445450809193223,0.010433741643308065,0.931065501208763,-0.3701969170267443,0.7155558674672616,39.5,0.4453827125049501,-0.16555709430652993,negligible
fakebr,indefinite_pronouns_diversity,complexity_lexical_diversity,False,False,10,0.54,0.4880801391392834,10,0.7116119999999999,0.33408492253051797,0.002385356787320935,0.0635259200505788,-0.9175210787404668,0.37100058734785685,42.5,0.5813855788250665,-0.41032790057052415,small
fakebr,medium_long_sentence_ratio,complexity_simplicity,False,False,10,0.115364,0.08677182417761604,10,0.080166,0.08465377712909344,0.5684018700497079,0.04595552953089044,0.9181722365028697,0.37066878235181033,58.5,0.5391839761609376,0.4106191071746861,small
fakebr,max_noun_phrase,morphosyntax,False,False,10,19.3,6.165315167216605,10,25.9,7.415449338299662,0.6802585352820623,0.18777001179755343,-2.164225258087044,0.04413698498812214,28.5,0.11119400805909475,-0.9678709591409315,large
fakebr,mean_noun_phrase,morphosyntax,False,False,10,5.144407,1.1841000846498482,10,5.908049,0.8700434438380392,0.8862966757007489,0.762814939619326,-1.64345033874805,0.11764256185958033,29.0,0.12122450301291662,-0.7349733350171394,medium
fakebr,medium_short_sentence_ratio,complexity_simplicity,False,False,10,0.068702,0.06636156598513933,10,0.036877,0.030700875865175066,0.10278214683690234,0.3111988846408693,1.376377735408884,0.18558685540890177,64.5,0.2789926115344017,0.6155348358182968,medium
fakebr,min_noun_phrase,morphosyntax,False,False,10,1.0,0.0,10,1.0,0.0,,,,,50.0,,0.0,negligible
fakebr,noun_diversity,complexity_lexical_diversity,False,False,10,0.727421,0.0778898390820152,10,0.702137,0.10912045057845227,0.8708974853358141,0.8484051219698868,0.596378814931481,0.5583486244722585,55.0,0.7337299956962472,0.26670871410551167,small
fakebr,nouns_max,morphosyntax,False,False,10,0.593097,0.26716193653745746,10,0.6612790000000001,0.20953414690954578,0.34876863271582836,0.2921116982156867,-0.6350276583481909,0.5334002303103161,46.0,0.7907982828956366,-0.2839930023318133,small
fakebr,nouns_min,morphosyntax,False,False,10,0.21050500000000003,0.11294269906559797,10,0.15865900000000002,0.1252398381284663,0.00029683205995871716,0.1503467512497283,0.9721701617679057,0.343849826174972,69.0,0.15800877121193657,0.4347677134820009,small
fakebr,nouns_standard_deviation,morphosyntax,False,False,10,0.10973300000000001,0.056592606711870455,10,0.10538100000000002,0.0401798123578385,0.8721250189822811,0.7957554628498851,0.19828699536750582,0.8450428036723998,51.0,0.9698499769931556,0.08867664013918579,negligible
fakebr,oblique_pronouns_ratio,morphosyntax,False,False,10,0.071607,0.07975727748752601,10,0.023194,0.03194061336640582,0.04639204479607319,0.003616917250502404,1.7819349970671792,0.0916378807234772,70.0,0.11510216663920605,0.7969055569856203,medium
fakebr,preposition_diversity,complexity_lexical_diversity,False,False,10,0.386709,0.08339285093926084,10,0.291252,0.11060623337869444,0.49259735243332337,0.0004592415796585743,2.1791730623341588,0.042847590457143876,82.0,0.017257456083119765,0.9745558204231132,large
fakebr,pronoun_diversity,complexity_lexical_diversity,False,False,10,0.813785,0.18161850384497966,10,0.591507,0.2159834236977973,0.055493486593930025,0.2713632597147986,2.49084605534566,0.022736316062758923,76.0,0.05291181287978875,1.11394022024802,large
fakebr,pronouns_max,morphosyntax,False,False,10,0.168295,0.14522433835277063,10,0.16140400000000002,0.0718306995959558,0.0211519352852358,0.0360659520984947,0.13449916840521337,0.8945003755984531,44.0,0.6773559458061944,0.06014985669424981,negligible
fakebr,pronouns_min,morphosyntax,False,False,10,0.0,0.0,10,0.0,0.0,,,,,50.0,,0.0,negligible
fakebr,pronouns_standard_deviation,morphosyntax,False,False,10,0.051471,0.03400205139236292,10,0.046054000000000005,0.013803147145166247,0.2651851406212007,0.26854071551888725,0.46679782973398015,0.6462449338284249,51.0,0.9698499769931556,0.20875833580691042,small
fakebr,punctuation_diversity,complexity_lexical_diversity,False,False,10,0.211782,0.07864433041654477,10,0.073076,0.02351751791513911,0.4571616450156843,0.9452615478335298,5.343546635812896,4.440903437325054e-05,96.5,0.0005040758173417963,2.3897067037235895,large
fakebr,punctuation_ratio,morphosyntax,False,True,10,0.16560400000000003,0.06315672326311217,10,0.098359,0.02508269941613143,0.33281643564784447,0.3481450955375022,3.1292272311664213,0.005796339564162248,88.0,0.004586392080253494,1.3994329611863134,large
fakebr,sentence_length_max,complexity_descriptive,False,False,10,42.9,26.780797432322867,10,47.1,14.239616099694075,0.0035330473374747336,0.569731889857626,-0.43788555802471596,0.6666786074881106,32.0,0.18571128044479945,-0.19582837482173868,negligible
fakebr,sentence_length_min,complexity_descriptive,False,False,10,4.4,2.9514591494904874,10,9.2,6.941021378570864,0.20128720541746242,0.4354860850138208,-2.01246117974981,0.0593797746860657,30.5,0.14861710260362182,-0.8999999999999998,large
fakebr,sentence_length_standard_deviation,complexity_descriptive,False,False,10,10.932987,6.6254484750326315,10,9.080613000000001,2.774609623144408,0.0017906239797822673,0.17481470547868955,0.8155014893557508,0.4254453280529108,55.0,0.7337299956962472,0.36470335319035607,small
fakebr,short_sentence_ratio,complexity_simplicity,False,False,10,0.320428,0.1455863052778126,10,0.098939,0.09201447005166571,0.613363257585416,0.2667994796343022,4.066789475462669,0.0007237824606487558,90.5,0.00245027407985633,1.8187235434630484,large
fakebr,std_noun_phrase,morphosyntax,False,False,10,4.394801,1.4078161548018657,10,4.963913,0.9274209154310081,0.9716103782253727,0.8303860986812477,-1.0675333138246101,0.2998402001367997,34.0,0.24132159301718004,-0.47741541159148887,small
fakebr,subtitles,complexity_descriptive,True,False,10,0.0,0.0,10,0.0,0.0,,,,,50.0,,0.0,negligible
fakebr,dialog_pronoun_ratio,complexity_simplicity,False,False,10,0.11000000000000001,0.23309511649396117,10,0.033333,0.1054082012463926,8.01894860028279e-06,1.0036928138890277e-07,0.9477042193718825,0.35583071198889105,56.0,0.5036312588983317,0.4238262114157804,small
fakebr,verb_diversity,complexity_lexical_diversity,False,False,10,0.910037,0.04811419703857341,10,0.7285,0.16198239815211748,0.23863514466821073,0.04474110771521712,3.397325847580631,0.0032104660116924664,95.0,0.0007650229509193601,1.5193303073814763,large
fakebr,verbs_max,morphosyntax,False,False,10,0.317373,0.16856243828656226,10,0.293005,0.08841234796238716,0.43811276412135136,0.0824488459288355,0.40484192942632913,0.690364305283531,58.5,0.5444404680809709,0.18105081486788888,negligible
fakebr,verbs_min,morphosyntax,False,False,10,0.03844499999999999,0.03029818155526096,10,0.028005999999999996,0.0278581132008453,0.1088196675713945,0.12372496798611604,0.8020385389682527,0.43299245432654165,61.5,0.3948041182122859,0.35868253874152545,small
fakebr,verbs_standard_deviation,morphosyntax,False,False,10,0.07585,0.04040731259451823,10,0.065087,0.01779088846073243,0.4062370876903781,0.15721574846288155,0.7708994165725056,0.4507678418838704,60.0,0.47267559351158717,0.3447566998542101,small
fakebr,long_sentence_ratio,morphosyntax,False,False,10,0.495505,0.1795555692536436,10,0.784017,0.14450322334351806,0.6514860174407787,0.34149722165771956,-3.9584867047201446,0.0009211945832226623,8.5,0.00190936345716017,-1.7702890719566762,large
fakebr,indicative_condition_ratio,morphosyntax,False,False,10,0.029556,0.04140218115564015,10,0.035268999999999995,0.033338383767396736,0.0015599722119695085,0.05354900736448556,-0.3398676055020774,0.7378899472154284,40.0,0.4513225080715948,-0.15199341385054532,negligible
fakebr,indicative_future_ratio,morphosyntax,False,False,10,0.044217,0.09792887192583537,10,0.061897999999999995,0.1194948921084077,1.2189015273951769e-05,2.8048420062217645e-05,-0.36190023412166794,0.7216402440332618,41.5,0.49487925454028414,-0.1618467049138277,negligible
fakebr,indicative_imperfect_ratio,morphosyntax,False,False,10,0.014258999999999999,0.034710631880672464,10,0.042926000000000006,0.042388145932035715,3.3004962217820326e-06,0.02583382559779503,-1.6546535542745682,0.11532640065436918,30.0,0.09616003338325603,-0.7399835653139144,medium
fakebr,indicative_preterite_perfect_ratio,morphosyntax,False,False,10,0.172448,0.1253064494039402,10,0.276992,0.18559698020771304,0.019277020788643302,0.39511724225012784,-1.476292933532836,0.15714593974813038,31.5,0.17183412637711326,-0.6602182708164,medium
fakebr,indicative_pluperfect_ratio,morphosyntax,False,False,10,0.042685,0.05388700260730782,10,0.042289,0.03621929794092279,0.012100550060598219,0.18618693199162767,0.019286929277118316,0.9848243971316036,43.0,0.6156417277942268,0.008625376988173488,negligible
fakebr,indicative_present_ratio,morphosyntax,False,False,10,0.35868900000000004,0.2767863915428888,10,0.39338100000000004,0.2200155562909132,0.17632028144333967,0.31493950473959814,-0.3102728987809677,0.7599172171394332,50.5,1.0,-0.1387582586500311,negligible
fakebr,infinite_subordinate_clauses,morphosyntax,False,False,10,0.164463,0.1446500107193605,10,0.245792,0.10341790236167474,0.2640750365997272,0.05422904309527549,-1.446345788552381,0.16526939315525468,33.5,0.22472517318147733,-0.6468255004347322,medium
fakebr,named_entity_ratio_sentence,semantics_lexical,False,True,10,0.055042,0.04920283365823557,10,0.057989,0.04188275101067529,0.25416944002360964,0.25186232440531353,-0.14422732347254497,0.8869234915148644,45.5,0.7614975975683588,-0.0645004198994923,negligible
fakebr,named_entity_ratio_text,semantics_lexical,False,True,10,0.046781,0.04502697893732404,10,0.059002,0.041153986657160906,0.2812034019150025,0.2691714712763331,-0.6335374214566662,0.5343507631927912,40.5,0.4946648397254585,-0.28332654813340796,small
fakebr,non_svo_ratio,morphosyntax,False,False,10,0.174009,0.1303252760041411,10,0.24556899999999998,0.11648178307262376,0.07637478842392072,0.14608123010898444,-1.2946299576933662,0.21181003196616963,32.5,0.19707227311137154,-0.5789761182220087,medium
fakebr,postponed_subject_ratio,morphosyntax,False,False,10,0.022843000000000002,0.03270600184471754,10,0.055903999999999995,0.04593128036050765,0.0031381268265485134,0.24140703612197212,-1.8541539306883914,0.08017717941904401,30.0,0.1220884334777289,-0.8292028459535353,large
fakebr,relative_pronouns_ratio,morphosyntax,False,False,10,0.12168100000000001,0.16338990139132425,10,0.22789399999999999,0.17598084227804142,0.006956431558480261,0.0807303501656143,-1.398683919011253,0.17890187732320978,32.5,0.1841044024686206,-0.6255104643889944,medium
fakebr,relative_pronouns_diversity_ratio,complexity_lexical_diversity,False,False,10,0.4071429999999999,0.4617452424600003,10,0.27064699999999997,0.3020673005235018,0.00466172286854456,0.020916794035584028,0.7822752054856223,0.4442226408023483,53.5,0.8138713568121883,0.34984410731569365,small
fakebr,subjunctive_future_ratio,morphosyntax,False,False,10,0.0,0.0,10,0.012577,0.02205391779253745,,0.0001323331509151857,-1.8033968615497262,0.0880910758055815,35.0,0.07787247147704081,-0.8065035945669928,large
fakebr,subjunctive_imperfect_ratio,morphosyntax,False,False,10,0.005351,0.012893530203598666,10,0.0058330000000000005,0.010088847583126408,3.7895797414900507e-06,0.00010460707683309799,-0.09310156522101438,0.9268513176527753,46.0,0.7280505911468842,-0.04163628572916368,negligible
fakebr,subjunctive_present_ratio,morphosyntax,False,False,10,0.032794000000000004,0.043243277499385835,10,0.028837,0.028199215926846065,0.00176633116856807,0.08345738891665427,0.24238349083023572,0.8112232599076321,51.0,0.9677866520554592,0.10839719242402081,negligible
fakebr,subordinate_clauses,morphosyntax,False,False,10,0.30389600000000005,0.22174076101008883,10,0.45735600000000004,0.1804034925259363,0.019503692172698896,0.011291618784684305,-1.6976413114634756,0.10679694786091909,25.5,0.06859339210425792,-0.759208274768845,medium
fakebr,temporal_adjunct_ratio,morphosyntax,False,False,10,0.053916000000000006,0.06173249481071987,10,0.10253000000000001,0.06991905605770146,0.022720656141734585,0.7283209665869672,-1.6482091868341595,0.11665391872583245,27.5,0.09191770654011414,-0.7371015565801664,medium
fakebr,adverbs_before_main_verb_ratio,morphosyntax,False,False,10,0.146233,0.11490394723420079,10,0.198787,0.0926047374658074,0.15882329678492635,0.07385613003686117,-1.1261370609672343,0.27489836531112766,38.5,0.4037278754676078,-0.5036238040609123,medium
fakebr,verbal_time_moods_diversity,morphosyntax,False,False,10,3.4,2.836272984824353,10,5.6,2.503331114069145,0.15655867566592896,0.3368630811266985,-1.839018101498664,0.08246899532281024,28.0,0.09993700100643783,-0.8224338973607241,large
fakebr,ratio_function_to_content_words,morphosyntax,False,False,10,0.6439489999999999,0.11886923136605013,10,0.661392,0.07707025810547441,0.8159722560776688,0.058286786583255284,-0.3893592856726263,0.7015784478002519,48.0,0.9097218891455553,-0.17412676608695046,negligible
faketruebr,adjective_ratio,morphosyntax,False,False,9,0.06656777777777778,0.019561474751266697,9,0.05758666666666666,0.022241580429456894,0.6296389990802117,0.4575731608457511,0.9096358293467978,0.37651414197110933,50.5,0.401298917667005,0.42880644222757985,small
faketruebr,adverbs,morphosyntax,False,False,9,0.03285888888888889,0.029956080119253103,9,0.020783333333333334,0.015009809292592628,0.027090064215001555,0.12168256222371082,1.0811950171894498,0.29563796703179684,49.0,0.4797019324076398,0.509680218959844,medium
faketruebr,content_words,morphosyntax,False,False,9,0.5959077777777778,0.04744334088620282,9,0.5750333333333333,0.03000092415243237,0.9649379494443414,0.9077919834392003,1.1156220147431206,0.28105997205829936,53.0,0.28931483238198774,0.5259092612439061,medium
faketruebr,flesch,complexity_readability,False,False,9,47.412195555555556,15.492670755170096,9,34.414292222222215,8.032983782496043,0.8827360952346059,0.9079211828711276,2.2344161455661617,0.04007352327078039,64.0,0.04226010608395664,1.0533138723483606,large
faketruebr,function_words,morphosyntax,False,False,9,0.4040922222222222,0.047443340886202834,9,0.42496666666666666,0.03000092415243237,0.9649379494443433,0.9077919834391974,-1.1156220147431175,0.28105997205830063,28.0,0.28931483238198774,-0.5259092612439045,medium
faketruebr,sentences_per_paragraph,complexity_descriptive,True,False,9,4.111111111111111,1.9808107206674521,9,6.807406666666667,7.4595725250295,0.09578124328920362,0.0014172915969481114,-1.0480432451806123,0.3101931299741575,45.5,0.6903435597478593,-0.4940523237626443,small
faketruebr,syllables_per_content_word,complexity_descriptive,False,False,9,2.80328,0.3003591955059807,9,3.0249744444444446,0.20271640486842152,0.5918636489185165,0.6759182747315622,-1.8353878265462404,0.08510591031423502,22.0,0.11196135426374831,-0.8652101188387237,large
faketruebr,words_per_sentence,complexity_descriptive,False,False,9,17.403512222222222,5.743597798263684,9,23.790119999999998,2.2950704880460644,0.7871306219268145,0.7453999316051775,-3.097706172766892,0.0069130149060034635,11.0,0.010444271101370226,-1.4602726939245976,large
faketruebr,noun_ratio,morphosyntax,False,False,9,0.3239755555555555,0.0367423672723707,9,0.33668000000000003,0.04837752448193271,0.6104017996347857,0.21706586260498312,-0.6273949388661912,0.5392515335721523,35.0,0.6588432549492806,-0.2957568105029355,small
faketruebr,paragraphs,complexity_descriptive,True,False,9,2.0,0.0,9,3.4444444444444446,2.0069324297987157,,0.06855544791763331,-2.1591824761972394,0.046364790978007865,27.0,0.21787718956451607,-1.0178483804921528,large
faketruebr,sentences,complexity_descriptive,False,False,9,8.222222222222221,3.9616214413349042,9,12.88888888888889,4.833333333333333,0.09578124328920362,0.3741910047975904,-2.2401991376631933,0.03962426705704832,16.0,0.0323273502368628,-1.0560400009666002,large
faketruebr,words,complexity_descriptive,False,False,9,135.11111111111111,57.19144263883463,9,310.6666666666667,126.6846478465327,0.3436252624109444,0.6660602805618023,-3.789080501490868,0.001609388231197636,6.0,0.0026797144168214833,-1.7861896780439448,large
faketruebr,pronoun_ratio,morphosyntax,False,False,9,0.08193444444444445,0.02927848916487628,9,0.04448,0.031475971390888,0.3796512559674597,0.015135519215484198,2.613831235442299,0.018804701782446955,69.0,0.013418657920497472,1.2321718609723074,large
faketruebr,verbs,morphosyntax,False,False,9,0.17250444444444446,0.03746691610978648,9,0.15997777777777777,0.0330778221690069,0.7197410638764988,0.08007825438562727,0.7519140465084704,0.46302117656151043,50.0,0.42677673653298365,0.35445568077037093,small
faketruebr,logic_operators,cohesion_connectives,False,False,9,0.056276666666666676,0.02531446375098631,9,0.04155777777777778,0.021604859278515205,0.8068229067158947,0.33479377050736336,1.326802779564263,0.20319960054998337,54.0,0.25099827044292256,0.6254608284847002,medium
faketruebr,and_ratio,cohesion_connectives,False,False,9,0.039462222222222225,0.022783481284572044,9,0.03135888888888889,0.01782275893657071,0.6552933649910714,0.6295238525850508,0.8404081897509029,0.41306267932032903,50.0,0.42653799941096626,0.3961722199583828,small
faketruebr,if_ratio,cohesion_connectives,False,False,9,0.0030866666666666664,0.00926,9,0.0007422222222222222,0.001544464128571604,3.2174928554139623e-07,4.136654447141043e-05,0.7491900469428081,0.4646156993972342,37.0,0.6834580299010776,0.35317157506048497,small
faketruebr,or_ratio,cohesion_connectives,False,False,9,0.003142222222222222,0.006241663996439127,9,0.004042222222222221,0.007030890373519163,2.297771036357915e-05,0.00033191101669744817,-0.28718238802581686,0.7776586530569164,30.0,0.3152019084168919,-0.1353790760069343,negligible
faketruebr,negation_ratio,cohesion_connectives,False,False,9,0.009323333333333333,0.01268557645517144,9,0.004123333333333333,0.006346697960357024,0.010527663424294072,0.0030251868525998597,1.0997800428266309,0.28770056546114364,45.5,0.6626682884253403,0.5184412840642283,medium
faketruebr,cw_freq,complexity_frequency,False,False,9,189142.01546555557,132986.73715887874,9,407966.9566611111,177832.00737198285,0.06315843869123836,0.2588708860461455,-2.9563232340300267,0.009287484212417211,12.0,0.013418657920497472,-1.3936241374413176,large
faketruebr,cw_freq_brwac,complexity_frequency,False,False,9,3.964941111111111,0.4345796217450963,9,4.405307777777778,0.24337012952382703,0.41096390097896696,0.22973854896495616,-2.652359600399249,0.01738530024582588,12.0,0.013418657920497472,-1.2503343063917003,large
faketruebr,cw_freq_bra,complexity_frequency,False,False,9,4.1157844444444445,0.3946370902205947,9,4.615462222222223,0.08050398527057175,0.57440009839158,0.21307712045662763,-3.721859681558009,0.0018547437327788411,8.0,0.004718198728115028,-1.754501479636315,large
faketruebr,min_cw_freq,complexity_frequency,False,False,9,2316.4853844444447,2436.9511804877015,9,1648.16487,1178.4280469192151,0.018250135301358838,0.36536760146448627,0.7406796181253451,0.4696188942596424,41.0,1.0,0.3491597204420626,small
faketruebr,min_cw_freq_brwac,complexity_frequency,False,False,9,1.4930199999999998,0.6023231901977543,9,1.9829166666666664,0.7303893978728059,0.5323175249660543,0.8417829468825471,-1.5524165791311015,0.1401167548777673,24.0,0.1577043874630777,-0.7318161935533495,medium
faketruebr,min_freq_brwac,complexity_frequency,False,False,9,1.1921922222222223,0.5623832537464504,9,1.7931266666666668,0.8306017546784982,0.3790110838310232,0.9207630116469123,-1.7972635397744838,0.0911925690608229,23.0,0.1333202155896274,-0.8472381577025838,large
faketruebr,min_cw_freq_bra,complexity_frequency,False,False,9,1.590538888888889,0.6799891041671999,9,2.1434266666666666,0.6854192067268031,0.6194542973642987,0.5536318773151938,-1.7179371279122415,0.10509589896514335,23.0,0.1333202155896274,-0.8098433285325914,large
faketruebr,min_freq_bra,complexity_frequency,False,False,9,1.2980044444444445,0.6137110794606676,9,1.9008822222222221,0.6334381828516846,0.6091602094151352,0.9727168326201601,-2.0506557994745123,0.05705197148384119,20.0,0.07738861114200664,-0.9666884144586324,large
faketruebr,freq_brwac,complexity_frequency,False,False,9,4.973186666666667,0.286146206422521,9,5.441641111111111,0.19767414888171664,0.34824005312859246,0.47780512593838076,-4.04089166313585,0.0009470468986120928,4.0,0.0014784647972275091,-1.9048945980290304,large
faketruebr,freq_bra,complexity_frequency,False,False,9,5.095926666666666,0.2458607546966371,9,5.594094444444445,0.0981951707202437,0.16583465336091668,0.26445739235403687,-5.64507180734891,3.6533082948411714e-05,0.0,0.00041229480206169127,-2.6611123701742763,large
faketruebr,hypernyms_verbs,semantics_lexical,False,False,9,0.4403222222222223,0.25573827239864677,9,0.5717855555555555,0.23429042944127654,0.3332344367982949,0.7770962357993513,-1.1371134236045932,0.27223448429878766,24.5,0.170877330425813,-0.5360404085393727,medium
faketruebr,brunet,complexity_readability,False,False,9,10.51025111111111,1.1597203706868786,9,11.99507,0.8416132151410173,0.7149665266815247,0.9017559704322755,-3.1086535723250397,0.006756276772916081,12.0,0.013418657920497472,-1.465433347567214,large
faketruebr,honore,complexity_readability,False,False,9,738.2136311111111,221.86410710007925,9,797.1001099999999,198.87501329383826,0.2535767004890303,0.6021336607886583,-0.5929138781567483,0.5615264768190179,33.0,0.5364994693194564,-0.27950228260283405,small
faketruebr,personal_pronouns,morphosyntax,False,False,9,0.012993333333333332,0.015130109880632065,9,0.0011200000000000001,0.002413047865252573,0.04239732646382239,3.0730301255339345e-05,2.3248640757052144,0.03356142747824785,59.0,0.07062829131316435,1.0959514355121014,large
faketruebr,ttr,complexity_lexical_diversity,False,False,9,0.6907000000000001,0.08712399038152466,9,0.6872433333333334,0.03843497170546636,0.01697519833806332,0.636858553879946,0.10889975682500194,0.9146360620218904,51.0,0.37722461666745344,0.05133583768034992,negligible
faketruebr,conn_ratio,cohesion_connectives,False,False,9,0.09020444444444446,0.03164947278830688,9,0.08690555555555556,0.027551909693844776,0.9142005663960107,0.8138054797874962,0.2358491502708483,0.8165421703041287,46.0,0.6588432549492806,0.11118035566240125,negligible
faketruebr,add_neg_conn_ratio,cohesion_connectives,False,False,9,0.003306666666666667,0.00493004310325985,9,0.004922222222222222,0.0061154185829299075,0.0031194057231899216,0.008359427277551405,-0.6170035402104854,0.5459130987469992,36.5,0.7343900029796954,-0.29085825819929395,small
faketruebr,add_pos_conn_ratio,cohesion_connectives,False,False,9,0.040511111111111116,0.022169945559498135,9,0.04389777777777778,0.01647606732337679,0.7768325664436506,0.40196078190364853,-0.36782458276880026,0.7178245928468318,36.0,0.7237953141493763,-0.17339417117528746,negligible
faketruebr,cau_neg_conn_ratio,cohesion_connectives,False,False,9,0.0,0.0,9,0.0013666666666666666,0.0020534057075989637,,0.00025818184693913494,-1.9966828692582668,0.06316407609339382,27.0,0.0772429808859699,-0.9412453311543554,large
faketruebr,cau_pos_conn_ratio,cohesion_connectives,False,False,9,0.039286666666666664,0.02805476563794465,9,0.03293333333333334,0.011357856311822226,0.6357782727252841,0.8512583624532566,0.629735798346013,0.5377570697373449,47.0,0.5962416305866567,0.2968603022442601,small
faketruebr,log_neg_conn_ratio,cohesion_connectives,False,False,9,0.0,0.0,9,0.0020944444444444443,0.002241417582196093,,0.0672532455850867,-2.803285466859352,0.01275462075073133,18.0,0.013950121920381834,-1.3214814421452963,large
faketruebr,log_pos_conn_ratio,cohesion_connectives,False,False,9,0.028443333333333334,0.01811208091302598,9,0.02932777777777778,0.012502846453685835,0.9602022282575059,0.9888649958512652,-0.12056015629586861,0.9055404114197779,39.0,0.9296365245070707,-0.05683260270514582,negligible
faketruebr,tmp_neg_conn_ratio,cohesion_connectives,False,False,9,0.0,0.0,9,0.00021333333333333333,0.00064,,3.2174928554139273e-07,-1.0,0.3321949846529793,36.0,0.37406279749088245,-0.4714045207910317,small
faketruebr,tmp_pos_conn_ratio,cohesion_connectives,False,False,9,0.008611111111111111,0.012527770596203905,9,0.006742222222222222,0.006189405823214733,0.005494956415240901,0.18401013956906992,0.40124072915691306,0.6935507388096721,35.0,0.6492174439057221,0.18914669365005873,negligible
faketruebr,adjectives_ambiguity,semantics_lexical,False,False,9,2.7655966666666667,1.4054760529176582,9,2.9648199999999996,1.1390289268275848,0.8205594947448682,0.2567826994483856,-0.3303733844535218,0.7454043355591738,40.0,1.0,-0.15573950698042371,negligible
faketruebr,adverbs_ambiguity,semantics_lexical,False,False,9,1.8003366666666665,1.5149766466186863,9,2.017014444444444,1.7615285726898606,0.12574688082437407,0.2850930971892568,-0.27977807021237366,0.7832324135320036,42.0,0.9287509712750955,-0.13188864711630363,negligible
faketruebr,nouns_ambiguity,semantics_lexical,False,False,9,2.6157911111111107,1.2438465732802864,9,2.935548888888889,0.4664566432007493,0.35224486972693214,0.5485115442396323,-0.7221085498206311,0.48064929213906266,28.5,0.30962977046173423,-0.3404052348873014,small
faketruebr,verbs_ambiguity,semantics_lexical,False,False,9,9.212925555555556,2.4962573192937816,9,9.77863111111111,1.198699718626859,0.023303947601491567,0.7911831646410861,-0.6128659641600209,0.5485779579978144,23.0,0.1333202155896274,-0.28890778614398827,small
faketruebr,yngve,morphosyntax,False,False,9,2.375061111111111,0.5153321069088469,9,2.88185,0.33111501540250327,0.0011542152386907931,0.255713062031374,-2.4820722338173944,0.024542883484061306,10.0,0.008071487425268009,-1.1700600719514143,large
faketruebr,frazier,morphosyntax,False,False,9,6.913811111111111,0.3589059691424916,9,7.22899111111111,0.5033445871479211,0.27372773421773333,0.09637885254799045,-1.5295089604948482,0.14566717521067465,23.0,0.1333202155896274,-0.7210174385676629,medium
faketruebr,dep_distance,morphosyntax,False,False,9,42.04319666666666,23.230024154775432,9,54.29436333333334,6.746860471550824,0.06099030538356829,0.13999350879475314,-1.5193700408514597,0.1481820544289986,18.0,0.052058768750600205,-0.7162379060118325,medium
faketruebr,cross_entropy,cohesion_semantic_lsa,False,False,9,0.5813677777777778,0.0779311825872317,9,0.5199922222222223,0.03078864270221154,0.5044777495874785,0.3684631349174362,2.1974080830491274,0.04306226389367379,64.0,0.04226010608395664,1.0358681043721134,large
faketruebr,content_density,complexity_lexical_diversity,False,False,9,1.5065066666666667,0.3072139586265572,9,1.3636511111111111,0.16852343683034451,0.7794295476123917,0.8481005182706853,1.2230763687227848,0.23901029342162303,53.0,0.28931483238198774,0.5765637294885996,medium
faketruebr,words_before_main_verb,morphosyntax,False,False,9,4.104893333333333,2.5765116570132185,9,5.06743,1.4393676343710804,0.06982348730322246,0.5128295182933353,-0.9784185665150811,0.34243045319231163,21.0,0.0933976745287926,-0.46123093548108995,small
faketruebr,adjacent_refs,cohesion_referential,False,False,9,0.3425933333333333,0.8764328303840517,9,0.2222222222222222,0.6666666666666666,2.24673821412979e-06,3.2174928554139273e-07,0.3279355594541266,0.7472125443690117,49.0,0.33208000821987804,0.15459030525481143,negligible
faketruebr,anaphoric_refs,cohesion_referential,False,True,9,0.5362655555555556,1.3031975172926695,9,0.7777777777777778,2.333333333333333,2.111707809947156e-06,3.2174928554139273e-07,-0.27109848468999886,0.7897816982319015,56.0,0.11464316058022986,-0.12779705126246377,negligible
faketruebr,adj_arg_ovl,cohesion_referential,False,False,9,0.9354933333333333,0.9559007094489468,9,0.9505288888888889,0.34303803453277754,0.005672810995410228,0.7527417445701714,-0.0444142870425137,0.9651237628730482,26.0,0.21613587505640697,-0.020937095699551496,negligible
faketruebr,arg_ovl,cohesion_referential,False,False,9,0.7212111111111112,0.5965399440407247,9,1.0292633333333334,0.3898699283094299,0.16390290823495773,0.9243894177020543,-1.2968037346702705,0.21308934446243466,24.0,0.1577043874630777,-0.6113191431022591,medium
faketruebr,adj_stem_ovl,cohesion_referential,False,False,9,1.675001111111111,1.833911569797222,9,1.67414,0.5256754589573304,0.008063486067693179,0.6568274150854349,0.001354115247146542,0.9989363124040531,25.0,0.1844178420168453,0.0006383360491769452,negligible
faketruebr,stem_ovl,cohesion_referential,False,False,9,1.4430677777777778,1.2608581874340368,9,1.7816322222222223,0.6920106983056291,0.1613260401370598,0.8275235896855953,-0.7061873187026952,0.4902278782359472,30.0,0.3769783016625522,-0.33289989456174757,small
faketruebr,adj_cw_ovl,cohesion_referential,False,False,9,1.4876544444444444,1.6465960685085392,9,1.2384033333333333,0.4519034152614915,0.0073998267671629096,0.09937121590994946,0.43792746597984805,0.6672933841399448,30.0,0.3759902110775778,0.2064409872414611,small
faketruebr,lsa_adj_mean,cohesion_semantic_lsa,False,False,9,0.7190766666666666,0.08375205848216508,9,0.7984888888888889,0.04864288551382525,0.5348747109575954,0.6878654610948438,-2.459771353411902,0.025665637329463357,16.0,0.034069195144143936,-1.159547336110645,large
faketruebr,lsa_adj_std,cohesion_semantic_lsa,False,False,9,0.15459555555555554,0.08909638111493517,9,0.09172666666666668,0.03173084382741814,0.07273959403807058,0.21577533229759466,1.9941902388254444,0.06346018300371636,54.0,0.25099827044292256,0.9400702938996616,large
faketruebr,lsa_all_mean,cohesion_semantic_lsa,False,False,9,0.6874100000000001,0.09967003875287694,9,0.7887,0.05573990603687808,0.5246478437358271,0.8656510465086995,-2.660917951296011,0.017084254391216826,16.0,0.034069195144143936,-1.25436875169495,large
faketruebr,lsa_all_std,cohesion_semantic_lsa,False,True,9,0.15721777777777776,0.08319046441416494,9,0.0837988888888889,0.033872348399706674,0.2503329391089929,0.5097893330863622,2.452146450201637,0.026060551219556034,64.0,0.042153819179655785,1.155952922266732,large
faketruebr,lsa_paragraph_mean,cohesion_semantic_lsa,True,False,9,0.8467611111111112,0.07492254975046637,9,0.607081111111111,0.45695513336772037,0.5796406435848991,0.0008033836930481104,1.552812451820301,0.14002242394636458,40.0,1.0,0.732002809728696,medium
faketruebr,lsa_paragraph_std,cohesion_semantic_lsa,True,False,9,0.0,0.0,9,0.01903222222222222,0.021721236024785616,,0.06087674133586169,-2.628610388539351,0.018247579475832828,13.5,0.005316503371454246,-1.2391388205557203,large
faketruebr,lsa_givenness_mean,cohesion_semantic_lsa,False,False,9,0.7805444444444444,0.0706643363216395,9,0.8604011111111112,0.042128347476623286,0.9698295563824906,0.13324194184718757,-2.912020060103942,0.01018367120062087,13.0,0.01711823970479015,-1.37273942096717,large
faketruebr,lsa_givenness_std,cohesion_semantic_lsa,False,False,9,0.13678555555555555,0.07773097759437853,9,0.07251333333333332,0.025943531949216163,0.10571774644074722,0.3069886239893935,2.3529679355767157,0.03174873253557415,62.0,0.06368977513662868,1.1091997221072047,large
faketruebr,lsa_span_mean,cohesion_semantic_lsa,False,False,9,0.8202722222222222,0.062242447288361376,9,0.8843022222222222,0.040138790084461244,0.512820885907905,0.010034474801933929,-2.593622426402509,0.019592901967169493,15.0,0.0272753837615853,-1.2226453370311476,large
faketruebr,lsa_span_std,cohesion_semantic_lsa,False,False,9,0.1305711111111111,0.06683788024848718,9,0.06561111111111112,0.028217914719396102,0.34501055048040463,0.9254128235399561,2.686134612104296,0.016226063978781822,65.0,0.034069195144143936,1.2662559995992295,large
faketruebr,first_person_pronouns,morphosyntax,False,False,9,0.07407333333333334,0.14698471408619335,9,0.0,0.0,1.686024697093527e-05,,1.511857892036909,0.15006873170736842,49.5,0.1685887715743528,0.7126966450997984,medium
faketruebr,second_person_pronouns,morphosyntax,False,False,9,0.12963,0.26057951204958535,9,0.1111111111111111,0.3333333333333333,3.836933899716199e-05,3.2174928554139273e-07,0.131308894851911,0.8971678825468204,44.0,0.6834580299010776,0.06189960665326507,negligible
faketruebr,simple_word_ratio,complexity_simplicity,False,False,9,0.605,0.13715290910148428,9,0.6937077777777778,0.06861640124230099,0.29409959112754963,0.279680916335048,-1.735291018893278,0.10190557635661536,27.0,0.25099827044292256,-0.8180240311943668,large
faketruebr,third_person_pronouns,morphosyntax,False,False,9,0.35185222222222223,0.44444473958462427,9,0.1111111111111111,0.3333333333333333,0.0062707848220241065,3.2174928554139273e-07,1.3000014474969024,0.21201733715698962,53.0,0.17847031060023522,0.6128265593849248,medium
faketruebr,adjunct_per_clause,morphosyntax,False,False,9,0.6112077777777779,0.27293979989998607,9,0.6515844444444444,0.28583508300727845,0.8187048347180317,0.16622005331507966,-0.3064885260077234,0.7631851234019567,40.0,1.0,-0.1444800767306205,negligible
faketruebr,apposition_per_clause,morphosyntax,False,False,9,0.019564444444444447,0.03258645543439448,9,0.04309444444444445,0.03598158213277701,0.0009415622651061749,0.12241333064268012,-1.4541350072053412,0.16524409215710406,25.0,0.15705495436568548,-0.6854858162370973,medium
faketruebr,aux_plus_PCP_per_sentence,morphosyntax,False,False,9,0.13809666666666665,0.2213914638711258,9,0.45362555555555556,0.20492037862979315,0.001595755196555523,0.16175842227002202,-3.1377914612848232,0.006355921893139981,14.0,0.01929768966800994,-1.479169080149163,large
faketruebr,clauses_per_sentence,morphosyntax,False,False,9,2.943254444444445,0.7301303708433019,9,2.9388522222222218,0.48931470652274944,0.1437351869216713,0.05365045318913053,0.015025833220617324,0.9881973423941116,41.0,1.0,0.007083245708851074,negligible
faketruebr,coordinate_conjunctions_per_clauses,morphosyntax,False,False,9,0.26078222222222225,0.18798011369409384,9,0.30331,0.14030285456825176,0.14035157240167756,0.30513531869038424,-0.5439112861309375,0.5940014231225152,34.0,0.5962416305866567,-0.2564022391913883,small
faketruebr,ratio_coordinate_conjunctions,morphosyntax,False,False,9,0.6960088888888889,0.31083992658780357,9,0.6411366666666667,0.20813111180215224,0.11139838732285573,0.8412904873202041,0.44005082353236225,0.6657868287038571,47.5,0.5635670731469307,0.2074419475909721,small
faketruebr,first_person_possessive_pronouns,morphosyntax,False,False,9,0.2222222222222222,0.44095855184409843,9,0.0,0.0,1.686024697093527e-05,,1.511857892036909,0.15006873170736842,49.5,0.1685887715743528,0.7126966450997984,medium
faketruebr,gerund_verbs,morphosyntax,False,False,9,0.026604444444444444,0.03699060796712833,9,0.07138111111111112,0.051557254689433486,0.009803870371524285,0.04970333976154206,-2.116954667444937,0.050283395807480875,17.0,0.04014644333419542,-0.9979420005432182,large
faketruebr,infinitive_verbs,morphosyntax,False,False,9,0.18045999999999998,0.0818114333391122,9,0.17577000000000004,0.10063064568013066,0.7116235698119378,0.7658752750444062,0.10848901895453134,0.9149566878730605,40.0,1.0,0.05114221399135,negligible
faketruebr,inflected_verbs,morphosyntax,False,False,9,0.6935322222222222,0.12967868153418452,9,0.5465088888888889,0.10838786122583613,0.002210226496265737,0.8161904745134645,2.609722264688487,0.018962465365475047,67.0,0.021684111364991994,1.230234873583162,large
faketruebr,non-inflected_verbs,morphosyntax,False,False,9,0.3064677777777778,0.12967868153418452,9,0.45349111111111107,0.10838786122583614,0.0022102264962656974,0.8161904745134689,-2.609722264688487,0.018962465365475047,14.0,0.021684111364991994,-1.230234873583162,large
faketruebr,participle_verbs,morphosyntax,False,False,9,0.09940333333333334,0.0774389170572523,9,0.2063388888888889,0.07841974885901581,0.2701458121210739,0.9732344608836916,-2.910843313029247,0.010208588580889705,12.0,0.013418657920497472,-1.3721846970763312,large
faketruebr,passive_ratio,morphosyntax,False,False,9,0.04569111111111111,0.06255425354131493,9,0.13518222222222223,0.06899766078965608,0.010661624709905226,0.8984185990545458,-2.8826947708911286,0.01082262911685056,13.5,0.017151318614866927,-1.3589153470587452,large
faketruebr,prepositions_per_clause,morphosyntax,False,False,9,1.01195,0.3536663086159042,9,1.5175811111111108,0.5878094537229825,0.4672960641163309,0.5788219910580901,-2.2112058164724524,0.04192461911627865,20.0,0.07723574482601518,-1.0423724182845382,large
faketruebr,prepositions_per_sentence,morphosyntax,False,False,9,2.963888888888889,1.1504234466430658,9,4.259373333333333,1.3208199006015164,0.6812578701730527,0.7573866674103313,-2.218824726070316,0.04130842220290142,20.5,0.08347917765233002,-1.0459640067124694,large
faketruebr,relative_clauses,morphosyntax,False,False,9,0.06060111111111112,0.05711128335198844,9,0.07838222222222223,0.044270284553461416,0.1850373511060487,0.07938018880379333,-0.7382103808315987,0.47107662328526567,33.0,0.5354447651672476,-0.3479957108188848,small
faketruebr,second_person_possessive_pronouns,morphosyntax,False,False,9,0.0,0.0,9,0.0,0.0,,,,,40.5,,0.0,negligible
faketruebr,sentences_with_five_clauses,morphosyntax,False,False,9,0.04232888888888889,0.06815836328808894,9,0.12360111111111112,0.1540477626780445,0.0007597577416142427,0.041016864323132445,-1.4473904147900207,0.16709722365563728,28.0,0.2447135688149661,-0.6823063848816222,medium
faketruebr,sentences_with_four_clauses,morphosyntax,False,False,9,0.0842588888888889,0.11640104353531851,9,0.13879555555555553,0.1337205211543007,0.008825230262716246,0.25619074110432216,-0.922858302760184,0.36978916260985517,31.0,0.41294088723599864,-0.4350395759706893,small
faketruebr,sentences_with_one_clause,morphosyntax,False,False,9,0.27592555555555554,0.1642611812869303,9,0.13014222222222224,0.1171042930231187,0.9792911193155948,0.27940886329893166,2.1679926128666853,0.04558354634319594,63.5,0.045697968055153436,1.0220015187469162,large
faketruebr,sentences_with_seven_more_clauses,morphosyntax,False,False,9,0.10529111111111111,0.1380207993786122,9,0.012383333333333333,0.024621095629561246,0.0063528487278665296,2.5431279618825857e-05,1.9880459808348674,0.06419544700383872,59.0,0.07044042927208799,0.9371738629059972,large
faketruebr,sentences_with_six_clauses,morphosyntax,False,False,9,0.07844000000000001,0.08180740415757,9,0.04290111111111112,0.04546040844637354,0.05671510037310562,0.06295605240530522,1.139187878687918,0.2713937183137622,50.0,0.4056460117260796,0.5370183160438299,medium
faketruebr,sentences_with_three_clauses,morphosyntax,False,False,9,0.1628311111111111,0.15980045763736447,9,0.2335622222222222,0.10286397666065825,0.13838756238819255,0.6494318657850997,-1.1165413068307903,0.28067815249968375,29.0,0.33013625511150835,-0.526342619689961,medium
faketruebr,sentences_with_two_clauses,morphosyntax,False,False,9,0.17685222222222222,0.15372660023380616,9,0.2953688888888889,0.13772489484879308,0.23043070501707752,0.6954976057924849,-1.722645090016741,0.10422191628818629,21.0,0.09305949055657545,-0.8120626831523653,large
faketruebr,sentences_with_zero_clause,morphosyntax,False,False,9,0.07407444444444444,0.12567499662931278,9,0.02324333333333333,0.03924088843285789,0.0007755981036526374,0.0008138251401340854,1.1582459996181094,0.26376063217312146,45.0,0.6739668537652316,0.5460024004081043,medium
faketruebr,ratio_subordinate_conjunctions,morphosyntax,False,False,9,0.30399111111111116,0.31083992658780357,9,0.35886333333333337,0.20813111180215224,0.1113983873228564,0.8412904873201996,-0.44005082353236225,0.6657868287038571,33.5,0.5635670731469307,-0.2074419475909721,small
faketruebr,third_person_possessive_pronouns,morphosyntax,False,False,9,0.5555555555555556,0.5270462766947299,9,0.7777777777777778,0.44095855184409843,0.00041939088320689917,1.686024697093527e-05,-0.9701425001453319,0.34641362788916663,31.5,0.35870524478134846,-0.45732956038002354,small
faketruebr,negative_words,semantics_lexical,False,False,9,0.26898222222222223,0.07668022997777488,9,0.26716666666666666,0.11107522968691085,0.4480219948910353,0.2169727797835167,0.0403539119179685,0.9683102341406622,44.0,0.7910815129207817,0.01902301650973344,negligible
faketruebr,positive_words,semantics_lexical,False,False,9,0.4831244444444444,0.22660287090585984,9,0.5104488888888888,0.15462145318845993,0.2857452872316337,0.25557398507215107,-0.2988134489812316,0.7689285001082381,35.0,0.6588432549492806,-0.14086201072291285,negligible
faketruebr,abstract_nouns_ratio,semantics_lexical,False,False,9,0.027205555555555552,0.02421817763122935,9,0.04800888888888889,0.02174935426883086,0.21680093860576993,0.005186223182011669,-1.9173108258357496,0.07323093907486287,15.0,0.0272753837615853,-0.9038289910605589,large
faketruebr,demonstrative_pronoun_ratio,cohesion_referential,False,True,9,0.40694444444444444,0.6450804213451046,9,1.8148144444444445,2.1415929660191684,0.0011605408946131286,0.013090774863203406,-1.888374494383372,0.07724478659737591,33.5,0.554099337126075,-0.8901882735988002,large
faketruebr,coreference_pronoun_ratio,cohesion_referential,False,False,9,0.3425933333333333,0.8764328303840517,9,0.2222222222222222,0.6666666666666666,2.24673821412979e-06,3.2174928554139273e-07,0.3279355594541266,0.7472125443690117,49.0,0.33208000821987804,0.15459030525481143,negligible
faketruebr,adjective_diversity_ratio,complexity_lexical_diversity,False,False,9,0.7882677777777778,0.22192115394762266,9,0.7518544444444445,0.1499502374215452,0.0656294439250701,0.6278619944784385,0.40786735682184594,0.6887767440134398,49.0,0.47810637353552377,0.192270515888907,negligible
faketruebr,adjectives_max,morphosyntax,False,False,9,0.1468911111111111,0.1521145937644088,9,0.15234,0.061913676598955095,0.04671053446608113,0.05910561917146265,-0.09953398672887495,0.9219507433846172,36.0,0.7235212531192906,-0.04692077131634621,negligible
faketruebr,adjectives_min,morphosyntax,False,False,9,0.005555555555555556,0.01666666666666667,9,0.003703333333333333,0.01111,3.2174928554139273e-07,3.2174928554139273e-07,0.2774141036553314,0.7850145284369958,41.0,1.0,0.13077426259431507,negligible
faketruebr,adjectives_standard_deviation,morphosyntax,False,False,9,0.051263333333333334,0.05169347420129547,9,0.044111111111111115,0.017063761634267843,0.12876706565121948,0.5862925377675817,0.3941559178434862,0.6986696062209256,40.0,1.0,0.18580688156795783,negligible
faketruebr,adverbs_diversity_ratio,complexity_lexical_diversity,False,False,9,0.6785488888888889,0.35001353761120596,9,0.7376544444444444,0.2527292264515083,0.06402982788714245,0.2050355955999884,-0.4107221383828004,0.6867242506565139,39.0,0.927357628076114,-0.19361627282261185,negligible
faketruebr,adverbs_max,morphosyntax,False,False,9,0.05946888888888889,0.06444357307840023,9,0.11809111111111112,0.08649453500719632,0.07387446369610222,0.017038957536932818,-1.6304737102446583,0.12252642431879805,21.0,0.0918753651999555,-0.7686126780402586,medium
faketruebr,adverbs_min,morphosyntax,False,False,9,0.0,0.0,9,0.0,0.0,,,,,40.5,,0.0,negligible
faketruebr,adverbs_standard_deviation,morphosyntax,False,False,9,0.02428,0.026791593830901513,9,0.03605888888888889,0.02129086802155119,0.05952072962629864,0.030582566992308626,-1.0325957648721313,0.31714978856939435,22.0,0.11122086521529541,-0.48677031171039586,small
faketruebr,concretude_mean,complexity_psycholinguistic,False,False,9,4.1769622222222225,0.1867930624232186,9,4.075041111111111,0.1684036925400128,0.5228558896904311,0.9931233240896726,1.215766451449248,0.24170811843731407,53.0,0.28931483238198774,0.5731178014392458,medium
faketruebr,concretude_std,complexity_psycholinguistic,False,False,9,0.7244533333333334,0.10328420099415013,9,0.7241255555555556,0.09442524783011044,0.09135158130753984,0.7327277871288502,0.0070267223449510564,0.9944804000316627,40.0,1.0,0.0033124286797532867,negligible
faketruebr,concretude_1_25_ratio,complexity_psycholinguistic,False,False,9,0.0,0.0,9,0.0010788888888888888,0.0032366666666666663,,3.2174928554139623e-07,-1.0,0.3321949846529793,36.0,0.37406279749088245,-0.47140452079103173,small
faketruebr,concretude_25_4_ratio,complexity_psycholinguistic,False,False,9,0.4557122222222223,0.12024393786983377,9,0.49633777777777777,0.09691308783876634,0.3659479092850497,0.8936808734785243,-0.7891681273549217,0.4415518156375068,30.0,0.37722461666745344,-0.3720174228993027,small
faketruebr,concretude_4_55_ratio,complexity_psycholinguistic,False,False,9,0.5153822222222222,0.11669945348819953,9,0.47059111111111107,0.08135497333360212,0.203591634863038,0.6793581601678134,0.9445735836038116,0.3589232520770802,49.0,0.47992869214595724,0.44527625753062233,small
faketruebr,concretude_55_7_ratio,complexity_psycholinguistic,False,False,9,0.028905555555555556,0.02482522009525349,9,0.03199111111111111,0.025149654294067562,0.5070993748855559,0.5526459288179362,-0.2619441839642043,0.7967068577857195,37.5,0.8248377108311965,-0.12348167251564357,negligible
faketruebr,content_word_diversity,complexity_lexical_diversity,False,False,9,0.7659644444444444,0.11607760724092213,9,0.7772933333333334,0.08262714626561904,0.043117229762726,0.12006611964855135,-0.23853225620098661,0.8144964844176852,37.0,0.7910815129207817,-0.11244518392762967,negligible
faketruebr,content_words_ambiguity,semantics_lexical,False,False,9,4.763927777777778,0.9450845881953872,9,4.6529388888888885,0.642985491932836,0.1587987893573236,0.38804129054506686,0.2912908895329326,0.7745712693700626,41.0,1.0,0.1373158421910654,negligible
faketruebr,content_word_max,complexity_lexical_diversity,False,False,9,0.7137911111111112,0.05858194761281936,9,0.6197922222222222,0.05173424996503228,0.41996605825869954,0.5043706065027473,3.6081501813475176,0.0023582565014901944,71.0,0.007780414749438097,1.7008983071802004,large
faketruebr,content_word_min,complexity_lexical_diversity,False,False,9,0.3093188888888889,0.1987391497317806,9,0.40542333333333336,0.05402402729341826,0.06563680962711406,0.2134192440863033,-1.3999117692578487,0.1806308952738608,33.5,0.5651882630044519,-0.6599247367367215,medium
faketruebr,content_word_standard_deviation,complexity_lexical_diversity,False,False,9,0.12450555555555558,0.0450598058448744,9,0.05824666666666667,0.014652614954334944,0.266405863793783,0.6273577664621968,4.195164426697046,0.0006853907924685523,80.0,0.0005736335109885613,1.9776194762067043,large
faketruebr,dalechall_adapted,complexity_readability,False,False,9,11.528665555555555,1.435129219749141,9,10.694032222222221,1.223330780142658,0.48168241589721233,0.6866001841631675,1.3277854853946658,0.2028819266899858,56.0,0.18532630419857943,0.6259240804557599,medium
faketruebr,easy_conjunctions_ratio,complexity_simplicity,False,False,9,0.07820555555555557,0.01885750454799833,9,0.07992666666666666,0.02905882611187176,0.3139550411348777,0.08998949212769108,-0.14905129944573564,0.8833756608107933,34.0,0.5960519337626051,-0.07026345638849757,negligible
faketruebr,familiaridade_mean,complexity_psycholinguistic,False,False,9,4.850374444444444,0.206943215346089,9,4.840225555555556,0.17381429264527642,0.792138207738387,0.1905552499477336,0.11265969696157087,0.9117017321239046,43.0,0.859819205054158,0.05310829045863216,negligible
faketruebr,familiaridade_std,complexity_psycholinguistic,False,False,9,0.8157277777777777,0.19170219624314283,9,0.7105277777777776,0.10819527320749481,0.6042389540048378,0.24669596071884897,1.433717023386132,0.1709065925875408,54.0,0.25099827044292256,0.675860686359284,medium
faketruebr,familiaridade_1_25_ratio,complexity_psycholinguistic,False,False,9,0.0014622222222222222,0.004386666666666667,9,0.006327777777777778,0.014167323122045477,3.2174928554139273e-07,1.6425050687565086e-05,-0.984205739966055,0.3396642878411403,32.0,0.33208000821987804,-0.46395903520848086,small
faketruebr,familiaridade_25_4_ratio,complexity_psycholinguistic,False,False,9,0.15791222222222223,0.10944314674498558,9,0.11424333333333335,0.05170000048355899,0.3758694147196765,0.27677305631511995,1.0823415258828237,0.2951437013540301,49.0,0.47992869214595724,0.5102206883410264,medium
faketruebr,familiaridade_4_55_ratio,complexity_psycholinguistic,False,False,9,0.5565688888888888,0.11407266384244348,9,0.6737422222222222,0.05078033521398262,0.41527813753354903,0.9992784779557737,-2.8152052144123996,0.012444642948804823,16.0,0.034069195144143936,-1.3271004650284908,large
faketruebr,familiaridade_55_7_ratio,complexity_psycholinguistic,False,False,9,0.28405888888888886,0.0558058040091809,9,0.20568555555555557,0.05171481656912048,0.49672592739130567,0.7694411633511106,3.0902860115636455,0.007021277578860916,71.0,0.008071487425268009,1.4567747963883888,large
faketruebr,function_word_diversity,complexity_lexical_diversity,False,False,9,0.46164999999999995,0.08761603392073852,9,0.3310355555555556,0.04372526561128906,0.20366714482023512,0.8100484566697821,4.00163842767038,0.0010284760993636206,72.0,0.006193318174044277,1.8863904453749327,large
faketruebr,gunning_fox,complexity_readability,False,True,9,7.093552222222223,2.2942518238402783,9,24.26667777777778,1.8701431641707127,0.8188645871422968,0.952199789387892,-17.40576410257855,8.055105813283567e-12,0.0,0.00041229480206169127,-8.205155885777781,large
faketruebr,hard_conjunctions_ratio,complexity_simplicity,False,False,9,0.006595555555555555,0.009779542564853316,9,0.0156,0.01069493454865433,0.005534442323003313,0.07789502496475395,-1.8640035546204163,0.0807764467873607,17.0,0.04014644333419542,-0.878699702418617,large
faketruebr,idade_aquisicao_mean,complexity_psycholinguistic,False,False,9,4.670902222222222,0.367170861275026,9,5.198092222222223,0.29495418143237856,0.9429391210526565,0.47662143964493026,-3.3581144825815556,0.003998286176208104,11.0,0.010444271101370226,-1.5830303484227817,large
faketruebr,idade_aquisicao_std,complexity_psycholinguistic,False,False,9,1.6944500000000002,0.17266884048663786,9,1.48627,0.11400890195506666,0.12998178743201516,0.6525146755550528,3.0183852457274445,0.008160320360356448,69.0,0.013418657920497472,1.4228804503248662,large
faketruebr,idade_aquisicao_1_25_ratio,complexity_psycholinguistic,False,False,9,0.14224333333333336,0.06657932543214898,9,0.04982222222222222,0.03381013190516187,0.78388657630083,0.8799726589699229,3.7130749996347436,0.0018894693383123993,71.0,0.008071487425268009,1.7503603408639765,large
faketruebr,idade_aquisicao_25_4_ratio,complexity_psycholinguistic,False,False,9,0.21366333333333334,0.06103345967582044,9,0.16784666666666667,0.052365233456941634,0.6841091925018487,0.5933822563885337,1.7091751459682365,0.10673943647724934,59.0,0.11196135426374831,0.805712890633098,large
faketruebr,idade_aquisicao_4_55_ratio,complexity_psycholinguistic,False,False,9,0.29898111111111114,0.0564404027369677,9,0.2897533333333333,0.04906111596773967,0.057357290195984865,0.03649663561799959,0.3701816726969615,0.7161017243154455,47.0,0.5962416305866567,0.17450531402333366,negligible
faketruebr,idade_aquisicao_55_7_ratio,complexity_psycholinguistic,False,False,9,0.2621311111111111,0.07092335025300985,9,0.41421444444444444,0.08648157117431307,0.07271642512420629,0.10200995310196331,-4.079325791485485,0.0008736342765058689,8.0,0.004718198728115028,-1.923012619885711,large
faketruebr,imageabilidade_mean,complexity_psycholinguistic,False,False,9,4.351976666666666,0.1524450513299794,9,4.190416666666667,0.10897619694226814,0.10466592627655025,0.2911320715781417,2.586466606583918,0.019879495764312576,63.0,0.052058768750600205,1.2192720512186976,large
faketruebr,imageabilidade_std,complexity_psycholinguistic,False,False,9,0.5868566666666667,0.07126796317420613,9,0.5761722222222222,0.06675944854059566,0.8279061414199629,0.4389811878804928,0.32823984282275187,0.7469867645886411,46.0,0.6588432549492806,0.1547337458103829,negligible
faketruebr,imageabilidade_1_25_ratio,complexity_psycholinguistic,False,False,9,0.0,0.0,9,0.0,0.0,,,,,40.5,,0.0,negligible
faketruebr,imageabilidade_25_4_ratio,complexity_psycholinguistic,False,False,9,0.29723111111111117,0.1275367046622701,9,0.3955211111111111,0.0829843317205791,0.5107847677936567,0.09438357461216179,-1.9379217449067943,0.0704869121807997,21.0,0.0933976745287926,-0.9135450714883073,large
faketruebr,imageabilidade_4_55_ratio,complexity_psycholinguistic,False,False,9,0.6614977777777776,0.12845000601185055,9,0.5721011111111112,0.07639213088473912,0.3018280943480458,0.530135627277644,1.794518871161147,0.09164521792183328,60.0,0.0933976745287926,0.8459443085101837,large
faketruebr,imageabilidade_55_7_ratio,complexity_psycholinguistic,False,False,9,0.04127111111111111,0.035199643266816086,9,0.03237777777777778,0.03416073395646593,0.16425786551333954,0.026440221841260693,0.5439270590162395,0.5939908199607579,49.5,0.4503299010952445,0.25640967460082553,small
faketruebr,indefinite_pronoun_ratio,morphosyntax,False,False,9,0.2128111111111111,0.15385873313241308,9,0.26882333333333336,0.18056627744404546,0.5342749686332071,0.39537893620518416,-0.7083367651277798,0.4889281804074312,31.5,0.4512731769792603,-0.3339131533237306,small
faketruebr,indefinite_pronouns_diversity,complexity_lexical_diversity,False,False,9,0.5634922222222222,0.3903237253158517,9,0.8296300000000001,0.3335182635179069,0.07768827834202459,0.00012326709040924577,-1.555126608242642,0.13947206316279592,23.0,0.10710811263773706,-0.7330937135280051,medium
faketruebr,medium_long_sentence_ratio,complexity_simplicity,False,False,9,0.04481888888888889,0.06762108259345684,9,0.09529555555555556,0.10062626820456862,0.0003322803012157569,0.09655168526614322,-1.2490476566350313,0.22961335557915938,30.0,0.34492582747497547,-0.588806712021198,medium
faketruebr,max_noun_phrase,morphosyntax,False,False,9,23.333333333333332,21.289668856043768,9,24.666666666666668,6.98212002188447,0.005210517153827191,0.7737424901442786,-0.17852873707098105,0.8605487135258167,28.0,0.28756701104645377,-0.08415925374637391,negligible
faketruebr,mean_noun_phrase,morphosyntax,False,False,9,5.64222,1.9537100795473725,9,6.473845555555555,1.270121934245991,0.6834909575985365,0.9332294575179312,-1.0706350484530518,0.3002189908384324,28.5,0.30962977046173423,-0.5047022019580939,medium
faketruebr,medium_short_sentence_ratio,complexity_simplicity,False,False,9,0.03439222222222222,0.0685040545839766,9,0.017646666666666668,0.03649854243665081,2.88954708645226e-05,4.254465385469047e-05,0.6472083685877439,0.5266745442197787,42.5,0.8556907183700433,0.3050969508460508,small
faketruebr,min_noun_phrase,morphosyntax,False,False,9,1.1111111111111112,0.33333333333333337,9,1.1111111111111112,0.33333333333333337,3.2174928554139273e-07,3.2174928554139273e-07,0.0,1.0,40.5,1.0,0.0,negligible
faketruebr,noun_diversity,complexity_lexical_diversity,False,False,9,0.7535277777777778,0.12280711255641688,9,0.6817455555555555,0.102638213170231,0.6705573180694908,0.5572633712214657,1.3454912828070962,0.19722593907355146,52.5,0.30962977046173423,0.6342706734001896,medium
faketruebr,nouns_max,morphosyntax,False,False,9,0.3418011111111111,0.1982782474481533,9,0.5046955555555556,0.06362724988381768,0.0022357769310817448,0.7071843224266625,-2.3467640030967116,0.03214080614403844,14.0,0.021548755336997034,-1.1062751602894485,large
faketruebr,nouns_min,morphosyntax,False,False,9,0.15641555555555556,0.1321126175002894,9,0.1973422222222222,0.08820310648976284,0.15026579859700506,0.2131043244718293,-0.7729272335441533,0.45083372129349947,31.5,0.44961929778095344,-0.36436139213521934,small
faketruebr,nouns_standard_deviation,morphosyntax,False,False,9,0.06157111111111112,0.0484163746692285,9,0.08559777777777779,0.020521567178079857,0.5827056218333181,0.44013213743114815,-1.3707088515617805,0.18938950900863,25.0,0.18509940741248154,-0.6461583493145064,medium
faketruebr,oblique_pronouns_ratio,morphosyntax,False,False,9,0.029576666666666664,0.05133207525514626,9,0.036706666666666665,0.05896377616808476,0.0006732517106045084,0.0007237295154561593,-0.2736084186295331,0.7878860993860907,39.5,0.95802887169046,-0.12898024546844705,negligible
faketruebr,preposition_diversity,complexity_lexical_diversity,False,False,9,0.42508666666666667,0.08192239773102347,9,0.3409611111111111,0.12666308434627316,0.6594097131266509,0.09766354061475951,1.6730639220420531,0.11375041731216444,60.0,0.09322859050277345,0.788689896422998,medium
faketruebr,pronoun_diversity,complexity_lexical_diversity,False,False,9,0.7507022222222222,0.17016871890698493,9,0.6779233333333333,0.16664180875458595,0.08117390342968894,0.7484598029847852,0.9167105012509723,0.3729057173795696,48.0,0.5343828814214098,0.432141474546321,small
faketruebr,pronouns_max,morphosyntax,False,False,9,0.2291111111111111,0.24563345738337666,9,0.1522077777777778,0.1298827240992598,0.07551320389160063,0.0027213018270044833,0.8303148644260975,0.41857840035882193,42.5,0.8944089200733293,0.3914141807704549,small
faketruebr,pronouns_min,morphosyntax,False,False,9,0.0,0.0,9,0.0,0.0,,,,,40.5,,0.0,negligible
faketruebr,pronouns_standard_deviation,morphosyntax,False,False,9,0.07856333333333333,0.08190246867463766,9,0.04903222222222223,0.041870241155795185,0.07962773766802017,0.0005613748557929287,0.9631342360255957,0.3498118188797994,51.0,0.3769783016625522,0.45402583299108235,small
faketruebr,punctuation_diversity,complexity_lexical_diversity,False,False,9,0.2983811111111111,0.17110126515052748,9,0.12707333333333334,0.05466317636215444,0.470744588435513,0.746995545528613,2.861153853106093,0.011316640775150393,69.0,0.013275322518297227,1.348760861032892,large
faketruebr,punctuation_ratio,morphosyntax,False,True,9,0.15062555555555554,0.058605196678944586,9,0.09817333333333333,0.023562696153029687,0.2390565880200437,0.6181074614430832,2.4912151240399867,0.024096170533567066,61.0,0.07738861114200664,1.1743700717354406,large
faketruebr,sentence_length_max,complexity_descriptive,False,False,9,46.888888888888886,24.654839506902317,9,38.111111111111114,9.373425793759244,0.021151771472987455,0.04044149112938053,0.9983616699952106,0.3329643270202572,47.0,0.595481241161228,0.47063220462022637,small
faketruebr,sentence_length_min,complexity_descriptive,False,False,9,3.6666666666666665,2.783882181415011,9,11.333333333333334,3.8078865529319543,0.6745046770706556,0.5402749281763208,-4.875990248029257,0.00016820128903823227,4.0,0.0014125133650715136,-2.2985638462539755,large
faketruebr,sentence_length_standard_deviation,complexity_descriptive,False,False,9,13.505156666666666,6.892242219820412,9,7.676387777777778,2.565908061027215,0.1191122524996529,0.6545714719905633,2.3776728435429835,0.03023154982821669,66.0,0.0272753837615853,1.1208457274082297,large
faketruebr,short_sentence_ratio,complexity_simplicity,False,False,9,0.5138744444444445,0.1804995851180212,9,0.06326666666666667,0.0677137535881744,0.13367845071964007,0.07703395284374966,7.012153163088144,2.9327523751530794e-06,81.0,0.00038186967253250783,3.3055607015588837,large
faketruebr,std_noun_phrase,morphosyntax,False,False,9,5.3711400000000005,4.341708456794398,9,5.406386666666666,1.3369024440006831,0.010984855784802515,0.9413764719032596,-0.023275993794930592,0.9817179380310174,27.0,0.25099827044292256,-0.010972408700834284,negligible
faketruebr,subtitles,complexity_descriptive,True,False,9,0.0,0.0,9,0.0,0.0,,,,,40.5,,0.0,negligible
faketruebr,dialog_pronoun_ratio,complexity_simplicity,False,False,9,0.19444444444444445,0.3118052276707012,9,0.1111111111111111,0.3333333333333333,0.0006946975636259,3.2174928554139273e-07,0.5477221923535083,0.5914423427579543,48.0,0.39605316254719136,0.2581987176130188,small
faketruebr,verb_diversity,complexity_lexical_diversity,False,False,9,0.8086088888888888,0.1634847542161382,9,0.7494511111111111,0.12249619570056497,0.020770915774459293,0.318920451773601,0.8687513138357963,0.3978277473601847,54.0,0.25099827044292256,0.40953329678534267,small
faketruebr,verbs_max,morphosyntax,False,False,9,0.23293444444444444,0.15161051094095615,9,0.21145333333333335,0.050380588027532994,0.0387083006727479,0.3274490576042747,0.4033704205040396,0.6920149871321597,52.0,0.32988528785495574,0.19015063977898372,negligible
faketruebr,verbs_min,morphosyntax,False,False,9,0.06334888888888889,0.05933010648996941,9,0.043739999999999994,0.02482499144007909,0.1276878943442482,0.977199853054011,0.9146733683272016,0.37394234011254474,47.5,0.563770708648853,0.43118116087660324,small
faketruebr,verbs_standard_deviation,morphosyntax,False,False,9,0.05768,0.0469475747509922,9,0.04657888888888889,0.011965970963992479,0.36117897444202207,0.061773493040953795,0.6873962774953448,0.5016765245742564,51.0,0.3769783016625522,0.324041712786232,small
faketruebr,long_sentence_ratio,morphosyntax,False,False,9,0.40691666666666665,0.2337222806559101,9,0.82379,0.11866668256086037,0.19780611518851604,0.3877559009642242,-4.771139078266084,0.00020823449039528966,7.0,0.003466376815732487,-2.249136530817388,large
faketruebr,indicative_condition_ratio,morphosyntax,False,False,9,0.04047666666666667,0.07294153223644263,9,0.03581888888888889,0.047052292038870014,0.0003727238014391465,0.016937095251892024,0.16098155051946053,0.8741230243623344,37.0,0.771187881109823,0.07588743067882354,negligible
faketruebr,indicative_future_ratio,morphosyntax,False,False,9,0.04641777777777778,0.06420197286255654,9,0.11640333333333332,0.1538010709488071,0.007910727238026261,0.0023594096381230334,-1.2597652844988587,0.225820417015446,27.0,0.23696415975724228,-0.5938590502483623,medium
faketruebr,indicative_imperfect_ratio,morphosyntax,False,False,9,0.007407777777777777,0.02222333333333333,9,0.023851111111111115,0.03267532113248638,3.2174928554139273e-07,0.012725882443534758,-1.24833954780392,0.2298656925018128,28.0,0.17991245004371992,-0.588472906317,medium
faketruebr,indicative_preterite_perfect_ratio,morphosyntax,False,False,9,0.11458111111111109,0.11240622463240688,9,0.26128,0.19668630957695046,0.29747005621907807,0.560545545686197,-1.9426830324708888,0.06986629589567919,22.0,0.10825192492919267,-0.9157895639708076,large
faketruebr,indicative_pluperfect_ratio,morphosyntax,False,False,9,0.036428888888888886,0.05070541130994907,9,0.020888888888888887,0.027082244388364696,0.009604207832435322,0.014334206152683035,0.8109989001637109,0.4292657645209212,44.5,0.7343900029796954,0.38230854789372787,small
faketruebr,indicative_present_ratio,morphosyntax,False,False,9,0.6150100000000001,0.20382837811502108,9,0.44862222222222226,0.12721987106755156,0.5075615663588767,0.41640345161932024,2.0774878843296865,0.05421823902453972,61.0,0.07738861114200664,0.9793371805616101,large
faketruebr,infinite_subordinate_clauses,morphosyntax,False,False,9,0.15495111111111115,0.08191152093027641,9,0.2910933333333333,0.09588178580940178,0.5242524072348413,0.4320156051612559,-3.2387475592551227,0.005141302430651091,9.0,0.006166754221989628,-1.5267602411337844,large
faketruebr,named_entity_ratio_sentence,semantics_lexical,False,True,9,0.0,0.0,9,0.050903333333333335,0.012734455229808615,,0.3519799735133477,-11.991875368373734,2.0777500367604674e-09,0.0,0.00016100130228057156,-5.653024261413996,large
faketruebr,named_entity_ratio_text,semantics_lexical,False,True,9,0.0,0.0,9,0.043590000000000004,0.016022507606489066,,0.9149931853224518,-8.161643808303674,4.2737275135438495e-07,0.0,0.00016100130228057156,-3.847435788320485,large
faketruebr,non_svo_ratio,morphosyntax,False,False,9,0.24887666666666666,0.12159387186449817,9,0.22221333333333332,0.07972080970486942,0.32764408930516964,0.4402065242376411,0.5501464360700529,0.5898173213508319,45.5,0.6907994271193798,0.25934151706049724,small
faketruebr,postponed_subject_ratio,morphosyntax,False,False,9,0.12276111111111113,0.06438392859333074,9,0.0430311111111111,0.03773400934317888,0.5227582237765395,0.23132190175138528,3.205152721401053,0.0055176297962829,71.5,0.0067273359026367874,1.5109234826941345,large
faketruebr,relative_pronouns_ratio,morphosyntax,False,False,9,0.11248222222222222,0.09691406860948748,9,0.26850555555555555,0.1494313256241066,0.16487352410292133,0.3085593162368937,-2.6280288646052843,0.018269198932240067,13.5,0.018787191604503862,-1.238864687544253,large
faketruebr,relative_pronouns_diversity_ratio,complexity_lexical_diversity,False,False,9,0.5,0.4409588668175298,9,0.7197522222222221,0.3420976560054811,0.05713871688099356,0.007511784264770112,-1.1812520210514603,0.25476390032468277,28.5,0.2863355430738196,-0.5568475429172012,medium
faketruebr,subjunctive_future_ratio,morphosyntax,False,False,9,0.03535777777777778,0.04730057261222579,9,0.016847777777777777,0.02637941706036061,0.013198017098928606,0.0010231006645618629,1.0253107635150676,0.3204691775730961,49.0,0.4216896463106824,0.4833361291367072,small
faketruebr,subjunctive_imperfect_ratio,morphosyntax,False,False,9,0.0,0.0,9,0.011386666666666666,0.01894760736874184,,0.0010369639448330834,-1.8028661527129952,0.0902746966468836,27.0,0.0772429808859699,-0.8498792547700404,large
faketruebr,subjunctive_present_ratio,morphosyntax,False,False,9,0.10034888888888889,0.09834304556556663,9,0.06489333333333332,0.05376530921514355,0.2807178715410897,0.6269508141299115,0.9490193431872633,0.3567260563640627,47.0,0.592396319427763,0.4473720086966114,small
faketruebr,subordinate_clauses,morphosyntax,False,False,9,0.32649666666666666,0.10777209738610455,9,0.5457788888888889,0.06949423976928672,0.7849692380054017,0.2824540565323618,-5.129999487716594,0.0001007824726167802,1.5,0.0006704444659346335,-2.418304950165279,large
faketruebr,temporal_adjunct_ratio,morphosyntax,False,False,9,0.08875555555555555,0.08399903274906073,9,0.06797,0.07919126735316212,0.10365570720570871,0.048321152364661474,0.5401509642560222,0.5965319652831984,47.0,0.5849843591969284,0.2546296064599238,small
faketruebr,adverbs_before_main_verb_ratio,morphosyntax,False,False,9,0.18379777777777778,0.1207494577397532,9,0.17156555555555558,0.07801482889667694,0.32063294589058433,0.5831220849486686,0.255264590958045,0.801771052152051,40.5,1.0,0.12033288217549593,negligible
faketruebr,verbal_time_moods_diversity,morphosyntax,False,False,9,4.222222222222222,1.3944333775567928,9,5.444444444444445,1.6666666666666667,0.5565013206610249,0.1838729677333838,-1.6873229754642152,0.1109358584714885,25.0,0.17427036465836598,-0.795411678668406,medium
faketruebr,ratio_function_to_content_words,morphosyntax,False,False,9,0.6875433333333333,0.13359369605262067,9,0.7432755555555555,0.09158116865806953,0.9711269826163387,0.8639199063417856,-1.0322672810240836,0.3172989275251367,28.0,0.28931483238198774,-0.4866154629394193,small
