id,text,link,duplicate_rows,author,category,date,genre,uid,source
165,"PF envia 50 perguntas a Temer sobre suspeita de propina no setor de portos

Revista Época traz perguntas elaboradas pelo delegado da PF. Inquérito apura suspeitas de decreto para atender interesses do setor portuário.

O presidente Michel Temer recebeu 50 perguntas sobre supostas irregularidades na edição de um decreto do setor de portos. A Polícia Federal está fazendo as investigações. A revista Época teve acesso ao conteúdo das perguntas.

A reportagem da revista Época desta semana traz as perguntas elaboradas pelo delegado da Polícia Federal Cleyber Malta Lopes, responsável pelo inquérito que apura suspeitas de que um decreto presidencial foi feito sob medida para atender os interesses do setor portuário.

O decreto foi assinado por Temer no dia 10 de maio e aumentou o prazo dos contratos de concessão de áreas portuárias de 25 anos para 35 anos, podendo ser prorrogado até 70 anos, beneficiando as atuais empresas concessionárias.

Segundo a revista, as perguntas revelam suspeitas de recebimento de propina por Michel Temer e seus principais aliados. Como o ex-deputado Rodrigo da Rocha Loures, famoso por ter sido flagrado em uma corridinha com a mala de R$ 500 mil entregue pela JBS.

Escutas telefônicas divulgadas pelo Supremo Tribunal Federal mostram Rocha Loures defendendo interesses de empresas que atuam nos portos brasileiros. Rocha Loures insiste com Gustavo Rocha, chefe para assuntos jurídicos da Casa Civil, em uma mudança no decreto sobre portos para beneficiar também quem conseguiu concessões antes de 1993, caso da Rodrimar, que atua no Porto de Santos.

Segundo o delator Ricardo Saud, da J&F, Rocha Loures indicou Ricardo Mesquita, da Rodrimar, para intermediar o pagamento de uma propina semanal. A indicação ocorreu no encontro em que o ex-assessor especial de Temer recebeu a mala com os R$ 500 mil. O decreto dos portos foi assinado sem incluir as concessões anteriores a 93.

A Polícia Federal também investiga o coronel João Baptista Lima Filho, acusado de receber propina em nome de Temer, e o advogado e ex-assessor José Yunes, que já admitiu ter recebido um pacote de dinheiro do operador Lúcio Funaro.

Temer foi alvo de duas denúncias da Procuradoria-Geral da República em 2017, uma sob acusação de recebimento de propina da JBS e outra por organização criminosa. As duas foram barradas na Câmara dos Deputados, o que impediu Temer de se tornar réu e o manteve na Presidência.

A revista Época destaca que essa terceira investigação, do caso dos portos, é a única que ainda pode dar dor de cabeça ao presidente Temer.

O presidente tem até o dia 19 para responder. Pode enviar as respostas por escrito e não tem obrigação de responder a tudo. Quase todos os investigados já foram ouvidos. O interrogatório de Temer é uma das últimas diligências do inquérito, que vai entrar em sua fase final, quando o delegado Cleyber Malta terá de concluir se foi cometido algum crime.

Entre as 50 perguntas, Época classifica cinco como mais delicadas para Temer.

1- O delegado Cleyber Malta Lopes quer saber se o presidente tem conhecimento de caixa dois eleitoral em suas campanhas.

Diversos delatores, como Marcelo Odebrecht e Lúcio Funaro, relataram repasses via caixa dois para campanhas de Temer.

2- O delegado perguntou se o presidente teve conhecimento sobre o caso no qual Lúcio Funaro mandou entregar recursos financeiros para José Yunes? Se sim, se Yunes foi orientado por ele e qual a origem do dinheiro.

Yunes já admitiu que recebeu um pacote de dinheiro de Funaro durante as eleições de 2014, sem revelar detalhes da origem e destino.

3- O delegado questiona se Temer foi procurado por representantes do setor de portos, em 2017, com pedidos para ampliar o prazo das concessões, inclusive as anteriores a 93.

4- Cleyber Malta Lopes quer saber também se o presidente recebeu alguma oferta de valor, ainda que em forma de doação de campanha eleitoral, formal ou do tipo caixa 2, para inserir dispositivos no novo decreto dos portos, mais benéficos para empresas concessionárias do setor?

5- E se Rocha Loures, João Baptista Lima Filho ou José Yunes receberam recursos em nome Temer, em retribuição pela edição do novo decreto dos portos.

O presidente passou o dia em São Paulo. A assessoria do Planalto informou que ele não discutiu o decreto com empresários da Rodrimar. Disse que o governo criou um grupo de técnicos para cuidar do assunto, com audiências realizadas e registradas em atas e, em alguns casos, até mesmo gravadas para dar segurança e transparência a todo processo. Declarou ainda que o decreto não beneficiou a Rodrimar.

Ricardo Mesquita, da Rodrimar, negou que tenha feito qualquer promessa financeira a integrantes do governo. Ele disse ainda que um parecer jurídico do setor portuário dava uma solução aos contratos antes de 1993, e que esse parecer não foi acatado.

A defesa da Rodrimar declarou que a empresa reitera que não foi beneficiada pelo decreto dos portos e que não mantem relações com o presidente Temer.

O subchefe de assuntos jurídicos da Casa Civil, Gustavo do Vale Rocha, afirmou que o pleito defendido por Rodrigo Rocha Loures não tinha respaldo jurídico e foi indeferido.

A defesa de Rodrigo Rocha Loures negou que ele tenha atuado em favor da Rodrimar e disse que o decreto não beneficiou a empresa.

O Jornal Nacional não conseguiu contato com José Yunes nem com o coronel João Baptista Lima Filho.",http://g1.globo.com/jornal-nacional/noticia/2018/01/pf-envia-50-perguntas-temer-sobre-suspeita-de-propina-no-setor-de-portos.html,,,politica,6/1/2018,news,fakebr:165,fakebr
1020,"PPL anuncia pré-candidatura de João Vicente Goulart à Presidência da República. Filho do ex-presidente João Goulart, pré-candidato fundou instituto em homenagem ao pai e disputará o cargo pela primeira vez. Jango foi deposto pelo golpe militar de 1964..  O Partido Pátria Livre (PPL) anunciou nesta terça-feira (13) o nome de João Vicente Goulart como pré-candidato do partido à Presidência da República. A legenda também anunciou o professor da Universidade Católica de Brasília (UCB) Léo Alves como pré-candidato a vice-presidente. Pelo calendário eleitoral deste ano, os candidatos só serão confirmados entre 20 de julho e 5 de agosto, período em que poderão ser realizadas as convenções partidárias. Filho do ex-presidente João Goulart, o pré-candidato do PPL fundou um instituto em homenagem ao pai e disputará o cargo pela primeira vez. Segundo a revista ""Época"", João Vicente Goulart decidiu deixar o PDT no ano passado, em razão de estar insatisfeito com o atual presidente da sigla, o ex-ministro do Trabalho Carlos Lupi. João Vicente Goulart é autor do livro ""Jango e Eu: Memórias de um exílio sem volta"". Na nota em que anunciou a pré-candidatura, o PPL afirma que o país vive um momento de ""miséria, desindustrialização, devastação dos serviços públicos, terrível insegurança pública e o mais lastimável espetáculo de decadência moral"". A legenda afirmou, ainda, que a pré-candidatura ""é a que melhor condensa a luta histórica do povo brasileiro, algo premente na situação atual de nosso país, exausto devido a uma política insana de destruição nacional, que conduziu ao desemprego de milhões de brasileiros; ao fechamento de milhares de empresas nacionais; ao malbaratamento dos bens públicos – e à corrupção absolutamente alucinada e sem peias, exposta vergonhosamente à nação nos últimos anos"". Outros partidos também já definiram seus pré-candidatos ao Palácio do Planalto, entre os quais o PT, que anunciou o nome do ex-presidente Luiz Inácio Lula da Silva ; o PDT, que lançou o ex-governador do Ceará Ciro Gomes ; o DEM, que tentará eleger o atual presidente da Câmara, Rodrigo Maia ; e o PSL, que lançou o nome do deputado Jair Bolsonaro . Jango era o presidente do Brasil em 1964, quando foi deposto pelo golpe militar com apoio de setores da sociedade, que temiam que ele desse um golpe de esquerda, o que os partidários dele sempre negaram. O ex-presidente morreu em Mercedes (Argentina) em 1976 e, segundo o site do Instituto Jopão Goular, ""supõe-se que tenha sido envenenado"". Especial G1: 50 anos do golpe militar",https://g1.globo.com/politica/eleicoes/2018/noticia/ppl-anuncia-pre-candidatura-de-joao-goulart-filho-a-presidencia-da-republica.ghtml,,"Por G1, Brasília",politica,13/03/2018 17h12,news,fakebr:1020,fakebr
204,"Vaccarezza diz que não precisava de Machado e ameaça processá-lo

Um dia após vir à tona a delação do ex-presidente da Transpetro Sérgio Machado com citação de pagamento de propina a mais de 20 políticos, o ex-deputado Cândido Vaccarezza (PT-SP) voltou a negar as acusações, disse que não precisava de ""intermediários"" e afirmou ainda que vai processar o operador do PMDB pelas menções ""mentirosas"" e ""criminosas"".

""Sérgio Machado afirmou que, em 2010, o procurei para pedir ajuda para campanha e que ele, por dinheiro ilícito de propina, teria mandado dinheiro da Camargo Corrêa para o diretório estadual de São Paulo repassar para minha conta. Se tivessem tido o cuidado de ver minha prestação de contas, teria visto que em 2010, o repasse do diretório estadual na minha prestação de contas é zero. Essa é uma acusação mentirosa e criminosa"", disse o ex-líder na Câmara dos governos Lula e Dilma.

Segundo a prestação de contas do ex-deputado disponível no site do TSE, Vaccarezza não recebeu doações diretas do diretório estadual do PT em 2010. Foi repassado para sua campanha mais R$ 1,3 milhão do diretório nacional da sigla.

Em entrevista à imprensa no Salão Verde da Câmara, o ex-deputado –ele não se reelegeu ao cargo em 2014– afirmou que vai processar Sérgio Machado por danos morais e por denunciação caluniosa.

""Está muito esquisita essa delação dele. Não sei se estava desesperado e queria pegar pessoas de todos os partidos. Eu, em 2010, as pessoas avaliavam que eu era um deputado importante, e um parlamentar importante no Brasil. Era líder do governo"", disse.

O fato de ser líder do governo foi a justificativa do político para ter tido conversas com Machado, contudo, ele nega que qualquer delas tenha tratado de doações de campanha.

""Em 2010, eu procurei vários donos de empresas, conversei com vários, e tive doação de várias empresas direto na minha conta. Eu procurava direto as empresas, não precisava de intermediário. Até porque, vocês mesmo já noticiaram várias vezes, relações diretas minhas com empresários"", disse

""Para que eu precisava do Sérgio Machado pedindo dinheiro para mim?"", questionou, afirmando ainda ter recebido doação legal de todas as empresas envolvidas na Lava Jato.

Ontem o ex-deputado havia afirmado apenas de ""Machado nunca arrecadou"" para suas campanhas e que ele nunca fez tal pedido. ""Ele cita meu nome de forma genérica, sem dizer qual empresa [doou], qual o valor [foi doado]. Isso nunca existiu.""

Em sua delação premiada, o ex-presidente da Transpetro relatou ter repassado propina para políticos de diferentes partidos: PMDB, PT, DEM, PSDB, PCdoB e PP.

Segundo Machado, os políticos o procuravam pedindo doações e, em seguida, o operador solicitava os repasses às empreiteiras que tinham contrato com a Transpetro.",http://www1.folha.uol.com.br/poder/2016/06/1782333-vaccarezza-diz-que-nao-precisava-de-machado-e-ameaca-processa-lo.shtml,,Débora Álvares,politica,16/6/2016,news,fakebr:204,fakebr
3173,"Após se apresentar à PF, 15o preso na Operação Torrentes vai para o Cotel, no Grande Recife. Ítalo Henrique Silva Jaques chegou à sede da Polícia Federal acompanhado do advogado nesta sexta (10). Depois de audiência na Justiça Federal, ele seguiu para prisão em Abreu e Lima..  O último dos 15 mandados de prisão preventiva da Operação Torrentes, que investiga desvios que podem chegar a até 30% em contratos que totalizam R$ 450 milhões para compra de colchões, filtros de água e comida para flagelados de enchentes na Zona da Mata Sul de Pernambuco neste ano e em 2010 , foi cumprido nesta sexta-feira (10), um dia depois da deflagração da ação pela Polícia Federal (PF). Por volta das 11h, Ítalo Henrique Silva Jaques se apresentou, na sede da corporação, no Bairro do Recife, área central da cidade, acompanhado de um advogado. (Veja vídeo acima) Após ser interrogado, ele foi levado para uma audiência de custódia na Justiça Federal, no bairro do Jiquiá, na Zona Oeste da capital pernambucana. Em seguida, foi encaminhado para o Centro de Observação Criminológica e Triagem Professor Everardo Luna (Cotel), em Abreu e Lima, no Grande Recife, em cumprimento à ordem de prisão temporária pelo prazo de cinco dias. A decisão foi da juíza titular da 36a Vara, Carolina Souza Malta. Nas audiências de custódias realizadas na Justiça Federal na segunda-feira (9), a juíza havia decidido enviar para o mesmo local outros sete presos na Operação Torrentes: Antônio Manoel de Andrade Junior, Antônio Trajano da Rocha Neto, Heverton Soares da Silva, Ricardo Henrique Reis dos Santos, Ricardo José de Padilha Carício, João Henrique dos Santos e Daniel Pereira da Costa Lucas. As três mulheres presas — Roseane Santos Andrade, Taciana Santos Costa e Rafaela Carrazzone da Cruz Gouveia Padilha — seguiram para a Colônia Penal Feminina do Recife, no Engenho do Meio, na Zona Oeste da cidade. Com relação aos quatro militares presos nessa operação da PF , três deles foram levados para a Academia da Polícia Militar, em Paudalho, na Zona da Mata Norte de Pernambuco: os coronéis Fábio de Alcântara Rosendo e Roberto Gomes de Melo Filho, além do coronel aposentado Waldemir José Vasconcelos de Araújo. O quarto militar julgado, o tenente-coronel Laurinaldo Félix do Nascimento, fica preso em regime domiciliar, com monitoramento através de tornozeleira eletrônica, devido um procedimento médico em hospital particular previamente marcado. Todos eles em cumprimento à ordem de prisão temporária pelo prazo de cinco dias. O quarteto de oficiais da PM preso teve participação efetiva nas fraudes de recursos federais destinados a ações de reconstrução de cidades pernambucanas atingidas por enchentes , neste ano e em 2010, de acordo com a Polícia Federal. A Operação Torrentes surgiu a partir de denúncias anônimas envidas à Controladoria Geral da União em Pernambuco, no ano passado. Os contratos investigados totalizam R$ 450 milhões para compra de comida, colchões, filtros de água e lonas de proteção para os desabrigados. Segundo a PF, a fraude no valor de contratos para reestruturação de municípios da Mata Sul de Pernambuco após as enchentes de 2010 e deste ano pode chegar até a 30%. Segundo os investigadores, foi verificado ainda um conluio entre quatro grupos de empresas para que se conseguisse as licitações durante os períodos emergenciais. (Veja vídeo acima) De acordo com a PF, a 36a Vara Federal expediu 71 mandados judiciais, sendo 36 de busca e apreensão, 15 de prisão temporária e 20 de condução coercitiva. Também houve uma condução coercitiva no Pará. Os 260 agentes da PF, de 10 estados, realizaram buscas nos prédios da Casa Militar do governo pernambucano, onde atuavam os PMs detidos, e da Vice-Governadoria, no Recife . Houve operação também no Centro de Abastecimento de Pernambuco (Ceasa), Coordenadoria de Defesa Civil (Codecipe), bem como em imóveis no Recife e em Olinda. Seis veículos de luxo, de várias marcas, foram apreendidos pelos policiais federais durante a operação. Entre os mandados de prisão preventiva que foram cumpridos no dia da deflagração da Operação Torrentes, estão dois empresários suspeitos da prática de irregularidades ao fornecer mantimentos para os flagelados, mediantes contratos fraudulentos: Antonio Manoel de Andrade Junior e Ricardo José de Padilha Carício, que tinha sido preso em outubro deste ano, durante a Operação Mata Norte, que investigou fraudes em licitações de merenda escolar em cidades dessa região pernambucana . Também foram levados para depor quatro oficiais da PM. Entre eles, o coronel Carlos D’Albuquerque, ex-comandante-geral da corporação até fevereiro deste ano. Também seguiu para a sede da PF, no Centro do Recife, o ex-secretário da Casa Militar de Pernambuco coronel Mário Cavalcanti, que trabalhou com o ex-governador Eduardo Campos, que morreu em um acidente de avião em 2014. A Polícia Federal investiga irregularidades em licitações e corrupção envolvendo verbas encaminhadas pela União. Foram investigados 15 contratos, sendo 12 firmados em 2010 e três neste ano. A PF dividiu a operação em núcleos distintos: militares, civis e empresários. A corporação explicou que há indícios fortes contra os militares que foram presos. Em alguns casos, há contratos fechados com empresas antes mesmo da abertura de licitações. Eram documentos montados, conforme explicações da PF. Nos casos desses oficiais presos, há assinaturas em documentos e outros tipos de comprovação. Durante as investigações, os agentes da PF e funcionários da CGU identificaram contratos com irregularidades que chamaram a atenção. Havia, segundo a Polícia Federal, empenhos para pagamentos de R$ 1 mil por dia para barqueiros circularem pelas áreas alagadas. (Veja vídeo acima) Empresas estavam habilitadas para fornecer filtros de água, mas participaram do processo licitatório para entregar banheiros químicos. Além disso, firmas se prontificaram a fornecer colchões em quantidade muito além da capacidade de compra e armazenamento. Os empresários que estão presos ou foram alvo de condução coercitiva também sofreram investigação de acordo com a participação em cada período de assinatura dos contratos com o estado. Ricardo Padilha está na relação de serviços contratados para as duas operações. No caso do Ceasa, houve um contrato com dispensa de licitação. A irregularidade relativa ao centro de abastecimento ocorreu em 2010, assim como as ações de Rogério Fabrízio. Já Antônio Manoel passou a ser investigado por ilegalidades detectadas em 2017. (Veja vídeo abaixo) Procurado pelo G1 , advogado Ademar Rigueira, que representa Ricardo José de Padilha Carício, Rafaela Carrazzone da Cruz Gouveia Padilha, Taciana Santos Costa, Ricardo Henrique Reis dos Santos e João Henrique dos Santos, informou que estava em conferência com outros advogados de defesa e só se pronunciaria depois de ter acesso à denúncia completa. Rigueira também é o advogado de defesa do empresário Romero Fitipaldi Pontual e assinou uma nota divulgada na tarde desta quinta (9). ""Na operação de hoje não houve nenhuma determinação judicial de prisão contra o empresário Romero Pontual. Na verdade, houve apenas uma busca e apreensão de documentos em sua residência. Ele já prestou depoimento perante a Polícia Federal. Em seu depoimento, esclareceu todos os atos administrativos praticados, bem como sua retidão e regularidade. Maiores esclarecimentos serão prestados quando a defesa tiver acesso à cópia integral do inquérito policial em andamento"", traz o texto. Por telefone, o advogado Rafael Caetano, que defende Roseane Santos de Andrade, presa temporariamente, e Diego Renato Carneiro de Andrade, alvo de condução coercitiva, informou que vai se pronunciar apenas quando tiver acesso aos autos. O G1 tenta contato com as defesas dos demais presos na Operação Torrentes. Após serem ouvidos, todos foram encaminhados para fazer exame de corpo de delito no Instituto de Medicina Legal (IML), na área central da cidade, e compareceram à audiência de custódia. O Governo de Pernambuco divulgou, nesta quinta (9), uma nota sobre a Operação Torrentes: ""Com relação à operação da Polícia Federal e da Controladoria Geral da União realizada hoje (09.11) em prédios da Secretaria da Casa Militar do Estado, o Governo de Pernambuco reafirma a disposição de prestar todos os esclarecimentos necessários, como sempre tem feito quando solicitado por órgãos de controle e fiscalização. A Operação Reconstrução, ocorrida a partir de julho de 2010, envolveu recursos advindos do Estado de Pernambuco e da União, dirigidos ao atendimento emergencial às 120 mil pessoas da Zona da Mata Sul atingidas pela enchente, bem como o trabalho de reconstrução das cidades. As prestações de contas respectivas foram apresentadas a tempo e modo às autoridades competentes, estaduais e federais. Não foi descumprido nenhum prazo ou foi negada nenhuma informação por parte do Governo de Pernambuco. Com relação à Operação Prontidão, realizada após a enchente deste ano de 2017, os prazos de prestação de conta ainda estão em curso. A Operação Reconstrução construiu a Barragem de Serro Azul e cinco hospitais, o Hospital Regional de Palmares, os hospitais municipais de Água Preta, Cortês, Barreiros e de Jaqueira. A Operação Reconstrução também entregou 12.131 mil casas; recuperou ou reconstruiu 71 pontes, recuperou 185 vias urbanas e 28 muros de arrimo em diversos municípios atingidos. A Operação Reconstrução recuperou, ainda, 63,13 quilômetros de rodovias e 203 quilômetros de estradas vicinais; reconstruiu 29 escolas atingidas, revitalizou a orla de Palmares; recuperou e reconstruiu 123 bueiros e 11 passagens molhadas, promoveu a dragagem do Rio Una e criou a Rede de Monitoramento Hidrometeorológico. É absolutamente lastimável o processo de espetacularização negativa das atividades de controle da atuação pública. O que assistimos hoje é exemplo da grave prática de buscar criminalizar toda a atuação dos agentes públicos e políticos. Os trabalhos da Operação Reconstrução envolveram grande número de servidores públicos, que realizaram um esforço extraordinário na missão de minimizar o sofrimento que as enchentes causaram à população pernambucana. É lamentável a operação desproporcional realizada no Gabinete do chefe da Casa Militar, no Palácio do Campo das Princesas. O acesso a todos os documentos e equipamentos ali localizados, assim como a qualquer outro documento público, poderia ter sido solicitado sem a necessidade de qualquer ordem judicial. Logo que disponha de mais informações, o Governo de Pernambuco voltará a se pronunciar publicamente. Governo do Estado de Pernambuco""",https://g1.globo.com/pernambuco/noticia/apos-se-apresentar-a-pf-suspeito-investigado-pela-operacao-torrentes-vai-para-prisao-no-grande-recife.ghtml,,Por G1 PE,politica,10/11/2017 18h28,news,fakebr:3173,fakebr
1,"O Podemos decidiu  expulsar o deputado federal Carlos Gaguim do partido após a Polícia Federal fazer buscas a apreensões no gabinete dele na Câmara. Com isso, a legenda abre espaço para receber a senadora expulsa pelo PMDB, Katia Abreu. Por meio de nota, a legenda informou que o afastamento do parlamentar já era algo acordado entre os filiados da sigla.  “Ainda que o parlamentar tenha comunicado a conclusão de sua desfiliação para esta semana, diante dos fatos noticiados hoje, a Executiva Nacional do Podemos solicita o imediato cancelamento de sua filiação dos quadros do partido”.

O partido, que no passado chegou a cogitar lançar o parlamentar como candidato ao Senado, diz que “apoia a investigação com a ampla apuração dos eventuais crimes cometidos e a consequente responsabilização dos envolvidos, para que todos sejam punidos com o máximo rigor da Lei, independentemente de posição ou cargo ocupado”.",http://politica.estadao.com.br/blogs/coluna-do-estadao/podemos-expulsa-gaguim-e-abre-espaco-para-katia-abreu/,,Naira Trindade,politica,13/12/2017,news,fakebr:1,fakebr
2938,"Número de mortos após tremor na fronteira entre Iraque e Irã passa de 400. Terremoto de 7,3 de magnitude atingiu a região no domingo (12). Número de feridos passa de 6,7 mil..  O número de mortos após o tremor na região da fronteira entre Irã e Iraque passa de 400 nesta segunda-feira (13). Os feridos são mais de 6,7 mil. O epicentro do terremoto de magnitude 7,3 foi registrado a 22,4 km de Derbendîxan, no Iraque, na tarde deste domingo (12). Os trabalhos de resgate e de retirada de escombros continuam nesta manhã, e o número de vítimas pode aumentar. No Irã, 407 pessoas morreram e 6.700 ficaram feridas, de acordo com a agência de notícias Associated Press. VEJA FOTOS Já no Iraque, o tremor deixou sete mortos e 300 feridos na região do Curdistão iraquiano, segundo a CNN, citando o ministro da Saúde da região, Rekawt Hama Rasheed. A província de Suleimaniya foi a mais atingida. Esse já é o tremor que mais deixou mortos em 2017, superando o número de vítimas do sismo que atingiu o México em setembro . O terremoto, que ocorreu às 21h18 (horário local, 16h18 em Brasília), atingiu todas as províncias do Iraque e foi sentido na capital Bagdá por 20 segundos. No vídeo acima, é possível ver o momento em que o abalo surpreende apresentadores de uma TV iraquiana durante uma transmissão ao vivo. No Irã, o tremor foi sentido em várias províncias, sendo que a mais atingida foi Kermanshah. Na cidade de Sarpol-e Zahab, a cerca de 15 km da fronteira com o Iraque, o principal hospital ficou gravemente danificado. As populações de Ghasr Shirin (na fronteira), Sarpul e Azgale estão entre as mais afetadas. A barragem iraquiana de Darbandijan, em Sulaimaniyah, ficou danificada por causa do terremoto e provoca preocupação. O diretor da barragem, Rahman Hani, afirmou que há ""danos muito claros ao topo da barragem"". A obra foi concluída em 1961, sendo considerada a ""mais forte construída nos últimos cem anos"". A represa contém 1,5 bilhão de metros cúbicos de água e está atualmente com 55% de sua capacidade, segundo a EFE. Cortes de energia elétrica foram registrados no Irã e no Iraque. As autoridades iraquianas solicitaram aos moradores de Darbandajan que durmam fora de suas casas. O mesmo ocorreu na província iraniana de Ilam, onde alguns habitantes foram aconselhados a deixar a região por precaução. A BBC, citando uma organização humanitária não identificada, afirma que 70 mil pessoas ficaram desabrigadas apenas no Irã. Caminhões seguem para a província Sulaimaniyah com 3 mil barracas e abrigos, 10 mil camas, colchões e comida. O esforço de busca por sobreviventes é intenso, mas algumas vias que dão acesso às cidades atingidas estão bloqueadas após deslizamentos de terra, de acordo com a imprensa internacional. O terremoto também foi sentido no sudeste da Turquia, perto da fronteira com Irã e Iraque. Na cidade de Diyarbakir, os habitantes saíram de suas casas durante o terremoto, mas retornaram pouco depois. Não houve registro de vítimas turcas. Em seu Twitter, o presidente do Brasil, Michel Temer, prestou solidariedade às famílias das vítimas da tragédia. O Papa Francisco está “profundamente entristecido” com a tragédia na fronteira entre o Irã e o Iraque. O pontífice ""garante a todos os afetados por esta tragédia suas orações de solidariedade"" e ""rezará pelos que morreram e lhes confia à misericórdia do Senhor"". ""Quanto aos feridos e às autoridades sanitárias e civis encarregadas do resgate e das hospitalizações, sua Santidade invoca bênçãos de consolo e força"", conclui a mensagem divulgada pelo secretário de Estado do Vaticano, Pietro Parolin. O Irã está situado em uma região com grandes falhas geológicas e é um dos países mais ativos do mundo sismicamente. Em 2003, um terremoto de magnitude 6,6 em Bam, na província de Kerman (sudeste do Irã), matou 31 mil pessoas e deixou a cidade praticamente destruída. Em abril de 2013, dois terremotos foram registrados no Irã, com poucos dias de intervalo, de magnitude 6,6 e 7,7 – este último o mais forte no país desde 1957, segundo a France Presse. Em junho de 1990, um terremoto de 7,4 graus no norte do Irã, perto do mar Cáspio, deixou 40 mil mortos e mais de 300 mil feridos, além de meio milhão de desabrigados. Em poucos segundos foi devastada uma superfície de 2.100 quilômetros quadrados, onde ficavam 27 cidades e 1.871 vilarejos nas províncias de Ghilan e Zandjan.",https://g1.globo.com/mundo/noticia/numero-de-mortos-no-ira-apos-tremor-na-fronteira-com-iraque-passa-de-300.ghtml,,Por G1,politica,13/11/2017 06h33,news,fakebr:2938,fakebr
2924,"‘Desse jeito, vamos dar a Presidência ao Lula em 2018’, diz Aloysio. Ministro das Relações Exteriores afirma que PSDB vive ‘histeria’ e pode facilitar volta de petista ao Planalto.  BRASÍLIA - Irritado com o racha do PSDB , o ministro das Relações Exteriores, Aloysio Nunes Ferreira , disse que seu partido vive um momento de “histeria” e erra ao defender a saída do governo comandado pelo presidente Michel Temer , correndo o risco de perder a eleição de 2018. Em tom de ironia, o tucano afirmou que “tem gente tingindo o cabelo de preto” para votar contra a reforma da Previdência ao se referir aos chamados “cabeças pretas”, que defendem o desembarque dos tucanos. + Maia evita comentar sobre PSDB porque são todos amigos Aécio diz que sua decisão foi legítima e necessária “Desse jeito, vamos entregar a Presidência para o Lula, em 2018”, previu Aloysio, em uma alusão à tentativa do ex-presidente Luiz Inácio Lula da Silva (PT) de voltar ao poder. “Engana-se quem pensa que será carregado nos braços do povo por ter desembarcado do governo. O PSDB será julgado por suas ações concretas em benefício do País. Mas como fazer o discurso da razão com o partido em pé de guerra?” +++Análise: PSDB resolve cometer suicídio coletivo em praça pública Alvo de petição enviada ao Supremo Tribunal Federal pela procuradora-geral da República, Raquel Dodge, que alegou ser “fato incontroverso” o recebimento de R$ 500 mil da Odebrecht para financiar sua campanha ao Senado, em 2010, o ministro admitiu constrangimento com a acusação. +++Aloysio pede arquivamento de inquérito sobre os R$ 500 mil da Odebrecht “Eu quero que esse inquérito seja concluído logo. Quero ser investigado porque nada tenho a esconder. É um incômodo ser ministro com esse ‘troço’ em cima de mim”, argumentou ele, sem esconder a contrariedade com a expressão “incontroverso”, usada por Raquel. Senador licenciado, Aloysio decidiu se candidatar à reeleição, em 2018. Ao Estado , disse que a defesa feita por ele da permanência do PSDB no governo Temer não tem qualquer relação com sua manutenção no cargo nem com foro privilegiado. “Eu não faço obra em ministério, não tenho verba e não nomeio ninguém”, afirmou. Casa Dividida. Aloysio apoia o governador de Goiás, Marconi Perillo, para a presidência do PSDB, contra o senador Tasso Jereissati (CE), que foi destituído ontem do comando provisório do partido pelo colega Aécio Neves (MG) , alvejado pela Lava Jato. Tasso sempre pregou a saída da equipe de Temer. “Perillo tem mais condições de promover a unidade do partido. Sigo os mandamentos de Mateus 12:25: ‘A casa dividida contra si mesmo será destruída’”, resumiu o chanceler. Amigo de Alberto Goldman, novo presidente interino do PSDB, Aloysio disse que o ex-governador de São Paulo “é isento e não pertence a nenhuma facção”. Na sua avaliação, não houve nenhum “golpe” de Aécio porque tudo foi decidido dentro de normas estatutárias. A convenção do PSDB que escolherá a nova direção do partido está marcada para 9 de dezembro. “Isso ( a saída de Tasso ) tinha de ser feito para garantir uma disputa equilibrada”, observou. +++Vou procurar fazer disputa com mais isonomia, diz Goldman, que assumirá presidência do PSDB Limites. A briga do PSDB em praça pública, no diagnóstico do ministro, já passou dos limites e cada vez mais prejudica o tucanato. “A chance de vitória do PSDB, em 2018, é ser o fator de agregação do centro político, formado também pelo PMDB e pelo DEM, com base em uma plataforma que está em andamento. Estamos jogando tudo isso pela janela. E qual a nova proposta para colocar no lugar?”, perguntou ele. “Se não percebermos isso, a disputa vai ficar entre Lula e Bolsonaro ( deputado Jair Bolsonaro, pré-candidato do PSC ), e o Lula será eleito triunfalmente.” Ao ser questionado sobre o comentário do senador José Serra (PSDB-SP), para quem “só com psicanálise” alguém entende o PSDB, o ministro abriu um sorriso. “É preciso ver se a gente não enlouquece o psicanalista antes”, provocou.","http://politica.estadao.com.br/noticias/geral,desse-jeito-vamos-dar-a-presidencia-ao-lula-em-2018-diz-aloysio,70002078957",,"Vera Rosa e Lu Aiko Otta, O Estado de S.Paulo",politica,10 de novembro de 2017,news,fakebr:2924,fakebr
2712,"Câmara de SP paga salário de R$ 15 mil a manobrista e R$ 10 mil a engraxate. Copeiras, médicos e procuradores também ganham supersalários. Lavador de carro, serviço já extinto, ganhou R$ 11 mil em outubro. .  Funcionários dos mais variados serviços da Câmara de São Paulo recebem salários acima do que é considerado normal no mercado de trabalho. Em outubro, o salário bruto dos 24 manobristas foi de R$ 245 mil. Um dos profissionais recebeu no mesmo mês mais de R$ 15 mil de salário bruto. Dois procuradores legislativos recebem, todo mês, R$ 62 mil cada um - R$ 40 mil acima do teto para os funcionários municipais, que é o salário do prefeito. O SPTV analisou toda a folha de pagamento dos mais de dois mil funcionários da Câmara Municipal de São Paulo no mês de outubro. As informações estão no Portal da Transparência e foram confirmadas pela Câmara. Procuradores - R$ 62 mil Médicos - R$ 40 mil Manobristas - R$ 15 mil Engraxates - R$ 10,4 mil Copeiras - R$ 9 mil a 13 reais Ascensoristas - R$ 8,7 a 11 mil No Portal da Transparência há ainda um lavador de carro que ganhou em outubro R$ 11 reais de salário bruto – o serviço nem existe mais. A Câmara confirma que foi desativado, e que os funcionários foram realocados em outras funções. “Essas funções muito básicas elas não existem mais, mas eu não posso demiti-los porque eles são estáveis pela constituição e aí acaba gerando essas distorções, mas que elas são pontuais”, afirma Paulo Baccarin, secretário geral da Câmara. Um engraxate da Câmara ganha R$ 10,4 mil por mês. É um emprego tão bem remunerado quanto o dos ascensoristas do elevador privativo dos parlamentares. No mês de outubro o salário bruto dos 11 ascensoristas chegou a R$ 105 mil. Os valores variam de R$ 8,7 a 11 mil. Há também sete copeiras que no mês passado receberam salários que variaram de R$ 9 mil a 13 reais. O serviço médico da Câmara também paga supersalários. O médico chefe ganha R$ 40 mil. Só em outubro os salários brutos dos médicos, enfermeiros e dentistas que atendem os vereadores, os funcionários e os dependentes, passou de R$ 821 mil. Conseguir verba para cultura e esportes, entretanto, é dificílimo. Em uma audiência pública acompanhada pela reportagem do SPTV, trabalhadores protestavam contra os cortes feitos nas áreas. Para Manoel Galdino, diretor executivo da Transparência Brasil, falta controle e fiscalização do dinheiro público. “Não tem solução mágica, a gente tem que dedicar tempo, tem que dedicar esforço e energia politicamente para tentar contornar esse problema”, defende.",https://g1.globo.com/sao-paulo/noticia/camara-de-sp-paga-salario-de-r-15-mil-a-manobrista-e-r-10-mil-a-engraxate.ghtml,,"Por Walace Lara, TV Globo",tv_celebridades,21/11/2016 19h31,news,fakebr:2712,fakebr
3392,"Estou sendo usado como bode expiatório: o que diz o acadêmico de Cambridge pivô de escândalo do Facebook. A rede social afirma que o Kogan violou as políticas do site; Facebook perdeu valor de mercado e foi convocado a dar explicações a autoridades..  O pesquisador da Universidade de Cambridge Aleksandr Kogan, que criou o aplicativo que permitiu coletar os dados de 50 milhões de usuários do Facebook usados pela empresa Cambridge Analytica, afirmou à BBC que está servindo de ""bode expiatório"" para as duas empresas. O psicólogo diz que completou em 2014 seu trabalho para a Cambridge Analytica (que, embora tenha esse nome, não tem relação alguma com a universidade), e que não tinha ideia de que os dados seriam usados para beneficiar a campanha de Donald Trump à Presidência dos Estados Unidos. Kogan sustentou que queria os dados para poder traçar um perfil comportamental humano por meio das redes sociais. O acadêmico, que nasceu na Rússia e cresceu nos Estados Unidos, onde se formou na Universidade da Califórnia em Berkeley, desenvolveu um aplicativo de pesquisa de personalidade chamado This is Your Digital Life (""Essa é sua vida digital"", em inglês). Dados de cerca de 270 mil usuários foram coletados, mas o aplicativo também registrava informações públicas dos amigos desses usuários, o que permitiu a multiplicação desse volume. Christopher Wylie, ex-funcionário da Cambridge Analytica que revelou o caso aos jornais The Guardian e The New York Times, disse que, como resultado, os dados de cerca de 50 milhões de usuários foram colhidos para a empresa. Tanto o Facebook quanto a Cambridge Analytica negam que tenham feito qualquer coisa errada. A rede social afirma que o Kogan violou as políticas do site. Segundo um porta-voz, o acadêmico não podia transferir dados para Cambridge Analytica para ser usado para fins comerciais. Em sua defesa, Kogan disse à Radio 4, da BBC, estar ""chocado"" com as acusações feitas contra ele, já que havia sido informado de que o aplicativo era inteiramente legal. ""A minha visão é que eu estou sendo basicamente usado como bode expiatório pelo Facebook e pela Cambridge Analytica quando... nós pensamos que estávamos fazendo algo que era normal"", afirmou. ""A Cambridge Analytica nos assegurou de que tudo era perfeitamente legal e dentro dos termos de serviço"". O pesquisador disse que estava seguindo as orientações dadas pela empresa e acrescentou que não tinha ""motivos para duvidar"" de que estaria quebrando qualquer política do Facebook. ""Um dos meus maiores erros aqui foi simplesmente não ter feito perguntas suficientes."" Ele também argumentou que a precisão dos dados coletados foi ""exagerada"" pela Cambridge Analytica e que seria mais provável que essas informações prejudicassem a campanha de Trump, em vez de ajudá-la. Em 2014, um app no Facebook convidou os usuários da rede a fazer um teste e descobrir seu tipo de personalidade. O aplicativo se aproveitou de uma ""brecha"" nas normas do Facebook à época, que permitia também a coleta de dados de amigos do usuário - mas que deveriam usados apenas para melhorar a experiência do próprio usuário no aplicativo. O ex-funcionário Christopher Wylie afirma que os dados de cerca de 50 milhões de usuários, principalmente nos EUA, foram colhidos sem consentimento explícito por meio das redes de seus amigos. Ele afirma que esses dados foram vendidos para a Cambridge Analytica, que usou esse material para traçar o perfil dessas pessoas. A empresa em seguida vendeu esse material para ser usado na campanha de Trump. A Cambridge Analytica é uma empresa de análise de dados que trabalhou com o time responsável para campanha vencedora de Trump nas eleições americanas de 2016. A firma é propriedade do bilionário do mercado financeiro Robert Mercer e era presidida, à época, por Steve Bannon, que depois de transformou em um dos principais assessores de Trump antes de deixar seu governo Na noite da segunda, a rede de TV britânica Channel 4 veiculou uma reportagem em que o diretor-executivo da Cambridge Analytica, Alexander Nix, foi filmado secretamente falando do uso de suborno, ex-espiões e prostitutas para encurralar políticos. Nix disse ainda que a Cambridge Analytica operou a campanha digital de Donald Trump durante as eleições dos EUA de 2016. E disse que o trabalho da empresa, incluindo pesquisas, análises e campanhas específicas, permitiu que o candidato republicano ganhasse com uma estreita margem de ""40 mil"" em três Estados. Esses dados, segundo ele, definiram toda a estratégia da candidatura do magnata. Nesta terça-feira, a Cambridge Analytica afirmou que Nix foi suspenso de sua diretoria e que seus comentários, registrados pela reportagem do Channel 4, ""não representam os valores ou a operação da empresa"". A empresa também afirma ter apagado todos os dados coletados quando o Facebook a pediu para que o fizesse. Nesta terça-feira, uma comissão parlamentar do Reino Unido pediu ao CEO do Facebook, Mark Zuckerberg, que ceda provas sobre o uso de dados pessoais de usuários da plataforma pela Cambridge Analytica. Ele foi convocado para depor diante de um comitê legislativo e tem até o dia 26 de março para responder. O deputado britânico Damian Collins acusou a rede social de ""enganar"" o comitê anteriormente e disse que agora era ""o momento de ouvir um executivo-sênior do Facebook com autoridade suficiente para dar a exata dimensão dessa catastrófica falha nesses processos"". O chefe do Parlamento Europeu também disse que investigaria se os dados foram mal utilizados. Enquanto isso, os senadores dos EUA pediram a Zuckerberg que testemunhe no Congresso sobre como o Facebook protege seus usuários. A empresa enviaria representantes a Washington nesta quarta-feira para responder às perguntas dos congressistas americanos. O órgão de controle do consumidor da Comissão Federal de Comércio dos EUA - que tem o poder de aplicar grandes multas - também abriu uma investigação contra o Facebook. Nesta terça-feira, um porta-voz da Universidade de Cambridge disse que seus representantes ""procuraram e receberam garantias"" do pesquisador Kogan de que nenhum dado, recursos ou instalações da instituição foram usados para o seu trabalho e não encontraram nenhuma evidência para contradizer isso, mas que mesmo assim estavam pedindo informações ao Facebook. A comissária da Informação do Reino Unido, Elizabeth Denham, disse que pediria permissão judicial para buscas na sede da Cambridge Analytica.",https://g1.globo.com/economia/tecnologia/noticia/estou-sendo-usado-como-bode-expiatorio-o-que-diz-o-academico-de-cambridge-pivo-de-escandalo-do-facebook.ghtml,,Por BBC,politica,21/03/2018 13h40,news,fakebr:3392,fakebr
1232,"Depois de Temer, Aécio também nega que governo interfira em assuntos do PSDB. Senador divulgou nota para desmentir informações de que teria se reunido com Temer para discutir estratégias para esvaziar grupo de Tasso Jereissati, presidente interino da sigla..  Após o presidente Michel Temer afirmar que não interfere em assuntos internos de outros partidos, o senador Aécio Neves (PSDB-MG) divulgou nota na noite deste domingo (20) na qual nega qualquer tipo de interferência do governo ou do presidente nas questões internas do PSDB. De acordo com a colunista do G1 Andréia Sadi, Temer chamou Aécio na noite da última sexta-feira (18) para uma reunião no Palácio do Jaburu. Segundo o Blog da Andréia Sadi, preocupado com as críticas ao governo lideradas pelo presidente interino da sigla, senador Tasso Jereissati (CE), Temer articula com Aécio uma operação para esvaziar o grupo de Tasso. A estratégia de Temer, segundo a colunista, é incentivar Aécio Neves a retomar o comando do partido. Assim, ele indicaria um novo interino para a presidência, isolando Tasso. ""O senador Aécio Neves tratou de assuntos de interesse da Cemig no último encontro com o presidente da República. O senador afirma que o PSDB tem responsabilidade para com a estabilidade política e a recuperação econômica do país, o que torna natural que lideranças do partido tenham conversas com o presidente e membros do governo"", disse Aécio por meio de sua assessoria de imprensa. ""Estranho seria se isso não ocorresse. Quanto às questões internas do PSDB, essas são discutidas internamente, sem qualquer participação do governo ou do presidente"", concluiu o tucano. A crise interna no PSDB se agravou após a propaganda exibida em cadeia nacional de TV pelo partido na quinta (17). No vídeo, de dez minutos, a legenda diz que errou ao aceitar como ""natural"" a troca de favores individuais em prejuízo da ""verdadeira necessidade do cidadão brasileiro"". A propaganda também criticou o ""presidencialismo de cooptação"" e defendeu a adoção do sistema parlamentarista. O conteúdo da propaganda gerou críticas entre tucanos. Os ministros peessedebistas Aloysio Nunes (Relações Exteriores) e Antonio Imbassahy (Secretaria de Governo), por exemplo, afirmaram que a peça publicitária foi um ""tiro no pé"" do PSDB e ""ofendeu fortemente"" o partido. Já Tasso afirmou que não se arrepende ""de nada"" sobre o tom da propaganda. ""Eu sou o presidente interino. Enquanto eu for o presidente interino, eu dou a orientação. [...] O partido não está rachado, todos os partidos hoje são rachados no sentido de que têm posições divergentes. Não existe pensamento único. Pensamento único, só no partido comunista"", afirmou Tasso na sexta, após ser questionado sobre o assunto. Após o encontro de Aécio com Temer vir a público, o vereador Mario Covas Neto (PSDB-SP), que preside o diretório municipal do partido, divulgou nota para criticar a reunião entre os dois. Segundo Covas Neto, a presença de Aécio em reuniões internas ou públicas causa ""desconforto e embaraços"" ao partido. ""Prove sua inocência, senador, e aí sim retorne ao partido"", afirmou o vereador. Ele disse ainda que, atualmente, só quem pode falar em nome do PSDB é o presidente interino da legenda, Tasso Jereissati. A manifestação de Mario Covas Neto causou desconforto na ala do partido mais próxima a Aécio. O PSDB mineiro, inclusive, divulgou nota em defesa do senador e criticou o ""oportunismo"" do vereador. Na nota, assinada pelo presidente estadual do PSDB, deputado Domingos Sávio, o diretório mineiro da sigla afirma que Aécio tem o direito de se encontrar com quem quiser. ""Assim como o senador Tasso teve o direito de se encontrar semana passada com o mesmo presidente com uma agenda não conhecida, ou o governador [de São Paulo] Geraldo Alckmin ou o prefeito [da cidade de São Paulo] João Doria, que também têm se encontrado regularmente com o presidente Michel Temer"", diz a nota.",https://g1.globo.com/politica/noticia/depois-de-temer-aecio-tambem-nega-que-governo-interfira-em-assuntos-do-psdb.ghtml,,"Por G1, Brasília",tv_celebridades,20/08/2017 19h15,news,fakebr:1232,fakebr
3021,"Galloro reúne todas as condições para comandar PF, diz entidade de delegados. Atual secretário nacional de Justiça substituirá Fernando Segovia na chefia da Polícia Federal. Associação de peritos diz ver troca com atenção; agentes manifestaram total apoio..  A Associação Nacional dos Delegados de Polícia Federal (ADPF) divulgou uma nota nesta terça-feira (27) na qual avaliou que o novo diretor-geral da PF, Rogério Galloro, reúne ""todas as condições técnicas"" para comandar a corporação. Também em nota, a Associação Nacional dos Peritos Criminais Federais (APCF), por outro lado, disse ver a troca com ""atenção"", acrescentando que o novo diretor-geral precisa atuar de forma ""livre"" de pressões políticas. Mais cedo, nesta terça, o novo ministro da Segurança Pública, Raul Jungmann, decidiu demitir o atual diretor-geral , Fernando Segovia, e indicar Rogério Galloro para o cargo – hoje, ele é secretário nacional de Justiça. Segovia assumiu a PF em novembro do ano passado após ser indicado, segundo a TV Globo, pelo ministro da Casa Civil, Eliseu Padilha, e pelo ex-presidente da República José Sarney. À época, Leandro Daiello, então diretor-geral, havia decidido se aposentar , e o ministro da Justiça, Torquato Jardim, a quem a PF era subordinada, apresentou o nome de Galloro para a direção-geral, mas o presidente Michel Temer optou por Segovia. A Federação Nacional dos Policiais Federais (Fenapef), que representa os agentes, também divulgou nota nesta terça sobre a troca no comando da PF. Segundo a entidade, Galloro terá ""total apoio"" para conduzir os trabalhos da corporação. ""Rogério Galloro é considerado um perfil operacional, discreto e com bom relacionamento com os servidores do órgão. Tem se destacado pela dedicação nos setores onde foi lotado. É reconhecido pelos colegas como um nome qualificado para desempenhar as importantes atribuições da função"", diz trecho da nota da entidade. Segundo o colunista do G1 e da GloboNews Gerson Camarotti, a avaliação interna no governo é a de que a permanência de Segovia na PF iria ofuscar as ações do novo Ministério da Segurança Pública. Além disso, informou a colunista do G1 Andréia Sadi, Temer e Raul Jungmann avaliaram que Segovia "" perdeu a autoridade "" sobre a corporação, assim como também perdeu a interlocução com o Supremo Tribunal Federal (STF) e com a Procuradoria Geral da República (PGR). Recentemente, Segovia foi intimado pelo ministro do STF Luís Roberto Barroso a dar explicações por ter dado declarações públicas sobre um inquérito em que o presidente Temer é investigado. Leia abaixo, na íntegra, as manifestações das entidades sobre a escolha de Rogério Galloro para a direção-geral da Polícia Federal. Associação dos Delegados de Polícia Federal (ADPF) Para a Associação Nacional dos Delegados de Polícia Federal – ADPF, o novo Diretor Geral da Polícia Federal, Delegado Rogério Galloro, com mais de 22 anos de experiência no exercício do cargo, reúne todas condições técnicas para desempenhar com eficiência o comando da instituição. Entretanto, o momento impõe à toda sociedade uma importante reflexão: As trocas no comando demonstram a necessidade urgente da aprovação de mecanismos legais que confiram previsibilidade, estabilidade e proteção à Polícia Federal. É fundamental a aprovação, pelo Congresso Nacional, de mandato para o cargo de Diretor-Geral e a sua nomeação com base em uma lista formada por quadros técnicos de carreira, escolhidos por delegados, a fim de oferecer ao presidente da República nomes qualificados para conduzir uma das mais respeitadas instituições brasileiras. É essencial também que os parlamentares aprovem rapidamente a proposta que estabelece autonomia administrativa, orçamentaria e financeira à Polícia Federal. Essas medidas formam o sistema de proteção da Polícia Federal, garantindo a continuidade de suas ações de combate ao crime organizado e à corrupção. Associação Nacional dos Peritos Criminais Federais (APCF) É com grande atenção que a Associação Nacional dos Peritos Criminais Federais (APCF) acompanha a troca na direção-geral da PF. Processos de mudança são naturais no âmbito da administração pública. É imprescindível, entretanto, que qualquer ação nesse sentido ocorra de forma a garantir que a instituição continue funcionando de acordo com o interesse público, livre de pautas corporativas e de pressões políticas, que não devem, sob nenhuma hipótese, influenciar o trabalho investigativo e a produção isenta da prova material, com a devida autonomia técnica, científica e funcional à perícia criminal federal. A criação do Ministério Extraordinário da Segurança Pública, ao qual a Polícia Federal agora está vinculada, parece ser uma medida adequada às necessidades urgentes do combate ao crime, como maior integração entre as polícias e desenvolvimento de ações de inteligência. É preciso haver, independentemente do servidor que ocupe o cargo de diretor-geral, o comprometimento com essas ações e também com o contínuo desenvolvimento científico do órgão. Marcos Camargo, presidente da ACPF Federação Nacional dos Policiais Federais NOTA À IMPRENSA A Federação Nacional dos Policiais Federais recebeu com naturalidade a troca de comando da Polícia Federal anunciada nesta terça-feira (27) pelo recém-empossado ministro da Defesa Raul Jungmann. A entidade também manifesta que, assim como Fernando Segóvia, Rogério Galloro terá total apoio dos policiais federais para ocupar a função. Na avaliação da entidade, diversos acontecimentos contribuíram para um desgaste da gestão de Segóvia. O então diretor assumiu a pasta em um momento de crise política. Na segurança pública, teve de enfrentar a resistência dos próprios pares e, recentemente, fez declarações conturbadas sobre o trabalho de investigação desempenhado pela Polícia Federal. Nome que assumirá a Gestão, Rogério Galloro é considerado um perfil operacional, discreto e com bom relacionamento com os servidores do Órgão. Tem se destacado pela dedicação nos setores onde foi lotado. É reconhecido pelos colegas como um nome qualificado para desempenhar as importantes atribuições da função e chegou a ser cogitado pelo Presidência da República na ocasião da última troca de comando da Polícia Federal, em setembro de 2017. A Fenapef agradece o empenho de Fernando Segóvia à frente do cargo e seu esforço em honrar os compromissos que assumiu com os policiais federais e deseja ao novo diretor-geral, Rogério Galloro, sucesso em mais essa missão. A expectativa da Federação, especialmente diante da criação do Ministério da Segurança Pública, é que se inicie um debate profundo sobre o modelo de segurança pública brasileiro, assim como a busca pela integração nacional de todas as forças policiais, para combater a corrupção e as organizações criminosas que atuam no País.",https://g1.globo.com/politica/noticia/galloro-reune-todas-as-condicoes-para-comandar-pf-diz-entidade-de-delegados.ghtml,,"Por G1, Brasília",politica,27/02/2018 21h52,news,fakebr:3021,fakebr
2047,"Smartphones nos espionam e ainda pagamos por eles, diz John McAfee, o pai do antivírus. Em entrevista ao G1, desenvolvedor que criou empresa de cibersegurança fala dos perigos na internet, de vida na floresta, do filme com Johnny Depp e por que quis ser presidente dos EUA..  John McAfee criou o primeiro antivírus comercial de sucesso e já se embrenhou na floresta do Belize, onde se cercou de um mini-exército particular. Foi pré-candidato na eleição que levou Trump à Casa Branca e sua vida vai virar história de cinema. Mas tem uma coisa que ele não faz de jeito algum. “Nunca ligo meu Wi-Fi. Ponto. Nunca. É muito perigoso”, afirma ao G1 . Para ele, permitir que smartphones acessem a internet por esse tipo de conexão sem verificar quem é o provedor pode abrir uma porta em um aparelho já não tão confiável. McAfee, de 71 anos, diz que smartphones “nos espionam e ainda os carregamos conosco e pagamos para isso”. Em 2017, ano em que McAfee Associates, empresa que fundou e comandou até 1994, completa 30 anos, ele pretende solucionar o problema de segurança de outro setor: o dos smartphones. Quando surgiu, a companhia foi uma das primeiras a fazer do combate a programas maliciosos para computador um negócio. Agora, ele não só quer fazer dos celulares aparelhos mais seguros mas fechar algumas de suas portas abertas para invasões de privacidade. LEIA MAIS: Guru russo da segurança digital quer evitar ciberguerra LEIA MAIS: Snowden, de Oliver Stone, transforma protagonista em herói; G1 já viu LEIA MAIS: Guerra digital vira guerra física, diz Oliver Stone, de Snowden; VÍDEO Parece uma tarefa difícil, mas, ao lado da inacreditável vida de McAfee, acreditar nisso fica mais fácil: nascido em uma base militar dos Estados Unidos na Irlanda, ele se formou em matemática e foi trabalhar como programador da Nasa. Daí trabalhou na Xerox, Computer Sciences Corporation, Booz Allen e Lockheed. Depois de deixar a administração da McAfee, fez parte de conselhos de empresas de cibersegurança e acumulou uma fortuna. Só que, em 2009, vendeu tudo e foi morar no meio de uma floresta no Belize, na costa nordeste da América Central. Ele sequer viu a empresa que criou ser vendida em 2010 para Intel por US$ 7,7 bilhões. Sem acesso a internet e isolado do resto do mundo, ele se envolveu com menores de idade, foi acusado de produzir drogas e de ter armas sem autorização. Em 2012, a aventura chegou ao fim quando entrou na Guatemala sem autorização e foi deportado para os EUA. A história deve chegar ao cinema com Johnny Depp no papel de McAfee. McAfee vem ao Brasil pela primeira vez em maio. Ele vai participar da Mind the Sec, uma conferência sobre cibersegurança que acontece no Rio de Janeiro no dia 18 de maio Leia abaixo a entrevista ao G1 : G1 - Há trinta anos você fundou a McAfee em um tempo que os cibercriminosos atacavam só computadores. Hoje, os alvos são TVs, smartphones e todo tipo de dispositivo conectado. Se você criasse a McAfee hoje, o que você faria para responder a esse tipo de ameaça? John McAfee - São ameaças às TVs, até a torradeiras e geladeiras. Tudo se tornou conectado. O problema é que um fabricante de geladeira entende tudo sobre a geladeira, mas não sabe muito sobre engenharia de software ou segurança. Eles constroem esses aparelhos usando hardware e software de prateleira, sem segurança. Os fabricantes desses dispositivos têm primeiro de entender que não é só uma ameaça aos consumidores mas também à sociedade. Se um computador pessoal é hackeado, ele não funciona direito, o que motiva seu dono a consertá-lo. Se uma geladeira for hackeada, para fazer parte de um ataque de negação por exemplo, ela ainda vai funcionar e você não vai nem notar. G1 - Como evitar esse cenário? John McAfee - É muito difícil. Os atacantes podem até comprar programas na internet como o Mirai, um malware que ataca dispositivo muito facilmente já que não têm defesa. E você não pode colocar nenhum software de defesa nesses aparelhos, porque eles não foram desenhados para receberem software desse tipo. E, antes mesmo de instalar um software para aumentar a segurança, os fabricantes têm de criar um sistema mais aberto. Mas, em vez disso, criam sistemas em que ninguém pode entrar. Não é possível dar suporte a todos que fabricam algum dispositivo que se conecta a internet. É quase impossível. Eu precisaria da cooperação de fabricantes de torradeiras, termostatos, câmeras, geladeiras etc. G1 - Falamos com robôs, usamos sistemas alimentados por inteligente artificial, pilotamos drones. Aparentemente todas essas tecnologias têm algum brecha de segurança. Então qual é a principal ameaça à cibersegurança hoje? John McAfee - São os smartphones. Eles nos espionam e nós ainda os carregamos conosco e pagamos para isso (risos). Não importa a segurança das redes e sistemas corporativos, se você permite que os funcionários conectem os smartphones deles, quem liga, tão logo eles acessam e-mails e a algo no banco de dados corporativo, todos os mecanismos de segurança são contornados. Nós temos que tornar os smartphones mais seguros, senão não haverá segurança em lugar nenhum. G1 - Qual é o problema dos smartphones? John McAfee - O real problema dos smartphones é que não há segurança neles de jeito nenhum. Quando você desliga a luz, a corrente elétrica simplesmente é desconectada. Eles precisam fazer a mesma coisa com o hardware. Esse é o problema um. O segundo problema é que as pessoas não parecem ligar e baixam aplicativos sem ler o contrato em que os objetivos do programa estão escondidos. Quando você faz o download, muitas aplicações pedem permissão para ler seu e-mail, seus contatos, para acessar seu Wi-Fi, seu Bluetooth, sua localização, sua câmera ou seu microfone. Muitas nem precisam disso. Por que você acha que esses aplicativos são gratuitos? Meu pai e minha mãe me disseram que não há nada grátis na vida. Esses apps fazem dinheiro espionando a gente e vendendo essa informação para terceiros. É dessa forma que eles conseguem gastar US$ 1 milhão para criar um app sofisticado e dá-lo a você de graça. Não estamos pensando, apenas aceitando que ‘isso não é legal, é só não exagerarmos, então me deixe ter meu aplicativo sem pagar nada’ (risos). Por favor, o mundo não funciona assim. G1 - E o que você faz para tornar o seu celular mais seguro? John McAfee - Tenha muito cuidado com que o que os apps pedem. Sou infectado o tempo todo e até peço a hackers que tentem. Quero ver quais são as técnicas e tecnologias que usam. Quando há um malware no meu celular, eu o observo por um tempo e aí eu o removo. A maior parte das pessoas os esquecem. E, como eu sei que eu sou hackeado, não coloco no meu celular nada que eu não queira que as pessoas saibam. Faço o contrário: deixo no meu celular coisas que confundem os hackers. A desinformação é muito mais poderosa que a informação. G1 - Você anunciou na semana passada que vai lançar um “smartphone seguro”. Pretende vendê-lo no Brasil? O que ele terá de diferente? John McAfee - Venderemos o smartphone em todo mundo, mas ele não sairá até o fim do ano. Nós teremos um navegador “anonimizado”. Por exemplo: você busca por camisas na internet e, ao entrar no Facebook, vai ver que querem te vender camisas. Isso é irritante, consome seu tempo e invade sua privacidade. No nosso telefone, quando fizerem uma pesquisa na internet, o Google não saberá quem é você, apenas que alguém está pesquisando por camisas, sapatos ou por camisinhas. Isso é um problema para mim, porque não gosto do mundo sabendo quais são meus interesses. E o Google vende esses interesses para todo mundo. Isso é uma tremenda invasão da minha privacidade. Mas nós corrigiremos isso. G1 - O que as pessoas podem fazer hoje para se tornar mais seguras na internet? John McAfee - Há muitas coisas. A primeira delas é prestar atenção quando você baixar um aplicativo. Se você tiver um app que precisa ter acesso ao seu Wi-Fi, mas está pedindo acesso ao seu microfone e câmera, você deve pensar para o que ela precisa disso. Preste atenção: se está pedindo muitas permissões, eu recomendo que você não a use. A segunda é prestar atenção quando você liga e desliga seu Wi-Fi. A outra coisa é prestar atenção quando seu celular começa a agir diferente. Se a bateria começar a acabar rápido, se aplicativos começam a serem executados diferentemente, é um indício de que talvez você tenha um malware e tem de consertar isso. G1 - Você tentou se eleger presidente dos Estados Unidos pelo Partido Libertário. Por que você fez isso? Estava insatisfeito com o modo que Obama lidava com a questão da cibersegurança? John McAfee - Eu concorri para presidente, porque me deram a oportunidade de dizer ao mundo como inseguro nós estamos em se tratando de cibersegurança. Em todos os debates que tive, trazia o que eu achava que era o principal problema, que é a cibersegurança. Você me perguntou como Obama lidou com a cibergurança. Ele não fez nada. Quer dizer, pelo menos, nada positivo. Eu acho que a administração dele não entendia os problemas fundamentais da cibersegurança. É um problema quando políticos tomando decisões sobre problemas técnicos altamente complexos não tem a menor chance de estar certos. G1 - E Trump? John McAfee - Ele ainda não fez nada. E eu não tenho certeza do que ele vai fazer. Ele indicou Rudy Giuliani para lidar com a cibersegurança, o que é uma loucura. Giuliani é um nada na cibersegurança. É uma necessidade política, não tenho dúvida, e talvez Trump ainda vá agir no mundo real, mas, honestamente, até agora não tem sido muito impressionante. G1 - Muita gente diz que o mundo está vivendo uma ""Ciber Guerra Fria"". Isso não é exagerado? John McAfee - Não mesmo. É um problema muito sério. Eu nem chamaria de fria essa ciberguerra. Eu acho que é uma ciberguerra bastante quente. Olhe as ações de hackers que têm acontecido. São horríveis e ainda vão piorar. É definitivamente uma ciberguerra ocorrendo. E, quando esquentar de fato, todos teremos em um problema muito sério. G1 - Quais são as evidências para dizer que a ciberguerra está ficando quente? John McAfee - Quando um de nossos maiores países perde toda sua rede eleitoral para sempre, eu acho que isso é bastante quente. E estamos muito próximos disso. G1 - Estão fazendo um filme sobre você e há rumores de que Johnny Depp fará o seu papel. Mas você disse que seria Benedict Cumberbatch. O que é verdade nessa história? John McAfee - Essa parte é verdade: Johnny Depp foi convidado para fazer o filme. A parte do Cumberbatch era uma piada. Eu ter contatado o diretor John Waters, que eu acho que seria ótimo, também é uma piada. G1 - O que acha de Johnny Depp? John McAfee - Olha, eu não estou exatamente feliz que ele tenha sido escolhi, sabe. É isso. G1 - Sobre o que será o filme? Sobre o visionário da cibersegurança ou sobre o homem que largou tudo e foi viver na floresta? John McAfee - Sobre o homem que viveu anos na floresta. Eu acho que não vai ter muito sobre o cibervisionário. Eu não sei muito. Não estou cooperando com eles. G1 - O que acha disso? John McAfee - É o seguinte: não importa. Aqui nos Estados Unidos, temos um ditado: não existe esse negócio de publicidade ruim. E eu acho que é verdade. Para mim, não importa o que vão dizer ou como vão me retratar. Não vai fazer a menor diferença no longo prazo. As pessoas lembram do nome e esquecem dos detalhes. Essa é a natureza do ser humano. G1 - Você foi acusado de matar um homem em Belize. A situação já foi resolvida?",https://g1.globo.com/tecnologia/noticia/smartphones-nos-espionam-e-ainda-pagamos-por-eles-diz-john-mcafee-o-pai-do-antivirus.ghtml,,"Por Helton Simões Gomes, G1",politica,03/05/2017 07h18,news,fakebr:2047,fakebr
920,"O tabu do suicídio assistido no Brasil: morte digna ou crime contra a vida?. Para alguns, como o escritor Carlos Heitor Cony, suicídio assistido permite morte rápida e indolor; para outros, como líderes católicos, é inaceitável e dá margem a abusos..  Aos 90 anos, o escritor Carlos Heitor Cony não perde o tom jocoso. Quando indagado sobre o que ainda falta para se sentir realizado, o autor de O Ventre, O Piano e a Orquestra e Quase Memória, romances premiados da literatura brasileira, não pensa duas vezes: ""Morrer"". E arremata: ""Mas, se quiserem me dar o Nobel, aceito!"". Desde que foi diagnosticado com um câncer linfático, em 2001, Cony tem pensado muito na morte. ""De certa forma, somos todos terminais desde que nascemos"", escreveu em O Homem Terminal. ""Envelhecer é porcaria. Um homem depois dos 50 é anti-higiênico. Por isso, eu me mataria um dia"", confidenciou em Memorial do Inverno. O câncer obrigou Cony a fazer quimioterapia, o que enfraqueceu seus braços e pernas. Em 2013, levou um tombo na Feira dio Livro de Frankfurt, que gerou um coágulo no cérebro ""do tamanho de uma maçã"". Hoje, Cony anda de cadeira de rodas, perdeu o movimento do lado direito do corpo e compara o apartamento onde vive, no bairro da Lagoa, zona sul do Rio de Janeiro, a uma UTI. Por essas e outras, se diz solidário a quem cogita a hipótese de suicídio assistido. ""Ninguém quer morrer sofrendo, chorando e gritando. Eu, pelo menos, não. Quero morrer numa boa"", avisa. Mas, para evitar abusos e mal-entendidos, ressalva, algumas premissas devem que ser obedecidas. Uma delas é o paciente manifestar sua vontade por escrito, com a concordância de três ou quatro membros da família. Outra é o médico emitir um atestado comprovando que o paciente é terminal e o estado dele, irreversível. ""Há casos em que os remédios já não produzem mais efeito, a família gasta um dinheiro que não tem e, pior, o paciente não tem mais condições de viver, só de sofrer. Se não há uma solução médica ou científica, o suicídio assistido é a saída mais humana que existe"", afirma Cony. O assunto, apesar de macabro, como o próprio Cony admite, é recorrente. Em outubro do ano passado, o ex-arcebispo sul-africano Desmond Tutu defendeu, na ocasião de seu aniversário de 85 anos, o direito ao suicídio assistido ao pedir que, no fim de sua vida, seja tratado com compaixão. ""Por que tantos são obrigados a suportar terríveis sofrimentos contra sua vontade?"", indagou em artigo publicado no jornal americano The Washington Post. ""Não quero que me mantenham vivo a qualquer preço"", afirmou o Nobel da Paz, que há 20 anos luta contra um câncer de próstata. Desmond Tutu não é o único adepto da morte digna e indolor. Em junho de 2015, durante entrevista à BBC Brasil, o físico britânico Stephen Hawking, 73, afirmou que, caso se tornasse um fardo para as pessoas ao seu redor ou se não tivesse ""mais nada a contribuir"", consideraria a hipótese de dar cabo da própria vida. ""Manter alguém vivo contra sua vontade é a derradeira indignidade"", declarou Hawking, que desde os 21 anos sofre de Esclerose Lateral Amiotrófica (ELA), doença degenerativa e incurável que ataca os neurônios responsáveis pelos movimentos do corpo e provoca perda de controle muscular. No Brasil, o tema já inspirou, além de algumas crônicas de Cony, o romance A Mãe Eterna - Morrer É um Direito, da psicanalista e escritora Betty Milan. Nele, a narradora fala da dificuldade de passar da condição de filha para mãe da mãe. A certa altura, ela se pergunta até quando a vida deve ser prolongada e questiona a obsessão terapêutica do médico, que procura vencer a morte a todo custo. ""O suicídio assistido é um benefício sempre que a pessoa expressa claramente seu desejo de ir embora ou porque está sofrendo, como no caso de Desmond Tutu, ou por considerar que cumpriu sua missão na Terra, como Stephen Hawking"", diz Betty, que buscou inspiração na própria história e na de sua mãe para escrever o livro. Dona Rosa, hoje com 99 anos, anda com dificuldade, escuta pouco e enxerga mal. ""Para certas pessoas, o envelhecimento é insuportável e o fim da vida deve ser humanizado. Se nós tivermos certeza de que vamos ser ajudados a morrer, viveremos muito melhor. O prolongamento de uma vida sem qualidade pode ser considerado um crime"", afirma a escritora. Apenas alguns poucos países, como Holanda, Suíça e Bélgica, autorizam a prática. A Holanda se tornou o primeiro a descriminalizar o suicídio assistido, em 2002. Lá, é preciso que a doença seja incurável e que o paciente esteja ""lúcido e consciente"" ao pedir ajuda para morrer. A Suíça é o único país do mundo onde um estrangeiro pode se matar com a ajuda de terceiros. Para tanto, precisa desembolsar cerca de 4.400 francos suíços - o equivalente a R$ 13.200, fora as despesas com hotel, traslado e passagem aérea. Desde 1998, quando foi fundada, até 2014, a associação Dignitas, o mais famoso centro de suicídio assistido da Suíça, já ajudou mais de 1.700 doentes terminais ou pacientes com doenças incuráveis e progressivas a terem uma morte rápida e indolor com uma dose de 15 mg de uma substância letal misturada com 60 ml de água. O lema da instituição é ""Viver com dignidade. Morrer com dignidade"". A legislação suíça permite o suicídio assistido desde que não seja por ""motivos egoístas"". Por exemplo: ajudar uma tia a morrer só para colocar as mãos em sua fortuna. Já nos EUA, a decisão cabe a cada Estado. Atualmente, é permitido em apenas seis: Washington, Oregon, Vermont, Novo México, Montana e Califórnia. O Brasil não tem legislação sobre o tema. Por meio de seu artigo 122, o Código Penal proíbe o ato de ""induzir ou instigar alguém a suicidar-se ou prestar-lhe auxílio para que o faça"". O crime é passível de pena de dois a seis anos de prisão quando o suicídio é consumado, ou de um a três, caso a tentativa resulte em lesão corporal grave. ""Os que se opõem à prática sustentam ser dever do poder público preservar, a todo custo, a vida humana"", analisa a advogada Maria de Fátima Freire de Sá, pesquisadora do Centro de Estudos em Biodireito (CEBID) e autora do livro Direito de Morrer - Eutanásia e Suicídio Assistido. ""Muitas vezes, eventuais direitos do indivíduo estariam subordinados aos direitos do Estado. Para os que a defendem, o conceito de vida precisa ser repensado. Será que vida digna é aquela segundo a qual o indivíduo ainda se mantenha ligado a aparelhos, totalmente infeliz e dependente da boa vontade dos outros?"" Procurada pela reportagem, a Associação Médica Brasileira (AMB) informou que não tem uma posição sobre o assunto. Mas adiantou que, em março, representantes da entidade vão se reunir com membros do Conselho Federal de Medicina (CFM) para debater o tema. Desde 2006, o CFM procura disciplinar o uso de tratamentos fúteis (considerados inúteis) em pacientes na fase terminal da vida. Por meio de uma resolução, os médicos podem suspender o tratamento ou os procedimentos que estão prolongando a vida desse doente, se for o desejo dele, com o objetivo de lhe abreviar a morte, sem sofrimento. Na maioria dos casos, mantêm-se as medidas ordinárias, como as que visam reduzir a dor do paciente, e suspendem-se as extraordinárias ou as que estão dando suporte à vida. ""A ortotanásia (ou ""morte correta"") dá ao cidadão enfermo grave, em circunstâncias de doença terminal e irreversível, o direito de morrer com dignidade, sem a obrigatoriedade de uso de meios desproporcionais em respeito a sua vontade"", explica o médico Carlos Vital, presidente do CFM. ""Seu advento garante a humanização do processo de morte ao evitar prolongamentos irracionais e cruéis da vida do paciente"", acrescenta ele. A posição do CFM é endossada pela Igreja Católica. O bispo auxiliar da Arquidiocese do Rio de Janeiro, Dom Antônio Augusto Dias Duarte, explica que a vida é um dom de Deus e, como tal, temos um poder relativo sobre ela. ""A vida não nos pertence. Não podemos concebê-la. Da mesma forma, uma vez perdida, não podemos recuperá-la. Somos administradores de um dom recebido por Deus. Por essa razão, a Igreja recomenda às pessoas que não optem pelo suicídio assistido"", explica Dom Antônio Augusto. Ex-professor do Curso de Pós-Graduação de Bioética da Pontifícia Universidade Católica (PUC-RJ), Dom Augusto, que também é médico, lembra que, em seus últimos dias, o papa João Paulo 2o tomou a decisão de não mais ir ao hospital para se submeter a meios desproporcionais de tratamento. Na ocasião, a doença já tinha evoluído de tal maneira que permanecer ligado aos aparelhos apenas prolongaria seu sofrimento físico e moral. ""No suicídio assistido, você mata a pessoa. Na ortotanásia, a exemplo do que aconteceu com o santo padre, você não consegue impedir a morte dela. São duas coisas completamente diferentes"", enfatiza Dom Antônio. Quanto a Carlos Heitor Cony, embora diga que, da vida, só espera a morte, ele já trabalha em dois novos livros: Missa para o Papa Marcelo e Cinco Prudentes Virgens, ambos sem previsão de lançamento.",https://g1.globo.com/bemestar/noticia/o-tabu-do-suicidio-assistido-no-brasil-morte-digna-ou-crime-contra-a-vida.ghtml,,Por BBC,tv_celebridades,16/02/2017 09h38,news,fakebr:920,fakebr
595,"Lobão, em nova carta, diz que previa a falta de respostas de Chico, Caetano e Gil. Texto publicado no Facebook do músico, segundo ele mesmo explica, complementa o primeiro que foi divulgado na semana passada.  Lobão mantém a ideia de debater com os medalhões da MPB. Depois de publicar uma carta aberta endereçada a Gilberto Gil, Caetano Veloso e Chico Buarque, e ficar praticamente sem resposta, o músico resolveu agir de novo. Publicou mais uma carta – maior do que a primeira, diga-se de passagem –, na sua conta do Facebook. + Lobão lança disco e livro, mas diz sofrer boicote político ao não conseguir marcar shows No texto, Lobão abre seu fluxo de pensamento endereçando-se diretamente à ausência de manifestações por parte dos três. Gil disse não ter lido a primeira carta, mas que aceitava o pedido de perdão. Chico se manifestou afirmando que não tinha a intenção de ler. Caetano, fora do País, não se pronunciou. “Saliento comovido e contente o meigo e solitário depoimento de Gil ao aceitar as minhas desculpas. Contudo, se Gil se dispusesse a ler o texto com atenção constataria que o cerne da questão gira em torno de um outro intento: uma convocação”,escreve Lobão. “Chico deixou bem claro que sequer se interessara em ler a mensagem quanto mais respondê-la e Caetano adotou uma atitude evasiva eximindo-se de qualquer manifestação a respeito.” Ele continua: “Pois bem, apesar desse comportamento um tanto lacônico por parte de vocês três, sou forçado a constatar que a carta causou um forte impacto entre oposicionistas , governistas , populares , isentões e intelectuais dos mais variados sexos, feitios e tamanhos.” + Análise: Lobão, uma celebridade indecisa que se colocou para o espancamento público Leia, abaixo, a carta na íntegra: Segunda carta aberta a Caetano, Gil e Chico Caros amigos, Há uma semana escrevi uma carta aberta a vocês e ,como já poderia prever, não houve nenhum sinal significativo de resposta . Saliento comovido e contente o meigo e solitário depoimento de Gil ao aceitar as minhas desculpas. Contudo, se Gil se dispusesse a ler o texto com atenção constataria que o cerne da questão gira em torno de um outro intento: uma convocação. Chico deixou bem claro que sequer se interessara em ler a mensagem quanto mais respondê-la e Caetano adotou uma atitude evasiva eximindo-se de qualquer manifestação a respeito. Pois bem, apesar desse comportamento um tanto lacônico por parte de vocês três, sou forçado a constatar que a carta causou um forte impacto entre oposicionistas , governistas , populares , isentões e intelectuais dos mais variados sexos, feitios e tamanhos. Reações que variaram entre o rejúbilo, o amor, a compreensão do meu gesto (era essa a minha meta) ,e o repúdio, a indignação e o desprezo( para o meu espanto!) sendo que nessa segunda categoria de reações descontroladamente apaixonadas , expressaram seu veemente protesto , tanto alguns muitos oposicionistas me criticando por ter “amarelado “ diante de “artistas vendidos”, como governistas explodindo de indignação por acharem o cúmulo dos cúmulos um nada como eu pleitear uma conversa com o Olimpo “da nossa MPB. A que ponto chegamos, não é verdade? Entretanto, nutrido pelos sinceros sentimentos que me guiam somados a uma necessidade premente de esclarecimentos e mudanças, não somente na mentalidade como também nos desígnios políticos em que se enredou a nossa classe, retorno ao teclado do computador para redigir-vos mais um insistente apelo. Optarei , como recurso didático e adequado para essa ocasião , adotar a abstrata condição de nada. Portanto, a partir de agora , me apresentarei assim: Muito prazer, meu nome é Nada . Ser Nada muito me convém para que meus motivos se ergam das névoas da dúvida. Ser o Sub do Mundo é uma condição que muito me convém para ser mais bem sucedido em mostrar a vocês três os absurdos , discrepâncias e cacoetes comportamentais que doravante exporei. Vou dividir meu carinhoso pito em duas partes: A primeira caberá a Caetano e Gil , a segunda a Chico. Prossigamos. Querido Gil , você ocupou o cargo de ministro da Cultura durante os oito anos da administração Lula e prossegue , na administração Dilma com forte penetração no ministério , pois o atual ministro Juca Ferreira é homem de sua inteira confiança tendo atuado como seu subordinado no tempo em que você foi o titular da pasta. Não sei se é apenas uma estranha coincidência, mas foi exatamente durante todo esse período que as perversidades e aberrações da Lei Rouanet começaram a pulular em total descontrole. Foi aí inaugurada a era em que artistas consagrados com grande nicho de público e mercado , começaram a pautar seus eventos , shows , projetos , discos e DVD por intermédio de subvenção de incentivos hospedados no bojo dessa lei , transformando o mainstream cultural num antro de parasitas , chapas-brancas e castrados de opiniões confiáveis. Essa lei proporcionou que a criação artística decrescesse a níveis alarmantes pois os tais editais dos quais se extrai a grana dos medalhões privilegiam as enfadonhas comemorações de aniversários de carreira , reuniões insólitas entre aristas improváveis , homenagens pouco sinceras a astros falecidos , festas sem algum sentido real de se comemorar e outras chicanas lamentáveis para justificar o uso do dinheiro público. Para piorar a situação , como se isso só não bastasse, esse grupo de parasitas passa a atuar como um grupo de ardentes defensores do governo. É a Era do Artista Chapa-Branca. Uma era a ser esquecida. Imagine você , Gil, faça um exercício de alteridade e experimente o meu espanto em saber um ministro da Cultura ter um camarote no carnaval de Bahia subvencionado com uma grana possante da lei Rouanet ! Isso , definitivamente não é bonito . E para agravar a situação , é de se prever que artistas periféricos sem a metade de seu talento se estimulem e muito em se lambuzar nesse mesmo estilo sem o menor prurido de consciência , não é mesmo? Quanto a você , Caetano , pilotando uma outra desastrosa escaramuça temos o Procure Saber capitaneado por sua esposa , arregimentando algumas dezenas de artistas a impor goela abaixo , a toque de caixa , uma lei absurda que estatiza os direitos autorais aprovada com uma celeridade inexplicável extraída dos parlamentares diante daquele decadente espetáculo no Congresso Nacional protagonizado por nada mais nada menos que Roberto Carlos cercado de uma plêiade de artistas circunstantes . Roberto que aceitou ser anexado ao grupo em troca de vossas presenças , Caetano Gil e Chico na defesa a censura das biografias não autorizadas . Isso também não é bonito E o resultado disso? Se vocês ainda não sabem, procurem saber! A lei que estatiza os direitos autorais designando ao ministério da Cultura o controle das entidades de arrecadação, provocou uma decréscimo dramático na arrecadação de mais de 350mil autores, compositores e músicos em todo o Brasil. Sem falar das demissões em massa de funcionários no ECAD e nas Associações de músicos e compositores. Eu tenho aqui comigo os dados e se vocês tiverem maior interesse, posso mostrá-los com mais detalhes assim que vocês o desejarem. E é como Nada que me dirijo a vocês, como um anônimo entre esses autores e músicos que tocam nos bares , botequins , churrascarias , quermesses , puteiros e coretos , como par desses artistas que estão apartados de grandes eventos , que não têm acesso a leis de incentivos , que não são residentes de trilhas de novelas de grande emissoras , que não contam com o beneplácito dos editorias de cultura dos jornais...É como um Nada amalgamado àqueles que não fazem parte de cortes de subservientes a posar como um entorno cenográfico de coronéis da canção que profiro um apelo angustiado : Seria plausível vocês reverem suas posições quanto a essa lei de direitos autorais e nos ajudar a revogá-la? Ainda é tempo . O STF está analisando nosso pedido de revisão e o relator é o Ministro Fux . Seria lindo nos aliarmos nesse momento de tamanha gravidade . Seria mais lindo ainda derrubar a Lei Rouanet como vigora e tentarmos direcionar seus benefícios àqueles que realmente dela precisam(Sou o Nada mas , mesmo nessa hipótese continuaria a não me incluir como beneficiário). Seria muito triste vocês , que tanto fizeram pela música e a cultura brasileiras , se resumissem , se reduzissem já entrados nos seus setenta anos , como ícones de uma era vergonhosa , como defensores de um governo execrável , incompetente, corrupto , criminoso . É disso que estou falando . Ainda há tempo ! Só o perdão liberta ! Posso dizer de coração , uma vez que vim a público vos pedir o meu . O arrependimento lhes concederá uma verdadeira bênção , podem crer. Chico , te deixei por último , longe de ser o menos , pois hei de fazer aqui uma ressalva em sua defesa por ter sabido através de uma amiga em comum ser você contrário a utilizar pessoalmente da Lei Rouanet e perceber , até onde posso conceber o que é justiça , não ser você responsável por aparentados seus nem mesmo o diretor que fez um filme sobre sua obra , todos estes , maiores de idade , serem beneficiários dos incentivos da dita-cuja. Se isso realmente procede , preciso de dar-lhe meus parabéns “localizados”. Localizados sim , pois gostaria muito de ampliá-los ao resto de sua conduta , no entanto é na clave da tristeza e da angústia o diapasão que domina todo o restante da minha mensagem . Caro Chico , você já tem 50 anos de vida pública , pelo menos . Com a sua inteligência e talento é de assustar sua impermeabilidade diante da falência absoluta de suas crenças ideológicas . E por isso mesmo , um exemplo vivo do modelo do intelectual brasileiro a viver na infâmia da delinquência intelectual . Se todos nós concordamos que toda a ditadura é algo injustificável , mais injustificável ainda atacar uma ditadura defendendo outra e é exatamente assim que você agiu no período da ditadura militar e vem assim se jactando imune a dúvidas no transcorrer de todas essas décadas . Para deixar escancarada a minha angústia , gostaria de invocar um Nelson Rodrigues descendo do céu em que atualmente habita , com seu olhar sampaco , suas bochechas ondulantes , com as mãos apoiadas nos cotovelos a dirigir-lhe entre baforadas de Caporal Amarelinho uma súplica daquelas , rodrigueanas...algo como : Chico Buarque , só o perdão liberta ! Encha de ar vossos pulmões e brade forte e alto como jamais outrora ousara bradar dirigindo-se contrito ao povo brasileiro : Povo brasileiro , me perdoe. Me perdoe por ignorar seu descontentamento , suas desgraças e sua legitimidade em protestar contra esse governo criminoso. Me perdoe por aviltá-lo chamando de golpista toda uma nação genuinamente enfurecida. Me perdoe povo brasileiro por ser um charlatão em posar contra uma ditadura militar e ser amigo durante todos esses anos de um dos maiores ditadores genocidas da história , Fidel Castro. Me perdoe , povo brasileiro por defender o indefensável , por interferir com o meu prestígio logrando a confiança que milhões de brasileiros depositaram em meu chamado , por defender uma presidente que beira a demência , por defender um psicopata que anseia se perpetuar no poder através do crime , do suborno e da falcatrua. Me perdoe , povo brasileiro por defender uma organização criminosa como nunca dantes na história da humanidade ocorreu aqui em terras brasileiras e que é dirigida pelo Foro de SP tendo como os irmãos Castro centro de todas as ações criminosas perpetradas em toda América Latina. Me perdoe por ser leniente com narco ditaduras como a Venezuela e a Bolívia , com seus milhares de assassinatos e presos políticos , por esse regime brega , retrógrado , autoritário e cafona que é o bolivarianismo. Me perdoe , povo brasileiro por ser cúmplice de toda essa ignonímia , e por isso mesmo , carregar minhas mãos respingadas com o sangue desses incontáveis que tombaram sob o jugo de assassinos . Me perdoe , povo brasileiro por ser eu , um mimado por uma corte de intelectuais flácidos ao meu redor me tornando imune a qualquer drama de consciência e insistir em subscrever um ideário comunista que tem sob seu manto a opacidade dos medíocres , cujo o único brilho que emana de seus anseios é o da inveja , da revanche e do ódio . Enfim , povo brasileiro, me perdoe por te trair.” Desincorporando Nelson e retornando a minha condição de Nada , de Sub-do-Mundo quero terminar essa carta ressaltando mais uma vez esse momento terrível que o Brasil está passando , as nossas responsabilidades diante desse momento e de nossa boa vontade independente de quais lados nos posicionemos , esperando que as linhas desse Nada que vos escreve possam fazer alguma diferença (para melhor) nesse impasse a nos envolver. E que elas tenham alguma chance real com a vossa determinante ajuda , em contribuir para um Brasil mais adulto , mais justo e mais unido. Um forte abraço. LOVE , LOVE , LOVE Lobão (SP, 3 de abril de 2016)","http://cultura.estadao.com.br/noticias/musica,lobao--em-nova-carta--diz-que-previa-a-falta-de-respostas-de-chico--caetano-e-gil,10000024906",,O Estado de S.Paulo,tv_celebridades,05 de abril de 2016,news,fakebr:595,fakebr
3172,"Como o presidente do Peru se salvou de um impeachment que parecia quase certo. Acusado de receber propina da construtora brasileira Odebrecht enquanto era ministro de estado, em meio ao menor nível de popularidade de seu governo e com apenas 18 congressistas em um Parlamento de 130, Pedro Pablo Kuczynski sobreviveu quase que por um milagre..  Como em um ""perdão de Natal"" dado a presos condenados, o presidente do Peru, Pedro Pablo Kuczynski, escapou de ser afastado do cargo pelo Congresso do país. Sua saída parecia iminente: eram necessários 87 votos para a destituição em um Parlamento com 130 membros, no qual apenas 18 integram o partido do presidente. No último minuto, porém, um grupo parlamentar de esquerda, crítico do governo, decidiu deixar o Congresso sem votar. Ainda mais surpreendente é que a posição até então unificada do fujimorismo - grupo ligado às políticas e à ideologia do ex-presidente Alberto Fujimori e que lidera o principal partido da oposição, o Força Popular - foi quebrada. Isso porque membros-chave do partido não apoiaram a destituição de Kuczynski. Foram 79 votos a favor da vacância, 19 contra e 21 abstenções. O resultado surpreendeu porque, apenas uma semana antes, 93 deputados colocaram a corda no pescoço do chefe de Estado ao aprovar o pedido de destituição sob a acusação de ""incapacidade moral"". Mas então o que motivou esse perdão no último minuto? ""A Constituição e a democracia estão sob ataque. Estamos diante de um golpe disfarçado de interpretações legais supostamente legítimas"", afirmou Pedro Pablo Kuczynski em uma mensagem transmitida pela TV na noite de quarta-feira. Poucas horas depois, o presidente foi ao Congresso para se defender antes do início do debate sobre sua destituição. Com apenas 17 meses no cargo (de um período total de cinco anos), ele parecia estar com o afastamento garantido. Além da sua pequena representação parlamentar, Kuczynski chegou ao menor nível de popularidade de sua administração: apenas 18% dos peruanos o apoiam, de acordo com o instituto de pesquisas Ipsos. A acusação que levou ao pedido de vacância do cargo é a mesma que havia derrubado vários políticos influentes da região: receber dinheiro da empreiteira brasileira Odebrecht para favorecê-la em licitações estatais. O partido Força Popular, que controla 71 assentos no Congresso peruano, revelou em 13 de dezembro que a empresa Westfield Capital, de propriedade de Kuczynski, recebeu dinheiro da construtora brasileira quando o atual chefe de Estado era ministro do ex-presidente Alejandro Toledo (2001-2006). Por causa da suspeita de que esse contato, que ocorreu há mais de uma década, implicasse corrupção, foi iniciado um processo rápido de afastamento que, em apenas oito dias, poderia levar à troca na Presidência e, com isso, mudar a história do país. Para evitar uma destituição que parecia certa, Kuczynski usou uma estratégia arriscada na mensagem que transmitiu à nação na véspera. Ele disse que, se fosse afastado, seus vices também renunciariam, o que deixaria o país nas mãos do presidente do Legislativo. Segundo a Constituição, o titular do Congresso deveria convocar novas eleições. ""Foi assim que o presidente deu a última cartada"", disse à BBC Mundo, o serviço em espanhol da BBC, o cientista politico local Fernando Tuesta. A possibilidade de uma eleição geral que implicaria também em novas eleições parlamentares pode ter desencorajado legisladores a apoiar o afastamento de Kuczynski. ""O desenho constitucional peruano é de correspondência, o que significa que o Congresso e o Executivo têm o mesmo prazo, do início ao fim"", acrescenta Tuesta, ex-chefe do Escritório Nacional de Processos Eleitorais. Alguns congressistas de bancadas de esquerda, que uma semana atrás aprovaram debater a destituição, se abstiveram de apoiá-la frente ao novo cenário. O presidente do Congresso faz parte do Força Popular, o movimento de Keiko Fujimori, filha do ex-presidente Alberto Fujimori, condenado por corrupção e crimes contra a humanidade. ""Esse cenário abriu os olhos da esquerda"", observa o analista político Juan Carlos Tafur. ""Kuczynski levantou a possibilidade de o fujimorismo praticamente controlar o país, e os movimentos de esquerda mudaram de opinião para apoiar sua permanência no cargo"", afirma Tafur. Diversas organizações sociais e movimentos de cidadãos marcharam nos últimos dias em repúdio à possibilidade de vacância da Presidência - não tanto por acreditarem na inocência do presidente, mas por defenderem o respeito às normas da democracia. Os congressistas de oposição são criticados por promoverem uma ""vacância express"", sem dar tempo e oportunidade para Kuczynski se defender adequadamente. O Força Popular também sofreu uma ausência significativa. O congressista Kenji Fujimori, irmão de Keiko, decidiu não apoiar o impeachment de Kuczynski. ""A previsão é de turbulência política em detrimento da população"", disse o mais novo dos Fujimori em um vídeo que compartilhou em suas redes sociais. Em frente às câmeras de TV, era evidente a tentativa de integrantes da Força Popular de convencê-lo a mudar de posição. Durante o curto intervalo de tempo entre o pedido de impeachment e o debate sobre o tema, houve negociações políticas desesperadas e intensas para garantir apoio de um e outro lado. ""As negociações devem ter envolvido ofertas políticas concretas, como fazer parte de um novo gabinete ministerial"", diz Tafur. Mas o que foi negociado exatamente é uma questão ainda sem resposta. Após as 23h, 14 horas depois de iniciados os trabalho do Congresso peruano, o placar eletrônico terminou com um angustiante jogo de somas e subtrações. Apenas oito votos de diferença impediram a queda do presidente. Pedro Pablo Kuczynski continuará no cargo, mas isso não significa que seus problemas acabaram. A verdade é que talvez eles fiquem ainda mais complexos. ""Superar o afastamento com uma margem pequena não deixa o presidente fortalecido"", afirma o cientista politico Fernando Tuesta. ""Para sobreviver daqui em diante, ele deverá enfrentar a oposição com outra atitude, com mais firmeza"", acrescenta o analista. Na mensagem transmitida ao país antes da votação, o presidente confrontou o fujimorismo como ainda não havia feito em toda a sua gestão. Ou seja: o ano novo traz presságios de aumento da tensão entre Executivo e Legislativo. No entanto, o ditado ""o que não mata, fortalece"" não se aplica à imprevisível política peruana. Apenas dez dias atrás, ninguém teria suspeitado de um cenário de afastamento do presidente na véspera do Natal. E o fato de Kuczynski ter mantido o posto não interrompe as investigações que o Congresso faz sobre sua ligação com a empreiteira - procurada pela BBC Brasil antes da votação, a Odebrecht Peru informou que ""não fará comentários sobre tema"".",https://g1.globo.com/mundo/noticia/como-o-presidente-do-peru-se-salvou-de-um-impeachment-que-parecia-quase-certo.ghtml,,Por BBC,politica,22/12/2017 10h51,news,fakebr:3172,fakebr
23,"Projeto que enfraquece Lei da Ficha Limpa ganha apoio no Congresso

Proposta é bem aceita por muitos parlamentares investigados na Lava Jato. Líderes que representam 15 partidos assinaram requerimento de urgência.

No Congresso, um projeto que pode enfraquecer a Lei da Ficha Limpa recebeu apoio de vários partidos, muitos com políticos investigados a Lava Jato.

O projeto do deputado Nelson Marquezelli, do PTB. O requerimento para votar com urgência recebeu a assinatura de líderes que representam 15 partidos, entre eles, PMDB, PT, PP, DEM, PTB e PCdoB.

A Lei da Ficha Limpa entrou em vigor em 2010, depois da mobilização de entidades contra a corrupção. O projeto de iniciativa popular reuniu mais de um milhão de assinaturas.

Na prática, a ficha limpa começou a valer em 2012, quando foram realizadas as primeiras eleições depois da criação da nova lei. Ela prevê que um condenado em segunda instância não pode se candidatar.

Em um julgamento recente, em outubro, o Supremo Tribunal Federal decidiu por seis votos a cinco aplicar a ficha limpa também para os políticos eleitos antes da lei, portanto, antes de 2010.

Durante o julgamento, prevaleceu o voto do ministro Luiz Fux, para quem o prazo de inelegibilidade não é uma punição para o político condenado, mas uma condição de moralidade.

Com o entendimento do Supremo, o candidato ficha suja vai ser barrado das eleições sem levar em conta prazos. Foi essa decisão do Supremo que mobilizou os partidos.

Como mostrou a colunista Lydia Medeiros, do jornal “O Globo”, o entendimento do STF pode levar à cassação de centenas de mandatos de políticos eleitos em 2014 e 2016.

Pela conta dos parlamentares, a decisão do STF pode atingir 40 prefeitos, dois deputados federais e mais de 200 vereadores.

Marquezelli diz que o objetivo do projeto é evitar que a retroação seja de tal intensidade que comprometa a segurança jurídica, a soberania popular, a coisa julgada, além de todas as consequências sociais, financeiras e políticas daí decorrentes.

Nelson Marquezelli responde a um inquérito no Supremo por suspeita de corrupção passiva.

O líder do PT defende o projeto.

“Esse projeto não mexe na Lei da Ficha Limpa, ele só mexe nesse entendimento de que os possíveis crimes cometidos antes da Lei da Ficha Limpa devam ter uma punição diferente daquela que era prevista na lei daquela época. Portanto, nós somos contrários a punir duas vezes a mesma pessoa pelo mesmo crime”, disse Carlos Zarattini (PT-SP).

O deputado Miro Teixeira, da Rede, afirma que o projeto é um retrocesso que compromete ainda mais a imagem da Câmara.

“Vai ser um passo atrás. A rigor vai ser um estímulo à impunidade. E sempre que aumenta a impunidade nas esferas mais elevadas da administração pública, acaba aumentado a sensação de impunidade do criminoso comum, aumenta o crime na rua. Uma coisa está muita vinculada à outra”, explicou.

Chico Alencar, do PSOL, disse que o mínimo que se pode exigir de um candidato é ter ficha limpa.

“Isso não é prisão, não é castigo, é apenas fazer valer um critério que está na Constituição na vida pregressa, ética e ilibada para ocupar cargo eletivo. Então, é uma questão de Justiça. Se houver prejudicados, paciência, há muitos brasileiros capazes de ocupar cargos de vereador, de governador, de prefeito e de deputado”, disse.

O presidente da Câmara disse que coloca o projeto em votação, se essa for a vontade da maioria dos líderes. Eles terão uma reunião na semana que vem. Rodrigo Maia nega que o projeto pretenda mudar a Lei da Ficha Limpa.

“O projeto não está alterando a Lei da Ficha Limpa, não é isso que está escrito. Ele está tratando o caso específico para a lei não retroagir, é disso que trata o tema. Se está certo ou errado é outra discussão. Ele, de forma nenhuma, mexe na Lei da Ficha Limpa”, disse Maia.

O ex-presidente do Supremo Ayres Britto afirma que não se pode desconsiderar a vida pregressa dos candidatos.

“Não confundir as coisas, nós estamos cuidando de direitos políticos. Quando a Constituição proíbe a retroação da lei penal está protegendo o indivíduo. Aqui nós estamos cuidando de direitos políticos porque o indivíduo presenta a si mesmo, fala por si, ao passo que o candidato tem a pretensão de representar toda uma coletividade, de ser porta-voz de todo o povo. Então, a Constituição exige muito mais do candidato para que ele tenha uma vida passada isenta de senões ou infringências à lei da improbidade administrativa. É de ser mesmo inelegível quem tem uma biografia, uma vida passada eticamente enlameada. Quem vive num lodaçal ético... chega a ser atrevimento postular uma candidatura para representar o povo”.",http://g1.globo.com/jornal-nacional/noticia/2017/11/projeto-que-enfraquece-lei-da-ficha-limpa-ganha-apoio-no-congresso.html,,,politica,10/11/2017,news,fakebr:23,fakebr
1503,"O presidente dos Estados Unidos, Donald Trump, afirmou que o ataque a tiros que deixou 26 pessoas mortas numa igreja no Texas no domingo, é uma questão de “saúde mental” e o acesso às armas nos EUA não é o problema. Ele também enviou suas condolências aos parentes das vítimas e ressaltou que os EUA “sempre são mais fortes quando estamos unidos”. Se o diagnóstico for certo, seu autor e propagador tem cometido graves erros. De acordo com o despacho da correspondente do Estado , Cláudia Trevisan, as vítimas frequentavam a Primeira Igreja Batista de Sutherland Springs, comunidade de 640 habitantes a 50 quilômetros  de San Antonio. O número de mortos representa 4% da população local. Outras 20 pessoas estão em hospitais da região com ferimentos de distinta gravidade. Segundo a polícia, a idade dos mortos varia de 5 a 72 anos. Salta da frase do republicano a evidência de que ele pretendeu, em primeiro lugar, descaracterizar a chacina como ato terrorista e, em segundo lugar, desconectá-lo da possibilidade de ter resultado da liberdade que qualquer  cidadão tem de adquirir armas de fogo no país. Feita no Japão, no outro lado do mundo, contudo, a frase só expressa mesmo a indiferença do chefe de governo da maior potência militar, política e econômica do planeta à morte dos cidadãos, que são o núcleo e a essência da democracia, sob cuja vigência atuam governo e sociedade civil com regras de convívio estabelecidas desde a chamada Revolução Americana, realizada, assim como a Revolução Francesa, no século 18, mas de natureza completamente oposta a esta. Hoje há até mesmo uma tendência dos historiadores e cientistas políticos a marcar uma diferença fundamental entre ela e a Inglesa, do século 17, de um lado, e, de outro, a citada na França e a da Rússia, cujo centenário não foi celebrado na pátria-mãe do socialismo no dizer de Stalin, mas o está sendo por comunistas do resto do mundo. A insensibilidade do bilionário Trump na chefia da nação foi várias vezes citada em episódios como o da viúva do herói de guerra, que detectou não ódio, mas algo do mesmo gênero – descaso e desinteresse –, no telefonema que o inquilino da Casa Branca lhe deu para, em tese, lamentar a terrível perda. Nem por isso convém desperdiçar a oportunidade de notar e registrar que a forma como o presidente combate o terrorismo é absolutamente inadequada, seja no quesito direitos humanos, seja na eficácia dos métodos empregados para deter o passo dos inimigos. O mais gélido dos chefes de governo – mas não ele – daria mais valor à perda de vidas humanas do que à natureza do atentado que as vitimou. Há algo que, certamente, escapa à percepção monolítica do mais poderoso político mundial. O assassínio dos ciclistas em Manhattan foi de inspiração terrorista fanática e, como tal, assusta muito, pois demonstra a fragilidade das defesas de uma potência como a americana em relação a esse tipo de prática suicida de inspiração religiosa fundamentalista. Outra coisa é a atitude tresloucada do atirador do Texas, um veterano de guerra, em mais uma demonstração do efeito arrasador das intervenções militares americanas no planeta sobre a população do país. O resultado de ambas, contudo, é devastador, seja pela loucura, seja pelo fanatismo. E o aspecto espetaculoso de chacinas sempre produz um efeito cascata macabro. Quando comentei no Jornal Eldorado o atentado contra a ciclovia em pleno centro da metrópole das metrópoles, cosmopolita por definição e natureza, critiquei duramente a reação, que considerei inábil e inadequada, de Donald Trump reforçando a ideia de que o melhor caminho para combater o terrorismo é a retaliação, o olho por olho, dente por dente da Bíblia, a lei de talião. Muita gente me criticou mais duramente em respostas nas redes sociais, dizendo que ele está certo e que há que ser duro com o terror. É claro que há que ser duro contra o terror, mas não ser duro de forma indiscriminada contra todos os cidadãos muçulmanos,  porque o terror mais comum pode até ter hoje inspiração fundamentalista muçulmana, mas não é só por isso e nem sempre foi assim. O atentado terrorista de um nacionalista sérvio provocou a 1;a Grande Guerra Mundial. Os separatistas bascos aterrorizaram a Espanha por anos. Albert Camus escreveu textos antológicos e atuais contra o terror anticolonialista de sua pátria, a Argélia. A retaliação proposta por Trump é estulta por isso tudo e também porque – repito o que disse na rádio e por isso fui repelido – ela parte da ignorância da situação. E joga, sim, gasolina na fogueira. O correto é ser duro contra o terror, mas sem abrir mão da tolerância religiosa, da liberdade individual e de outras conquistas da civilização ocidental. Os ventos fortes que o governo Trump está plantando têm produzido de volta tempestades que atingem cidadãos americanos aleatoriamente, seja por novos atentados terroristas, seja produzidos por loucura pessoal. Não venho aqui afirmar: eu avisei. Apenas reforçar minha opinião de que a truculência covarde do terrorismo aleatório não será contida com a incompetência aleatória de quem usa como arma de guerra apenas o “quem com ferro fere com ferro será ferido”. Acho também que as condenações que recebi por ter criticado Trump podem dar uma excelente oportunidade para discutirmos essa onda de direita radical que toma conta da política brasileira, como nunca antes tinha acontecido no País. E ela leva ao paroxismo de uma nostalgia da ditadura militar, que sempre chamo de longa noite do arbítrio. Tive oportunidade de ver análises objetivas, tranquilas e lúcidas  produzidas sobre o tema por Fernando Gabeira em seus artigos neste Estado na sexta-feira e no Globo de domingo. Ele mostrou como a insensatez populista, oportunista e criminosa do PT de Lula e Dilma terminou produzindo uma reação inusitada no lado oposto do espectro ideológico por uma direita cega, vingativa e muito pouco inteligente. Domingo tive a oportunidade de ver na GloboNews que essa direita pouco afeita à lógica e à leitura chama de globolixo , um debate esclarecedor no programa de debates Painel , apresentado por William Waack e com a participação dos intelectuais Roberto Romano e Luiz Felipe Pondé, filósofos, e Luiz Sérgio Henriques, tradutor de Antonio Gramsci, o italiano que fez a cabeça dos comunistas brasileiros dos anos 40 aos 60. Aconselho que esquerdistas, direitistas e liberais lúcidos (que os há) o procurem no Google para assistir e se informar. Aprendi muito no debate. Em seguida, tive a oportunidade de ver, no mesmo canal, um documentário sobre a brutalidade com que os ditadores militares brasileiros dizimaram, sem nenhum motivo justo ou até lógico, um dos poucos exemplos de capitalismo bem-sucedido nestes tristes trópicos, a Panair do Brasil. Essa  obra nefasta do regime autoritário tecnocrático militar levou 5 mil famílias brasileiras ao desemprego. A ditadura reprimiu, torturou e derramou sangue de inimigos e de inocentes. É lamentável que ainda haja quem tenha saudade disso, como se fosse a panaceia para os males trazidos à sociedade brasileira por filhos dessa própria ditadura. E também que tenha, neste momento de paroxismo da violência e da decadência do Rio levado à disputa da prefeitura daquela cidade em segundo turno por fenômenos da utopia regressiva religiosa de Crivella e da outra do legado revolucionário obsoleto e ineficiente de Freixo. Agora as pesquisas aparecem com a repetição desse mesmo antagonismo apontando um falso, mas perigoso, momento decisivo entre Lula e Bolsonaro. O caminho para escapar dessa assustadora fuga pelo regresso está no abandono da egolatria e da estadolatria e no avanço da sociedade na solução dos problemas, que são imensos. Lembro, como fez Luiz Sérgio Henriques no Painel , o exemplo luminoso do dirigente Lula Maranhão, do Partido Comunista Brasileiro, propondo e fazendo profícuo e democrático diálogo com e entre os cardeais dom Eugênio Sales, conservador do Rio, e dom Paulo Evaristo Arns, progressista de São Paulo. A diferença mais notória entre a ditadura e hoje é que agora temos violência nas ruas e corrupção na máquina pública. Na ditadura também havia crime comum, mas associado ao pior de todos, a truculência do Estado. O exemplo da Panair, lembrando na canção Conversando no Bar , de Milton Nascimento e Fernando Brant, é apenas um. Os que ora sonham com esse inferno feito paraíso não sabem porque não viveram ou porque, se testemunharam, não ficaram sabendo, por causa da mão pesada da censura.",http://politica.estadao.com.br/blogs/neumanne/pane-mental-no-texas/,,José Nêumanne,tv_celebridades,06 de novembro de 2017,news,fakebr:1503,fakebr
148,"Alexandre de Moraes propõe ao STF restrição menor ao foro privilegiado

STF analisa alcance do foro. Relator, Barroso propôs manter em crimes praticados no mandato e relacionados ao cargo; Moraes defendeu que mesmo os não ligados à função fiquem na Corte.

O ministro do Supremo Tribunal Federal (STF) Alexandre de Moraes propôs nesta quinta-feira (23) um critério alternativo para limitar o foro privilegiado de políticos que respondem a processos na Corte.

O foro por prerrogativa de função, o chamado ""foro privilegiado"", é o direito que têm, entre outras autoridades, presidente, ministros, senadores e deputados federais de serem julgados somente pelo Supremo.

Mas está em discussão no Supremo o alcance do foro privilegiado.

Ao apresentar o voto no julgamento, nesta quinta, Moraes defendeu que sejam investigados e processados no Supremo deputados e senadores que praticaram crimes durante o exercício do mandato.

O ministro propôs, ainda, que permaneçam na Corte ações de políticos sobre crimes não ligados ao mandato.

O critério apresentado por Moraes é menos restritivo que o sugerido no voto do relator, Luís Roberto Barroso, que propôs que só fiquem na Corte processos de políticos que praticaram crimes durante o exercício do mandato e, ainda, relacionados ao cargo.

Entenda a diferença

Na prática, a proposta de Barroso, seguida pela maioria dos ministros, tira do STF e leva para a primeira instância acusações contra parlamentares por crimes como homicídio, violência doméstica e estupro, por exemplo, desde que não ligados ao cargo.

Para Moraes, mesmo esses crimes, ainda que sem relação com o cargo, mas se cometidos durante o exercício do mandato, devem ser julgados pelo STF.",https://g1.globo.com/politica/noticia/alexandre-de-moraes-propoe-ao-stf-restricao-menor-ao-foro-privilegiado-para-politicos.ghtml,,Renan Ramalho,politica,23/11/2017,news,fakebr:148,fakebr
298,"PMDB ataca trama para tirar Temer do poder. Sem citar delatores e nem o ex-procurador-geral Rodrigo Janot, o presidente diz, em propaganda partidária, que ""a verdade é libertadora"".  BRASÍLIA - Na série de filmes gravados para a propaganda partidária do PMDB, que começarão a ser veiculados a partir da noite desta quinta-feira, 16, o partido escolheu atacar a ""trama"" que supostamente foi armada para tirar o presidente Michel Temer do poder . Além de, pelo menos, 11 vídeos de 30 segundos que estarão em inserções diárias, o partido também trará o mote de que a ""trama foi vencida"", no programa do dia 28, que terá dez minutos de duração. Nas inserções que começam a ser veiculadas nesta quinta, o presidente aparece em uma delas, reforçando a ideia de que tentaram tirá-lo do poder, envolvendo-o em uma trama mentirosa. Sem citar diretamente os delatores da JBS e nem o ex-procurador-geral Rodrigo Janot, o presidente diz que ""a verdade é libertadora"" . ""E não só nos livra das injustiças como nos dá ainda mais força de vontade e coragem para seguir em frente, é isso que vamos fazer com muita convicção, porque agora é avançar"", afirma ele, reforçando o slogan do governo federal. +++ Tribunal deve julgar hoje prisão de Picciani, Melo e Albertassi O vídeo de 30 segundos começa com uma narradora afirmando que ""entre todas as perseguições feitas contra o presidente Temer, houve uma que foi além, ultrapassou dos limites. A trama foi desmontada, a verdade venceu"". Há outro vídeo que ataca mais diretamente a ""trama"" que o PMDB argumenta ter sido montada contra Temer. A peça começa com uma reportagem da revista Veja, com a foto de Janot e a frase de Joesley Batista ""eles querem f.... o PMDB"". A reportagem destaca o áudio de Joesley Batista em que ele diz que Janot queria ser presidente da República. ""Nada nem ninguém pode acabar com 50 anos de história, cinco décadas de luta, meio século de conquistas, mais que um partido, somos uma força, um ideal, um movimento que faz o Brasil seguir em frente"", diz o narrador. Há também um vídeo que relembra a história do partido e destaca que ""o movimento"" que consta na sigla PMDB agora é pelas reformas . Economia. Os vídeos do PMDB também vão destacar que o governo do presidente Michel Temer ajudou na recuperação da economia e apesar de tentarem ""derrubar o presidente"", ""o Brasil está em pé"" . O presidente do Senado, Eunício Oliveira, aparece em uma das mensagens destacando que o ""diálogo"" ajudou que medidas importantes fossem aprovadas no Senado. ""Aprovamos medidas para recuperar a economia e trazer de volta os investimentos e empregos com carteira assinada"", diz. A senadora Marta Suplicy, que era petista, aparece em uma inserção dizendo que Temer assumiu o Brasil numa situação ""radicalizada e com a economia deteriorada"". ""E tem conseguido superar todas as adversidades, que não têm sido poucas"", diz. Marta destaca também a questão da economia: ""A crise está ficando para trás, há quanto tempo não tínhamos uma inflação e uma taxa de juros tão baixas"", ressaltando que ""não dá pra negar"" que as perspectivas de futuro são positivas. Presidente nacional do PMDB, senador Romero Jucá (RR) aparece reforçando a recuperação da economia e na inserção de 30 segundos não fala diretamente da ""trama"". Ele destaca indicadores econômicos, a retomada da indústria e o desempenho do agronegócio. ""Estamos no caminho certo, o Brasil está em pé"", diz.","http://politica.estadao.com.br/noticias/geral,pmdb-ataca-trama-para-tirar-temer-do-poder,70002086520",,"Carla Araújo, O Estado de S.Paulo",politica,16 de novembro de 2017,news,fakebr:298,fakebr
1538,"TSE rejeita pedidos da defesa de Dilma e Temer; saiba como foi a sessão desta terça. Tribunal retomou julgamento da chapa Dilma-Temer. Advogados de acusação e de defesa falaram e ministros analisaram 4 preliminares; votos serão dados nas próximas sessões..  O Tribunal Superior Eleitoral (TSE) rejeitou na noite desta terça-feira (6) quatro preliminares (questionamentos à regularidade do processo) apresentadas pelas defesas da ex-presidente Dilma Rousseff e do presidente Michel Temer no julgamento da ação que pede a cassação da chapa eleita em 2014. Após a rejeição dos quatro pedidos, o tribunal concluiu a sessão desta terça de julgamento da chapa, que será retomado na manhã desta quarta-feira (7), às 9h. Leia: As principais frases do julgamento da chapa Dilma-Temer no TSE Por unanimidade, os sete ministros da Corte negaram (leia mais abaixo os argumentos do relator para rejeitar as preliminares): A rejeição dessas preliminares possibilita que o julgamento prossiga em direção à análise das acusações do PSDB de abuso de poder político e econômico na disputa eleitoral de 2014. Se os ministros entenderem que as acusações são procedentes, Temer poderá ter o mandato cassado e Dilma ser impedida de se candidatar a novos cargos políticos por 8 anos. Entenda: Julgamento da chapa Dilma-Temer pode resultar em vários cenários; saiba quais Para esta quarta, está prevista a análise de outra preliminar, apresentada pelas defesas de Dilma e de Temer, que pede a eliminação de provas entregues pelos executivos da Odebrecht e pelos marqueteiros João Santana e Mônica Moura nos acordos de delação premiada. VEJA AS FOTOS: julgamento da chapa Dilma-Temer A rejeição das quatro primeiras preliminares foi recomendada pelo relator do processo, ministro Herman Benjamin, e aceita pelos outros 6 ministros da Corte: Napoleão Nunes Maia, Admar Gonzaga, Tarcísio Vieira Neto, Rosa Weber, Luiz Fux e Gilmar Mendes. Na primeira preliminar , Benjamin afirmou que o STF julga crimes comuns e que a Justiça Eleitoral não pode deixar de analisar ilícitos eleitorais. Na segunda preliminar , Benjamin considerou que a repetição de fatos em várias ações, nesse caso, não poderia levar à extinção delas. Na terceira preliminar , o relator entendeu que a perda do mandato de Dilma não leva à extinção da ação porque ela ainda está sujeita à pena de inegibilidade por 8 anos. Na quarta preliminar , Herman Benjamin rebateu os argumentos da defesa de que as testemunhas de defesa deveriam ser ouvidas sempre depois das testemunhas de acusação. Para o relator, a lei eleitoral não prevê uma ordem e o juiz pode ouvi-las quando considerar conveniente. Na parte inicial do voto, o relator Herman Benjamin disse que, como a ação investiga somente a chapa de Dilma e Temer, não teria como apurar também eventuais irregularidades cometidas pela campanha do candidato derrotado Aécio Neves (PSDB). Ao plenário, Benjamin ressaltou que a prática de caixa 2 (doações não contabilizadas) não começou quando o PT assumiu a Presidência, mas ressalvou que foi a partir de 2003 que a Polícia Federal e o Ministério Público ampliaram o poder de investigação. O ministro defendeu, ainda, a independência da Justiça Eleitoral no julgamento do caso. Na sequência, o relator defendeu a necessidade de uma reforma política, enfatizando que a proibição de empresas doarem para campanhas, aprovada em 2015 pelo STF, não vai, por si só, coibir novas irregularidades. Durante o voto, o presidente do TSE, Gilmar Mendes, chamou a atenção para o ineditismo do processo, no qual se investigou a fundo uma campanha presidencial. >>> MINISTÉRIO PÚBLICO O vice-procurador-geral eleitoral, Nicolao Dino, afirmou que a campanha eleitoral que elegeu Dilma e Temer em 2014 tinha como pano de fundo um "" fabuloso esquema de apropriação de empresas públicas "". Dino se manifestou pela cassação do mandato de Temer e pela inegibilidade de Dilma por 8 anos. >>> DEFESA DE TEMER O advogado Marcus Vinícius Furtado Coelho, que representa Michel Temer na ação, reforçou na tribuna do TSE o pedido para retirar do processo as provas entregues por ex-executivos da Odebrecht no acordo de delação premiada. >>> DEFESA DE DILMA O advogado de Dilma, Flávio Caetano, afirmou que um ""inconformismo"" com a derrota levou o PSDB a apresentar a ação que questionou a eleição presidencial de 2014. Na tribuna do TSE, o advogado argumentou que a primeira demonstração disso foi o pedido para auditar as urnas eletrônicas usadas no pleito, que não levou à comprovação de fraudes na votação. >>> PSDB O advogado do PSDB, partido que pediu a cassação da chapa Dilma-Temer, Eduardo Alckmin, defendeu a manutenção das provas entregues por ex-executivos da Odebrecht no processo que investiga a campanha de 2014. Assista abaixo a alguns vídeos do julgamento da chapa Dilma-Temer nesta terça: Herman Benjamin: Gilmar Mendes: Gilmar Mendes: Ministro Herman Benjamin: Advogado de Temer: Advogado de Dilma: Advogado do PSDB: Ministério Público Eleitoral:",https://g1.globo.com/politica/noticia/tse-rejeita-quatro-preliminares-propostas-pelas-defesas-de-dilma-e-temer.ghtml,,"Por Renan Ramalho e Fernanda Calgaro, G1, Brasília",politica,06/06/2017 22h10,news,fakebr:1538,fakebr
119,"Adversários de Lula assinam manifesto pró-candidatura de petista

Documento elaborado pelo ex-chanceler Celso Amorim recebe apoio de Chico Buarque e Noam Chomsky

A deputada estadual gaúcha Manuela D’Ávila (PCdoB) e o líder do Movimento dos Trabalhadores Sem Teto (MTST) Guilherme Boulos, possíveis adversários do ex-presidente Luiz Inácio Lula da Silva na disputa presidencial deste ano, assinaram um manifesto em defesa do direito do petista ser candidato a presidente em 2018.

Intitulado “Eleição Sem Lula é Fraude”, o documento elaborado pelo ex-ministro das Relações Exteriores do governo Lula Celso Amorim foi traduzido para o inglês, espanhol, francês e árabe e recebeu até terça, 2, o apoio de mais de 115 mil pessoas. Entre elas o cantor Chico Buarque de Holanda e o linguista e filósofo norte-americano Noam Chomsky. A meta é chegar a 150 mil assinaturas até o dia 24, quando o Tribunal Regional Federal da 4.a Região (TRF-4) vai julgar o recurso que pode tornar o petista inelegível.

Lula, que lidera as pesquisas eleitorais para a Presidência, foi condenado em primeira instância a 9 anos e 6 meses de prisão por corrupção passiva e lavagem de dinheiro no caso do triplex do Guarujá (SP). Ele alega inocência e recorreu ao TRF-4 contra a condenação. Se o tribunal mantiver a sentença o petista pode ficar inelegível com base na Lei da Ficha Limpa.

Manuela foi lançada pré-candidata a presidente pelo PCdoB. Boulos, que não é filiado a partido político, recebeu convite do PSOL para disputar a Presidência pela legenda. Ele tem até março para decidir se aceita o convite.

Ciro Gomes, pré-candidato pelo PDT, foi procurado por meio de sua assessoria de imprensa, mas não respondeu.","http://politica.estadao.com.br/noticias/geral,adversarios-de-lula-assinam-manifesto-pro-candidatura-de-petista,70002138208",,Ricardo Galhardo,politica,4/1/2018,news,fakebr:119,fakebr
3040,"Retrospectiva 2017: os principais fatos do ano em Alagoas. Mesmo com a redução no número de crimes, estado registrou um ano violento com assassinatos de políticos e atentado a bala até mesmo dentro de uma igreja durante cerimônia de casamento..  Aprovação em massa de estudantes de escola pública em universidades federais, reencontro em hospital de irmãos que não se viam há mais de 50 anos, água do Rio São Francisco ficando salgada por causa da seca, mortes durante temporal, assassinato de vereadores e grandes operações da Polícia Federal foram alguns dos assuntos mais marcantes do ano em Alagoas. O G1 listou algumas notícias publicadas entre janeiro e dezembro deste ano, em ordem cronológica, que chamaram a atenção dos leitores. Veja abaixo os fatos que marcaram 2017 em Alagoas: O ano de 2017 começou com tragédia em família. O delegado aposentado da Polícia Federal (PF) Milton Omena Farias foi morto a facadas pelo neto dentro de um condomínio no município de Paripueira. O jovem acreditava que o avó tinha sido responsável pelo assassinato da mãe dele, meses antes. Já em Limoeiro de Anadia, dois homens foram baleados dentro da igreja durante uma cerimônia de casamento. O responsável pelos disparos, Humberto Ferreira Santos, disse que foi motivado por vingança diante de uma briga entre as famílias. A iniciativa de educadores de uma escola pública que fica no município de Teotônio Vilela, no interior do estado, aprovou 31 alunos em universidades públicas . O bom desempenho foi graças a um projeto que aliou dedicação as aulas regulares de um cursinho preparatório realizado na própria unidade de educação. A redução na vazão do São Francisco faz o mar avançar sobre o rio, deixando salgada a água que era doce entre os estados de Alagoas e Sergipe. Diante do problema famílias ribeirinhas têm que navegar até 6 horas em busca de água para o consumo humano. Um acidente envolvendo dois ônibus escolares deixou 7 mortos e cerca de 40 feridos no interior de Alagoas. O caso mobilizou centenas de pessoas, que fizeram uma corrente solidária para ajudar os sobreviventes. Uma mulher dá à luz a um bebê dentro do sistema prisional de Alagoas . Jaine Fabrícia da Silva, 18, foi visitar o marido, Flávio Roberto Henrique dos Santos, quando sentiu as contrações. O nascimento da criança surpreendeu a todos. Chuvas provocam 4 mortes, deixam 33 feridos e centenas de pessoas desalojadas na Grande Maceió. Por conta dos deslizamentos e inundações foi decretado estado de calamidade em diversos municípios do estado. Uma infestação de vermes nas águas do Rio São Francisco provocou a suspensão da captação de água . Problema afetou mais de 40 mil pessoas que vivem em cidades ribeirinhas. Investigação sobre Caixa 2 na Confederação Brasileira de Futebol (CBF) chegou em Alagoas. Na ocasião, ao desencadear a Operação Bola Fora agentes da Polícia Federal cumpriram mandados de busca e apreensão na casa do vice-presidente da CBF e prefeito do município de Boca da Mata, Gustavo Feijó (PMDB) . Operação policial prende suspeitos de participar de um esquema que desviou milhões dos cofres da saúde pública . Criminosos faziam diagnósticos de glaucoma em pacientes carentes para conseguir dinheiro que era desviado. Uma família de São Paulo interrompeu as férias em Alagoas após um menino de 7 anos se afogar na piscina de um restaurante em Paripueira . A família de Ítalo Carboni Fernandes, que é de São Bernardo do Campo (SP), denunciou que falta de assistência e demora no socorro contribuíram para a morte da criança. Projeto ajuda moradores de comunidade de Pariconha a construir casas populares com tijolos feitos com com cinza de bagaço de cana-de-açúcar . Moedas históricas achadas em praia do Litoral Sul de Alagoas gera caça ao tesouro . Discurso homofóbico provoca bate-boca entre vereadores de Maceió após um deles declarar em plenário que ""homoxessualismo é uma enfermidade"". O caso repercutiu na mídia e gerou até mesmo pedidos de desculpas. Na cidade de Rio Largo, uma mãe se negou a enterrar a filha por suspeitar que a jovem ainda estava viva . Débora Isis Mendes de Gouveia, 18, só foi enterrada após o médicos do Instituto Médico Legal (IML) descartar a suspeita de catalepsia . O maior hospital público de Alagoas foi cenário de duas histórias surpreendentes. Um casal de noivos disse o tão sonhado sim tendo como testemunhas funcionários e pacientes do Hospital Geral do Estado (HGE) . Regivaldo e Adriana se casaram no HGE após o noivo passar mal na igreja. Ainda no HGE, dois irmão que não se viam há mais de 50 anos se reencontram após serem internados no mesmo quarto do hospital. Adolfo e Antônio Teixeira da Silva haviam perdido contato e se reconheceram após a enfermeira falar o nome dos pais deles. Homem suspeito de lavar dinheiro do tráfico internacional para organização criminosa é morto em confronto com agentes de polícia em Alagoas. Investigação apontou que Erik da Silva Ferraz, que vivia como empresário no estado, mantinha uma identidade falsa e era filho de um dos homens mais procurados pela Polícia Federal no país. O sangue voltou a ser derramado no Sertão alagoano. A primeira morte foi a do vereador Adelmo Rodrigues de Melo, o ""Neguinho Boiadeiro"" (PSD), quando saía da Câmara Municipal . Pouco mais de um mês depois foi a vez do vereador Tony Carlos Silva de Medeiros, o Tony Pretinho (PR), executado a tiros em praça pública. Duas operações policiais distintas levaram à prisão um ex-prefeito, um prefeito e vereadores de municípios do interior do estado. Primeiro foram o ex-prefeito Júnior Alcântara (PMDB) e o vereador Luciano Lucena (PMDB), ambos de Palestina, Sertão de Alagoas, presos suspeitos de ordenar um assassinato . Um dia depois, na véspera de Natal, foram presos o prefeito de Mata Grande, Erivaldo Mandú (PP), e o vereador Joseval Antônio da Costa (PP) , envolvidos em um esquema de pagamento de propina para aprovação de projetos de interesse do Município.",https://g1.globo.com/al/alagoas/noticia/retrospectiva-2017-os-principais-fatos-do-ano-em-alagoas.ghtml,,"Por Waldson Costa, G1 AL",politica,30/12/2017 09h22,news,fakebr:3040,fakebr
591,"7 acontecimentos e descobertas que fizeram de 2017 um ano incrível para a ciência. Da 1a observação de uma explosão de estrelas de nêutrons à técnica de editar doenças genéticas do DNA, descobertas no ano abriram novas frentes de pesquisa em diferentes campos..  O ano que termina foi marcado por descobertas incríveis no mundo da ciência, algumas delas consagrando técnicas revolucionárias para salvar vidas ou observar fenômenos no espaço, e, nesse caso, a ajudar a entender melhor o Universo. Foi o ano do ""sacrifício"" da Cassini, a sonda que desvendou segredos de Saturno, mas também o ano da descoberta de um sistema planetário com sete planetas semelhantes à Terra orbitando um mesmo sol. Além disso, foi em 2017 que cientistas conseguiram desativar genes defeituosos no embrião abrindo uma importante frente na luta contra doenças hereditárias fatais. Relembre os principais destaques da ciência no ano, alguns dos quais prometem muitas novidades em 2018. Para a comunidade científica, 2017 entrará para a história como o ano das ondas gravitacionais. Em agosto, astrônomos dos observatórios Ligo, nos Estados Unidos, e Virgo, na Itália, conseguiram observar pela primeira vez a colisão entre duas estrelas mortas, ou estrelas de nêutrons, graças à detecção de ondas gravitacionais - flutuações no espaço-tempo previstas por Einstein há mais de um século. A primeira detecção das ondas gravitacionais fora anunciada em 2016, quando o observatório Ligo descreveu o fenômeno após analisar a fusão de dois buracos negros distantes. Na época, o evento foi considerado o início de um novo ramo da astronomia, que usa as ondas gravitacionais para coletar dados sobre fenômenos que ocorrem a grandes distâncias. A de agosto de 2017 foi a quarta vez na história em que eram detectadas ondas gravitacionais, e a primeira observação, por observatórios do mundo todo, de uma colisão de estrelas de nêutrons, o que levou a revista Sience a escolher o evento como a descoberta do ano. ""A explosão confirmou vários modelos-chave da astrofísica, revelou como surgiram vários elementos pesados e testou a Teoria da Relatividade (de Einstein) como nunca antes"", justifica a Science. A colisão ocorreu em uma galáxia na constelação de Hidra. Alguns dos fatos ligados ao evento são impressionantes. Por exemplo, as estrelas de nêutron são tão densas que uma colher de chá de uma delas pesaria um bilhão de toneladas. Os pesquisadores também confirmaram que este tipo de colisão estelar é a origem do ouro e da platina no universo. ""Essas estrelas são um laboratório de física extrema: é um material exótico, rico em nêutrons; e, quando são desmembradas, gera-se radiação exótica (...) que produz elementos como o ouro. É algo muito empolgante"", explicou o astrônomo inglês Martin Rees na ocasião da descoberta. A sonda Cassini chegou às proximidades de Saturno em 2004. Nos 13 anos em que esteve ativa, os dados coletados por ela transformaram nossa compreensão do planeta e de suas luas. O veículo descobriu gêiseres espirrando água de um oceano subterrâneo no satélite gelado Encélado, observou de perto os mares e lagos de metano na maior lua de Saturno, Titã, e testemunhou uma tempestade gigantesca que circundou o planeta dos anéis. Mas a Cassini começou a ficar sem combustível, e a Nasa decidiu que era melhor destruir o satélite na atmosfera de Saturno, para que ele não colidisse com uma das luas, por exemplo, e a contaminasse com micróbios terrestres. No dia 15 de setembro, a Cassini mergulhou nas nuvens do planeta e se rompeu por completo - e ainda conseguiu mandar dados durante seus últimos momentos. Enquanto isso, cientistas da Nasa acompanhavam, emocionados, o fim da missão de mais de uma década. Em meados de julho, pouco depois do anúncio de Trump, um dos maiores icebergs já registrado pela ciência se desprendeu da plataforma de gelo Larsen C, na Antártida. Os cientistas já vinham acompanhando o aumento de uma imensa rachadura na superfície do gelo há uma década. O bloco imenso de gelo cobria uma área de cerca de 6 mil km² - e representava cerca de 12% da plataforma Larsen C. A formação de icebergs das bordas de plataformas de gelo é comum. No entanto, os pesquisadores dizem que a Larsen C está, agora, em seu menor tamanho desde o fim da última Era do Gelo, há cerca de 11.700 anos. Ainda será preciso estudá-la mais para entender como a plataforma está respondendo ao aquecimento global. O futuro da plataforma também é incerto, mas, se ela entrar em colapso, poderia liberar geleiras com água suficiente para aumentar os níveis globais dos oceanos em um centímetro. Pela primeira vez na história, uma equipe de cientistas dos Estados Unidos e da Coreia do Sul conseguiu corrigir, em embriões humanos, um gene defeituoso responsável por uma doença cardíaca mortal hereditária que afeta uma a cada 500 pessoas. Eles usaram a técnica da edição genética. A doença, chamada de miocardiopatia hipertrófica - pode fazer com que o coração pare de bater, provocando uma morte súbita. Ela é causa por um erro em um só gene (uma instrução no DNA) e qualquer pessoa que o tenha tem 50% de chances de transmiti-lo a seus filhos. A nova técnica de edição do gene, realizada durante a concepção do embrião na fertilização in vitro, foi desenvolvida no ano passado na Universidade de Harvard, nos Estados Unidos, e é descrita como uma ""cirurgia química"" de precisão. O procedimento abre a porta para a prevenção de cerca de 10 mil distúrbios que são transmitidos de geração a geração, segundo os pesquisadores. Em setembro, outra equipe - desta vez da China - disse ter conseguido corrigir embriões humanos que continham o gene recessivo de uma doença hereditária do sangue conhecida como talassemia. Neste caso, as duas cópias do gene (a que vem do pai e a que vem da mãe) contêm a mutação. Em fevereiro, cientistas relataram a descoberta de um sistema planetário com sete planetas de tamanho similar ao da Terra. Todos orbitavam uma estrela chamada de TRAPPIST-1, que fica a 41 anos-luz do Sol. A estrela - fria e com pouca massa - fica na constelação de Aquário. É a primeira vez que são descobertas estrelas de tamanho tão semelhante ao nosso orbitando a mesma estrela. Isso poderia indicar que a Via Láctea está, na realidade, repleta de corpos celestes que se parecem, em tamanho e relevo, ao nosso mundo rochoso. Três dos planetas da TRAPPIST-1 estão na chamada zona habitável, órbitas relativamente temperadas onde a água pode permanecer líquida na superfície. Estes são alguns dos planetas mais interessantes para serem explorados nos próximos anos. Se pode haver água, pode haver alguma chance de vida. Em julho, pesquisadores revelaram os fósseis de cinco humanos pré-históricos encontrados no norte da África que mostravam que a nossa espécie, o Homo sapiens, teria surgido ao menos 100 mil anos antes do que se acreditava. A descoberta indica que nossa espécie não teria se desenvolvido em um único ""berço"" no leste da África. Na verdade, os humanos modernos poderiam estar evoluindo na mesma direção em todo o continente. O ano de 2017 também teve outras grandes notícias no campo da evolução humana. Pesquisadores chamaram a atenção de todo o mundo quando, em 2015, mostraram os restos de 15 esqueletos parciais pertencentes a uma nova espécie de humano, o Homo naledi. Na época, no entanto, eles não conseguiam determinar com certeza a idade dos ossos - alguns traços sugeriam que eles pudessem ter até 3 milhões de anos de idade. Este ano, o líder da equipe, Lee Berger, anunciou que os fósseis tinham entre 200 mil e 300 mil anos. Longe de ser um ancestral do Homo sapiens, o Homo naledi pode, na verdade, ter convivido com membros da nossa espécie. Mesmo prevendo há anos que seríamos visitados em algum momento por um asteroide interestelar, 2017 foi a primeira vez em que vimos um. Descoberto por uma equipe de cientistas usando o telescópio havaiano Pan-Starrs em outubro, o objeto foi batizado de ""Oumuamua"", que significa ""mensageiro de longe que chega primeiro"" na língua local. Sua velocidade e trajetória foram os primeiros indicativos de que ele vinha de fora do nosso Sistema Solar. Mas o Oumuamua não é só o primeiro visitante de fora, mas também um dos corpos celestes mais longos que já se viu. Seu formato, semelhante a um charuto, chamou a atenção dos pesquisadores. Uma campanha de observação do objeto usando os telescópios mais potentes do mundo mostrou que ele não levava algum tipo de tecnologia inteligente, mas que poderia conter água em seu interior.",https://g1.globo.com/ciencia-e-saude/noticia/7-acontecimentos-e-descobertas-que-fizeram-de-2017-um-ano-incrivel-para-a-ciencia.ghtml,,Por BBC,ciencia_tecnologia,26/12/2017 08h39,news,fakebr:591,fakebr
350,"Segunda-feira, 7 de agosto de 2017. Boa noite! Aqui estão as principais notícias para você terminar o dia bem-informado.  O processo criminal do desastre ambiental de Mariana foi suspenso e pode até ser anulado. A defesa alegou que escutas telefônicas usadas no processo foram feitas de forma ilícita, argumento aceito pela Justiça para determinar a suspensão do processo. E lembra do juiz do caso Eike Batista que foi flagrado dirigindo um Porsche Cayenne do empresário? Foi condenado. São “duas graves questões que podem implicar na anulação do processo desde o início”, diz o juiz Jacques de Queiroz Ferreira na decisão de suspender a ação que tornou 22 pessoas e 4 empresas rés em novembro de 2015 pelo desastre ambiental em Mariana (MG). 19 pessoas morreram. O Ministério Público contesta as alegações de ilegalidade nas interceptações telefônicas usadas no processo. O presidente Michel Temer disse que João Doria tem ""visão nacional"", não só municipal, e chamou o prefeito de São Paulo de ""companheiro"" e ""parceiro"" durante evento para anunciar um parque na capital paulista. O PSDB, partido de Doria, rachou durante a votação da denúncia contra Temer, que acabou rejeitada. O prefeito sugeriu que, se fosse deputado, votaria pelo arquivamento. O presidente do TSE, Gilmar Mendes, desferiu um ataque contra o procurador Rodrigo Janot: ""Quanto a Janot, eu o considero o procurador-geral mais desqualificado que já passou pela história da Procuradoria . Porque ele não tem condições, na verdade não tem preparo jurídico nem emocional"". Em resposta, a associação de procuradores disse que o ataque de Mendes a Janot ignora respeito que tem de existir entre as instituições O G1 conversou com integrantes da Polícia Federal que trabalham nas investigações de suspeitos de compartilhar pornografia infantil na internet. Eles descreveram como a entidade vasculha a Dark Web, a internet profunda, em busca dos computadores dos acusados para tirar da internet potenciais abusadores. Há cerca de 10 dias, 27 pessoas foram presas em uma operação. Veja como funciona uma investigação . O magistrado que julgou processos contra Eike Batista e foi flagrado dirigindo um Porsche Cayenne do empresário foi condenado por apropriação de bens , caso revelado pelo GloboNews. No prédio onde vive o juiz Flávio Roberto de Souza também foi encontrado na época um outro automóvel e um piano de Eike. O magistrado foi sentenciado a sete anos de prisão por peculato e a um ano por fraude processual. Ele pode recorrer em liberdade. O Barcelona goleou a Chapecoense no Camp Nou por 5 x 0 e conquistou o torneio Joan Gamper. Mas a partida foi uma celebração entre a equipe espanhola e a brasileira, que está retomando sua trajetória após a tragédia aérea. O lateral Alan Ruschel volta ao futebol 252 dias após o acidente de 29 de novembro. Veja os detalhes da partida . A Caixa Econômica Federal informou que cerca de R$ 44 bilhões foram sacados das contas inativas do Fundo de Garantia do Tempo de Serviço (FGTS). No total, 25,9 milhões de trabalhadores foram beneficiados com a medida, o que equivale a mais de 79% dos que tinham direito, pela base atualizada. O prazo para o saque terminou em 31 de julho. A turista Eloise Dixon, de 46 anos, foi baleada ontem ao entrar por engano em uma comunidade de Angra dos Reis, litoral sul do Rio de Janeiro. A polícia afirmou que já identificou os suspeitos de balear a inglesa . ""O projétil percorreu todo o abdôme e por sorte não pegou grandes vasos ou órgãos importantes"", disse o diretor do hospital que tratou a turista. Os candidatos Amazonino Mendes (PDT) e Eduardo Braga (PMDB) vão disputar o 2o turno das eleições suplementares para escolha do novo governador do Amazonas, realizadas ontem em 62 municípios. O estado tem novas eleições diretas após os mandatos do ex-governador, José Melo, e do vice, Henrique Oliveira, terem sido cassados por compra de votos nas eleições de 2014. As câmeras de segurança de uma loja no interior da Bahia flagraram uma mulher que furta uma TV de 24 polegadas ao colocá-la dentro de uma saia . Nas imagens, ela sai andando normalmente. Outra mulher, que entrou junto com ela na loja, também é procurada pela polícia por desviar a atenção de um vendedor. Veja o vídeo abaixo: Dados do Centro de Controle e Prevenção de Doenças do governo americano mostram que as mortes de meninas entre 15 e 19 anos por suicídio atingiram um recorde em 40 anos - e dobraram entre 2007 e 2015, com 5,1 casos para cada 100 mil. O fenômeno atinge também crianças e adolescentes do sexo masculino, cujas mortes ainda acontecem em maior número, mas crescem em ritmo menos acelerado. Leia mais .",https://g1.globo.com/resumo-do-dia/noticia/segunda-feira-7-de-agosto-de-2017.ghtml,,Por G1,tv_celebridades,07/08/2017 19h23,news,fakebr:350,fakebr
1078,"Após morte de chefe de facção de SP, Temer envia força-tarefa policial ao Ceará. Objetivo é dar apoio técnico às forças de segurança estaduais nas ações de combate ao crime organizado. Destacamento será composto por 36 homens, sendo 26 da Polícia Federal e 10 da Força Nacional de Segurança Pública..  Após a polícia ter encontrado o corpo de um dos chefes da facção criminosa Primeiro Comando da Capital (PCC) , Rogério Jeremias de Simone, o Gegê do Mangue, em Aquiraz, na Região Metropolitana de Fortaleza, o governo federal informou que enviará uma força-tarefa ao estado. Segundo o Ministério da Justiça, o objetivo é reforçar as operações conjuntas de inteligência ""diante dos últimos acontecimentos"", e ""dar apoio técnico às forças de segurança estaduais nas ações de combate ao crime organizado"". O governo infomou que o destacamento será composto por 36 homens, sendo 26 da Polícia Federal e 10 da Força Nacional de Segurança Pública, e será chefiado pelo almirante Alexandre Mota, secretário-adjunto da Secretaria Nacional de Segurança Pública. Ao lado do corpo de Rogério Jeremias de Simone, o Gegê do Mangue, em Aquiraz, foi encontrado e já identificado o corpo de Fabiano Alves de Souza, conhecido como Paca. De acordo com o procurador de Justiça, Marcio Sérgio Christino, os dois eram foragidos da Justiça de São Paulo e líderes da facção criminosa. As duas principais suspeitas da polícia para as mortes são execução por facção rival ou retaliação do próprio PCC. Eles foram mortos com tiro no rosto e facada no olho. De acordo com a Secretaria da Segurança Pública do Ceará, os corpos estavam na área de uma reserva indígena e sem identificação. A polícia investiga quem são os autores do crime. O promotor de Justiça Lincoln Gakiya disse na tarde deste domingo (18) que a morte de Rogério Jeremias de Simone, o Gegê do Mangue, um dos chefes do Primeiro Comando da Capital (PCC), que atua dentro e fora dos presídios, ""é um duro golpe na facção"". ""É uma grande baixa para o PCC. Gegê era considerado o número 1 do PCC em liberade, abaixo apenas do Marcola. O Paca estava entre os seis da facção. Já não existem elementos da facção na rua para exercer essa liderança"", afirmou Gakiya, que trabalha no Grupo de Atuação Especial contra o Crime Organizado (Gaeco) do Ministério Público Estadual em Presidente Prudente e é um dos promotores que mais investigam a facção. Segundo o promotor, ""não há informações de conflito com outras facções"" sobre a morte de Gege e Paca no Ceará. ""Segundo as nossas investigações não se trata de briga de facções. Ninguém sabia, a não ser alguns integrantes do PCC, que eles estariam no Ceará nessa época. Possivelmente possa ser um racha dentro da facção que levou a essas mortes."" Rogério Jeremias de Simone era considerado pelo Ministério Público de São Paulo o número 3 na escala de chefia do PCC. Havia a suspeita de que ele estivesse controlando o tráfico de drogas no Paraguai. Em abril de 2017, o promotor Rogério Leão Zagallo disse ao G1 que “a última informação recebida pela Polícia Federal é da suspeita de que Gegê esteja no Paraguai desde que ele fugiu”. Também em abril do ano passado, ele foi condenado a 47 anos, 7 meses e 15 dias de prisão pelos crimes de homicídio triplamente qualificado e formação de quadrilha armada. Para a fixação da pena, o magistrado levou em consideração, entre outros fatores, os antecedentes criminais do acusado, sua conduta social e personalidade voltadas a práticas delituosas. Para o Ministério Público (MP), Gegê e Abel ordenaram as execuções de dois criminosos na favela do Sapé, no bairro do Rio Pequeno, Zona Oeste de São Paulo. Eles tinham dado as ordens por celular de dentro da cadeia para integrantes da facção matarem dois desafetos do grupo do lado de fora. Ele foi liberado antes de seu julgamento após a Justiça entender que houve excesso de prazo para ele ser julgado. Após a sua liberação, ele não se apresentou mais às autoridades e faltou ao próprio julgamento. Ele não foi localizado por ter mentido sobre os endereços que poderia estar e passou a ser considerado foragido da Justiça . Sua prisão prevntiva chegou a ser decretada. Guerra de facções, resultando em uma onda de violência, ocorre desde o início do ano no Ceará. Na madrugada de 28 de janeiro, 14 pessoas foram assassinadas em uma casa de forró no Bairro Cajazeiras, na periferia de Fortaleza. A casa de forró era frequentada por membros do Comando Vermelho (CV), disseram um policial militar e moradores do bairro ao G1; o ataque é atribuído pelas mesmas pessoas aos Guardiões do Estado (GDE), uma facção local. Dois dias depois da chacina, uma briga entre presos resultou na morte de dez pessoas na cadeia pública de Itapajé, no interior do Ceará. O confronto foi entre integrantes do CV e do Primeiro Comando da Capital (PCC). O PCC é aliado do GDE, segundo autoridade da área de inteligência no estado. O Ceará enfrenta uma onda de violência . Em 2017, o número de homicídios foi 47% superior ao de 2016, segundo dados da Secretaria da Segurança Pública.",https://g1.globo.com/ce/ceara/noticia/apos-morte-de-chefe-do-pcc-temer-envia-forca-tarefa-policial-ao-ceara.ghtml,,"Por G1, Brasília",politica,18/02/2018 16h36,news,fakebr:1078,fakebr
1293,"Coreia do Norte critica sanções, mas está disposta a dialogar com os EUA. Horas antes de admitir a possibilidade de negociar, Pyongyang classificou os embargos americanos a empresas que facilitam comércio norte-coreano de ‘atos de guerra; impasses em questões essenciais podem inviabilizar reunião.  PYEONGCHANG - Três dias depois de os Estados Unidos aplicarem severas sanções à Coreia do Norte , o país asiático declarou neste domingo, 25, estar disposto a dialogar com os americanos. O recado foi transmitido pelo general norte-coreano Kim Yong-chol , líder da delegação do país na cerimônia de encerramento dos Jogos Olímpicos de Pyeongchang, na Coreia do Sul. + EUA consideram que proposta de diálogo com a Coreia do Norte é 1o passo para desnuclearização Horas antes, a Coreia do Norte havia classificado como “ato de guerra” o novo pacote de sanções imposto pelos EUA na sexta-feira contra empresas marítimas que facilitam transporte de produtos para os norte-coreanos. Pyongyang ameaçou retaliar os EUA se o país “tiver a ousadia de enfrentar a Coreia do Norte de forma severa”. Menos de três horas depois, Kim Yong-chol, um dos militares mais leais ao líder norte-coreano Kim Jong-un, chegou ao país vizinho para a cerimônia de encerramento e para um encontro com o presidente sul-coreano, Moon Jae-in. “O presidente Moon enfatizou que o diálogo entre EUA e Coreia do Norte deve ocorrer o mais rápido possível”, disse o porta-voz da Presidência, Kim Eui-kyeom.“A delegação do Norte transmitiu o desejo do líder Kim Jong-un de fazer isso.” + EUA estudam ampliar interceptação de navios suspeitos de violar sanções à Coreia do Norte Apesar do cancelamento em cima da hora de um encontro entre o vice-presidente americano, Mike Pence, e as principais autoridades de Pyongyang, na sexta-feira, o Washington Post informou no domingo, 25, que negociadores dos dois países podem ter conversado durante os Jogos Olímpicos de Pyeongchang. A americana Allison Hooker, uma veterana funcionária do conselho de Segurança nacional dos EUA, especialista em Coreia do Norte, acompanhou a filha de Donald Trump, Ivanka Trump, a líder da delegação americana na Olimpíada. A Coreia do Norte enviou aos Jogos Choe Kang-il, o principal negociador para assuntos relacionados aos EUA no ministério das Relações Exteriores. O Washington Post afirma que os dois se reuniram secretamente durante a cerimônia de encerramento dos Jogos, no domingo, 25. O objetivo seria pavimentar encontros futuros. Os dois já negociaram juntos em outras ocasiões. + EUA punem empresas que ajudam Coreia do Norte a burlar sanções O futuro das negociações. Analistas ouvidos pela imprensa americana afirmam que diálogos de alto nível entre EUA e Coreia do Norte são difíceis, porque ambos os lados permanecem inflexíveis em pontos-chave de um pré-acordo para uma reunião. A Coreia do Norte exige que os EUA interrompam seus exercícios militares com a Coreia do Sul, mas um destes treinamentos vai ocorrer em abril. Pyongyang também quer continuar com seu programa nuclear, enquanto os EUA exigem seu desmantelamento. Outro problema é a resiliência norte-coreana. Há 33 anos o regime de Kim brinca de gato e rato com o Ocidente, às vezes negociando, às vezes rejeitando as conversas, enquanto desenvolve seu programa nuclear. + Trump ameaça Coreia do Norte com fase dois caso sanções falhem “Hoje há um impasse diplomático sem fim à vista. Pior: é mais provável que esta abertura possa descarrilar facilmente se a Coreia do Norte testar algum míssil, ou se os EUA e a Coreia do Sul realizarem novos exercícios militares”, afirmou ao site Vox Mira Rapp-Hooper, professora de estudos asiáticos na Universidade de Yale. “Na situação atual, a diplomacia ainda vale a pena, mas só para reduzir o risco de erro de cálculo que pode provocar uma guerra regional.” / AFP, AP, W.POST e NYT","http://internacional.estadao.com.br/noticias/geral,coreia-do-norte-critica-sancoes-mas-esta-disposta-a-dialogar-com-os-eua,70002203943",,O Estado de S.Paulo,sociedade_cotidiano,25 de fevereiro de 2018,news,fakebr:1293,fakebr
1109,"Lei do DF cria regras para programa de prevenção ao aborto. Norma foi vetada pelo governador Rollemberg, mas mantida pela Câmara Legislativa. Projeto prevê rede de apoio financeiro e psicológico em casos de estupro e gravidez indesejada. .  Uma nova lei distrital estabelece diretrizes para a criação de um programa de prevenção ao aborto e abandono de incapaz em Brasília. Aprovada pela Câmara Legislativa, que contrariou veto do governador Rodrigo Rollemberg, a norma foi publicada no Diário Oficial do DF nesta segunda-feira (29) e inclui regras para administração de casas de apoio à vida. A lei define políticas de apoio financeiro e psicológico a mulheres que tenham engravidado após estupro ou cuja gestação seja indesejada ou acidental e ""não disponham de meios e apoio para uma gestação segura"". Segundo a Casa Civil, a proposta ""possui vício de inconstitucionalidade formal por legislar sobre competências privativas ao chefe do executivo local"" – ou seja, interfere diretamente na gestão das políticas de assistência e proteção à saúde. A pasta informou ao G1 que a Procuradoria-Geral do DF pode entrar com recurso para pedir a revogação da lei caso haja inconstitucionalidade na norma. Entre as diretrizes do projeto estão o oferecimento gratuito de pré-natal, assistência social e psicológica até o puerpério – período pós-parto, cerca de dois meses após o nascimento do bebê; e programas de assistência e geração de renda “até [que a mãe] consiga suprir as necessidades da família”. Quando for da vontade da gestante, a Defensoria Pública deve orientá-la e encaminhar o bebê para os procedimentos de adoção. Também deve ser criada uma ""rede de atendimento à saúde da mulher"" de forma direta ou em convênio com o governo. A lei também concede à mãe o direito de registrar o bebê ainda na maternidade – direito que já estava assegurado em todo país pela Medida Provisória no 776, aprovada em abril. Nos casos em que a mãe tiver outros filhos em idade escolar, as casas de apoio à vida devem cadastrá-los na rede pública de ensino. Para a advogada e pesquisadora do Instituto de Bioética Anis Gabriela Rondon o ponto mais grave da “lei de prevenção do aborto” é incluir expressamente as mulheres vítimas de violência sexual – que têm direito ao aborto legal – em um programa que tem como principal objetivo evitar a interrupção da gravidez. “O Estado não deve ter por objetivo prevenir o aborto nessas condições. Especialmente nos casos de estupro, a mulher tem que ser informada e ter condições de tomar a decisão que achar mais adequada.” O distrital Rafael Prudente, autor da proposta, explicou ao G1 que a lei não é uma “permissão ou proibição ao aborto”, mas um instrumento para que essas mulheres “tenham condições de levar a gravidez adiante”. “É para que o governo crie uma estrutura de amparo para explicar os direitos da mãe, com assistentes sociais e psicólogos para saber se é isso mesmo que ela quer”, afirma o deputado. Segundo ele, muitas mães acabam abortando por serem “mal informadas”. Com a norma, Prudente espera que essas mulheres recebam orientações e atendimento especializado que, conforme o parlamentar, não são oferecidos de forma adequada no DF. Segundo a Secretaria de Saúde, o DF conta com o Programa de Interrupção Gestacional Previsto em Lei , que segue diretrizes do Ministério da Saúde. As vítimas são encaminhadas para o Hospital Materno Infantil de Brasília (Hmib), onde recebem atendimento especializado de uma equipe multidisciplinar – formada por médicos, enfermeiros, psicólogos e assistentes sociais. A advogada Gabriela afirma que lei passa a “falsa impressão” de que garante políticas de assistência que não existiam antes. “Não tem nada de novo. São políticas previstas em outros instrumentos, em normativas técnicas do Ministério da Saúde."" Para a integrante do Centro de Estudos Feministas e Assessoria (Cfemea) Jolúzia Batista, a norma tem conotação de “promover um preceito moral conservador” ao tratar a mulher somente na dimensão da maternidade e “não como ser autônomo”. Segundo ela, com pretensão de ser preventivas, as diretrizes para o programa estão no final do processo de amparo à mulher, que deveria começar com educação sexual e orientação contra abusos intrafamiliares ainda na escola. Em um vídeo explicativo sobre as intenções do projeto divulgado na internet, a pesquisadora da Anis e professora da Universidade de Brasília (UnB) Débora Diniz afirma que um programa de prevenção ao aborto é ""um serviço quase missionário de convencimento de que o aborto seja uma maldição."" Ela defende que mulheres vítimas de violências sejam aconselhadas sobre a possibilidade de aborto, alternativas para a manter a gestação e processos de adoção. ""Um dos principícios do aconselhamento é a neutralidade e a palavra que está no projeto de lei [aprovado pela Câmara] é a prevenção."" De acordo com a Pesquisa Nacional do Aborto, realizada em 2010 pelo Instituito de Bioética Anis, uma em cada cinco brasileiras com até 40 anos de idade fez, ao menos, um aborto. A maioria (61%) tem entre 18 e 29 anos e recorre à clandestinidade. Cerca de metade dessas mulheres acaba em hospitais com complicações ou para fazer a curetagem – procedimento de esvaziamento intrauterino. De acordo com o Ministério da Saúde, em 2014 foram registrados 178 mil procedimentos de curetagem e 1.557 de aborto. Em 2015, foram 182 mil curetagens e 1.667 abortos. No ano passado, foram 1.678 abortos e 172 mil curetagens. Ainda segundo o levantamento, o aborto ilegal mata uma mulher a cada dois dias no Brasil e chega a um milhão de procedimentos fora da lei por ano. ""Os níveis de internação pós-aborto são elevados e colocam o aborto como um problema de saúde pública no Brasil"", afirma a pesquisa. O trabalho foi realizado por Débora Diniz, pesquisadora do Instituto de Bioética, Direitos Humanos e Gênero (Anis) e uma das autoras da ação assinada pela Confederação Nacional dos Trabalhadores na Saúde que pediu a legalização do aborto para os casos de anencefalia fetal ainda em 2004, e por Marcelo Medeiros, pesquisador da Universidade de Brasília. De acordo com o Código de Processo Penal Brasileiro, o aborto por livre escolha da gestante é considerado crime. A pena vai de um a três anos de prisão para a mulher que fizer aborto em si mesma e de até quatro anos para quem fizer o procedimento na gestante maior de idade. A interrupção da gravidez é permitida somente em casos de estupro e de risco de morte da mãe. Há cinco anos, o Supremo Tribunal Federal decidiu que também é permitido abortar quando o bebê é anencéfalo – não tem cérebro. Uma decisão que demorou oito anos para ser tomada desde que foi proposta, em 2004, pela Arguição de Descumprimento de Preceito Fundamental (ADPF) no 54. De acordo com o Serviço de Aborto Legal no Brasil, entre 2013 e 2015, mais de 90% dos abortos realizados dentro da lei foram escolhas de mulheres que engravidaram após terem sido estupradas. Os casos de anencefalia do feto correspondem a 5% e risco de morte à gestante, a 1%. No site do Senado, está sob consulta pública um projeto de ideia legislativa que propõe a legalização do aborto por livre escolha da gestante durante as primeiras 12 semanas de gravidez . A Ideia no 29.984 foi sugerida por meio do portal e-Cidadania e está parado na Comissão de Direitos Humanos e Legislação Participativa (CDH) desde dezembro do ano passado. Esta é a primeira etapa de deliberação legislativa sobre sugestões feitas por cidadãos. Caso a proposta seja aprovada, será transformada em um projeto de lei. Nesta segunda (28), 207 mil pessoas haviam votado a favor do projeto e 196 mil conta – o placar, no entanto, não significa a efetivação da ideia. Na prática, a consulta serve para amparar a decisão dos senadores, que tomam conhecimento da aceitação popular. ""A gestante terá um período de reflexão de cinco dias, após o qual, se ratificado que deseja terminar sua gravidez, um médico ginecologista realizará o procedimento imediatamente"", expõe o proponente. A proposta também prevê que uma equipe de saúde interdisciplinar ofereça apoio psicológico e social à gestante para ""ajudá-la a superar as causas que induziram ao aborto e para garantir que ela possua todas as informações necessárias para tomar uma decisão consciente e responsável"". A gestante também deverá ser informada sobre os riscos do procedimento e sobre alternativas à interrupção da gravidez, como ""programas sociais de apoio financeiro e a possibilidade de oferecer a criança à adoção"", diz o texto. Essas pré-disposições podem ser modificadas caso o projeto de ideia se torne um projeto de lei. A proposta foi sugerida por André de Oliveira Kiepper por meio do portal e-Cidadania, uma plataforma de interação do Senado Federal com a sociedade que permite – além de garantir o acesso a documentos e outros serviços de transparência – a sugestão de ideias que tenham a relevância necessária para serem transformadas em lei. Ele disse ao G1 que se embasou em legislações internacionais acerca da questão. Segundo Kiepper, a ideia surgiu após a repercussão do caso Jandira dos Santos, em 2014. A mulher de 27 anos foi encontrada morta um dia depois de ir a uma clínica clandestina de aborto no Rio de Janeiro . O caso foi registrado como homicídio em 26 de agosto daquele ano. Jandira era mãe de duas crianças e estava no quarto mês de gestação quando foi à clínica. O corpo foi encontrado mutilado e carbonizado dentro de um carro em Guaratiba, na zona oeste do Rio. De acordo com o Centro de Direitos Reprodutivos – organização norte-americana que difunde mecanismos legais de garantia dos direitos sexuais e reprodutivos no mundo –, somente três países na América Latina lagalizam o aborto em quaisquer circunstâncias, considerando período mínimo de 8 a 12 semanas de gestação. São eles a Guiana, a Guiana Francesa e o Uruguai, cuja lei é de 2012. O Brasil, a Venezuela, o Paraguai e o Chile são os únicos que têm legislação ainda mais restritiva – a maioria autoriza o procedimento somente em caso de risco à vida da gestante. No Chile, a proibição do aborto é máxima. ""Não poderá ser executada nenhuma ação cujo fim seja provocar um aborto"", diz um decreto de 1967 que tem força de lei. O código penal, que tipifica as penalidades, é do século XIX. Outros seis países aceitam o aborto em casos de estupro e risco à saúde da mulher. No Equador, a lei é de 1971 e autoriza o procedimento apenas quando a mulher corre risco de morrer e não há outra alternativa, e quando a gravidez é resultante de um estupro, mas apenas se a vítima tiver ""debilidade mental"". A norma também prevê algo inusitado: ""Quando o aborto tiver sido causado por violências feitas voluntariamente mas sem intenção de cometê-las, o culpado será reprimido com prisão de seis meses a dois anos"". No Brasil, a variante ""sem intenção"" não vale para os casos de estupro. No Peru, a lei que trata sobre aborto é de 1991 e permite o procedimento quando a gravidez apresenta risco de morte ou de complicações graves e permanentes à mulher, desde que dentro do período de 22 semanas de gravidez.",https://g1.globo.com/distrito-federal/noticia/lei-do-df-cria-regras-para-programa-de-prevencao-ao-aborto.ghtml,,"Por Luiza Garonce, G1 DF",politica,01/06/2017 18h09,news,fakebr:1109,fakebr
253,"Ex-diretor da J&F depõe hoje na PF; Janot também é chamado

Ricardo Saud e ex-procurador-geral vão depor em investigação sobre possíveis irregularidades nas negociações do acordo de delação premiada dos executivos do grupo

O ex-diretor de Relações Institucionais da J&F Ricardo Saud presta depoimento na tarde desta quarta-feira, 10, na Polícia Federal, em Brasília. O executivo será ouvido no inquérito que apura possíveis irregularidades nas negociações do acordo de colaboração premiada dos executivos do grupo J&F, dono da JBS. Na mesma investigação, a PF chamou para depor o ex-procurador-geral da República, Rodrigo Janot, no próximo dia 12.

Saud está preso no Complexo Penitenciário da Papuda desde setembro de 2017. A prisão foi pedida por Janot após o empresário Joesley Batista entregar um áudio à PGR no qual abordava temas não revelados no acordo de colaboração.

Janot, por sua vez, confirma ter sido chamado para depor, mas diz não ter sido informado sobre se é investigado ou testemunha no inquérito. Janot diz ter enviado uma resposta por escrito na qual explica a impossibilidade de comparecimento no dia 12 e questiona a condição na qual será ouvido.

O Estado apurou que a oitiva será na condição de testemunha, uma vez que o ex-procurador-geral não é investigado no caso. Como integrante do Ministério Público, Janot pode sugerir data e local para seu depoimento, mas a decisão final é do STF.

A apuração foi aberta após pedido da ministra Cármen Lúcia, presidente do Supremo Tribunal Federal (STF), e já foi parcialmente concluída. Um dos investigados é o ex-procurador Marcelo Miller, suspeito de atuar para a JBS enquanto ainda era integrante do MPF.

A PF já concluiu parcialmente a investigação sobre o chamado Caso JBS e descartou a ocorrência de crimes envolvendo as citações a ministros do STF. Em dezembro, o diretor-geral da PF, Fernando Segovia, se reuniu com a presidente do STF para falar sobre o caso.

Depois da audiência com Cármen Lucia, Segovia afirmou que o relatório é ‘parcial’ e que a ministra é quem deve tornar públicas as conclusões da investigação.

“As conclusões da investigação parcial estão nas mãos da ministra Cármen Lúcia e tão logo haja uma análise ela deverá expor ao público quais são essas conclusões”, afirmou.",http://politica.estadao.com.br/blogs/fausto-macedo/ex-diretor-da-jf-depoe-hoje-na-pf-janot-tambem-e-chamado/,,Fabio Serapião,politica,10/1/2018,news,fakebr:253,fakebr
73,"JBS pagará R$ 650 mil de indenização por demissão em massa em MT

A JBS, dona das marcas Friboi e Seara, pagará uma indenização por danos morais coletivos no valor de R$ 650 mil para pôr fim a um processo movido contra o frigorífico em São José dos Quatro Marcos, em 2015. Nele, a empresa é acusada de irregularidades na dispensa coletiva de 650 trabalhadores da unidade.

O acordo foi fechado pela empresa com o Ministério Público do Trabalho em Mato Grosso. Já foram depositadas em Juízo quatro parcelas de R$ 130 mil, sendo que a última deverá ser paga ainda neste mês de dezembro.

De acordo com o MPT-MT, na época em que a demissão em massa ocorreu, a planta, que pertence à JBS desde 2013, era a única empresa de grande porte da cidade, responsável por cerca de 15% da população economicamente ativa do local.

O montante de R$ 650 mil será destinado a projetos sociais, instituições sem fins lucrativos e/ou órgãos públicos de São José dos Quatro Marcos, a serem indicados pelo MPT.

A dispensa coletiva sem negociação prévia com o sindicato da categoria desrespeitou ""valores fundamentais previstos na Constituição Federal"" e a indenização visa reparar a ""lesão causada à comunidade"", diz a nota divulgada pelo Ministério Público.",http://www1.folha.uol.com.br/mercado/2017/12/1942796-jbs-pagara-r-650-mil-por-demissao-em-massa.shtml,,,politica,12/12/2017,news,fakebr:73,fakebr
62,"'Palocci foi contar uma mentira maior que a dos outros', diz Lula

O ex-presidente Luiz Inácio Lula da Silva afirmou nesta quarta-feira (13) que seu ex-ministro da Fazenda Antonio Palocci foi quem contou aos procuradores ""uma mentira maior"" que a dos outros delatores da Operação Lava Jato.

Lula disse que seus adversários pensavam que sua trajetória política estaria acabada após a prisão de Palocci, mas na avaliação do petista a conclusão está errada, pois ele lutará ""até as últimas consequências"" para disputar as eleições de 2018.

""Prendeu [o empresário José Carlos] Bumlai, 'Lula acabou', quando Marcelo Odebrecht for preso, e ele já está preso há dois anos e meio, agora prenderam Palocci, agora vai dar. E Palocci foi lá contar uma mentira maior que a dos outros"", disse o ex-presidente durante reunião das bancadas do PT na Câmara e no Senado, em Brasília.

Em proposta de delação premiada entregue ao Ministério Público Federal, Palocci teria dito que o ditador líbio Muammar Gaddafi doou secretamente US$ 1 milhão para a campanha presidencial de Lula em 2002, quando o petista venceu José Serra (PSDB). A informação é da revista ""Veja"".

O ex-ministro teria dito que ele próprio seria o responsável por trazer o dinheiro ao Brasil, sem deixar rastros de sua origem. De acordo com a reportagem, Palocci disse que tem comprovantes das operações.

Em seu discurso aos petistas, Lula não citou diretamente o episódio, tratando apenas como ""mentiras"" as possíveis afirmações do ex-ministro, que sempre foi um de seus homens de confiança.

A fala do ex-presidente foi a primeira reação pública de Lula à decisão do Tribunal Regional Federal da 4a Região em marcar o julgamento do caso tríplex para 24 de janeiro.

O petista afirmou ainda que não quer ser candidato se for culpado e que seria uma ""leviandade"" disputar a Presidência da República no ano que vem se houvesse ""alguma prova"" contra ele.

ENTENDA
O julgamento de Lula

O que acontece após o julgamento do TRF?
O caso ainda pode ser julgado no STJ e no STF. No Supremo, a decisão seria definitiva. É improvável, porém, que o processo tramite nessas cortes já em 2018

O que diz a Lei da Ficha Limpa?
A norma, instituída em 2010, retira os direitos de candidatura de réus condenados por um conjunto de juízes, como é o caso do Tribunal Regional Federal. O candidato, porém, tem a possibilidade de pedir a instâncias superiores uma autorização especial para se candidatar. Essa espécie de liminar pode ser concedida até por um único juiz sorteado no STJ. O ex-presidente tem a possibilidade de ir ainda ao Supremo

Lula pode registrar candidatura mesmo com a condenação?
O ex-presidente tem a possibilidade de pedir o registro de candidato mesmo condenado. O Ministério Público, porém, tende a impugnar o registro, e o caso precisaria ser analisado pela Justiça Eleitoral já durante a campanha eleitoral. Enquanto não houver definição, o petista poderia, por exemplo, manter atos de campanha e até propaganda na TV. Se a decisão da Justiça for final, Lula poderia ser substituído na sua chapa com a campanha em andamento

Há chance de a situação ser definida após a eleição?
Se o registro de candidatura de Lula for negado, mas ainda houver possibilidade de recursos, os votos dele podem ficar sub judice até uma decisão final da Justiça. Caso Lula vença a eleição e seja condenado de forma definitiva antes da diplomação do resultado ou da posse, a eleição seria cancelada e uma outra seria realizada. Mas se a diplomação ou a posse ocorrerem antes do resultado final, o processo poderia ficar suspenso até Lula deixar o governo, pois um presidente só responde por crimes cometidos no exercício do mandato.

Lula pode ser preso se for condenado no TRF?
Conforme entendimento no STF, a Justiça pode determinar a prisão de condenados em segunda instância. No entanto seria preciso esgotar todos os recursos na própria corte, como embargos infringentes e de declaração, o que levaria no mínimo alguns meses. Poucos casos na Lava Jato tiveram esse tipo de desfecho até agora. Lula poderia recorrer, porém, de maneira extraordinária, contra a prisão nas cortes superiores",http://www1.folha.uol.com.br/poder/2017/12/1942937-palocci-foi-contar-uma-mentira-maior-que-a-dos-outros-diz-lula.shtml,,Marina Dias,politica,13/12/2017,news,fakebr:62,fakebr
3561,"FGTS: Temer anuncia liberação para saque de contas inativas. Contas inativas são as que deixam de receber depósitos devido à rescisão do contrato de trabalho; cronograma para saque dessas contas será divulgado até fevereiro e levará em conta a data de nascimento dos beneficiários..  O presidente Michel Temer anunciou nesta quinta-feira (22) que o governo vai liberar o saque de contas do Fundo de Garantia por Tempo de Serviço ( FGTS ) inativas até dezembro de 2015. Temer fez o anúncio em pronunciamento antes de participar de um café da manhã com jornalistas, no Palácio do Planalto. A medida faz parte de uma tentativa do governo de reaquecer a economia. O presidente explicou que não haverá limite para o saque. O trabalhador, se quiser, poderá sacar, para qualquer fim, todo o valor que tem na conta inativa – aquela que deixa de receber depósitos do FGTS devido à rescisão do contrato de trabalho ( saiba como consultar o saldo de contas inativas do FGTS ). De acordo com o ministro do Planejamento, Dyogo Oliveira , o cronograma para o saque de contas inativas será divulgado até o início de fevereiro e levará em conta a data de nascimento dos beneficiários. ""Nós estamos flexibilizando essas exigências [para o saque do FGTS] porque o momento que vivemos na economia demanda a adoção de medidas que permitam, ainda que de forma parcial, uma recomposição da renda do trabalhador. Portanto, estamos permitindo que os trabalhadores detentores dessas contas até 31 de dezembro de 2015 possam dispor de recursos que, em condições normais, não estariam ao seu alcance"", afirmou Temer. O presidente disse que, pelos cálculos do governo, os saques podem chegar a R$ 30 bilhões, o que equivale, nas contas de equipe econômica, a 0,5% do Produto Interno Bruto (PIB). Segundo ele, cerca de 10, 2 milhões de trabalhadores podem sacar o dinheiro. A maior parte das contas inativas, de acordo com o governo, tem saldo de menos de um salário mínimo. O presidente argumentou que os saques das contas inativas do FGTS não vão prejudicar projetos que dependem da verba do fundo, como o financiamento de moradias do Minha Casa Minha Vida. ""É uma injeção de recursos que vai mobilizar, movimentar a economia e equivale, também pelos cálculos do Planejamento, a cerca de 0,5% do PIB e sem pôr em risco a própria solidez do FGTS, porque vocês sabem que os valores do FGTS se destinam à habitação popular, saneamento, mobilidade. Então, não põem em risco o fundo de garantia, as verbas para aplicação nesses setores que estou mencionando"", afirmou Temer. O presidente também falou sobre propostas do governo de mudanças na legislação trabalhista, que seriam anunciadas após o café da manhã com os jornalistas. ""Convido a todos para, logo mais, estejamos no Palácio do Planalto para anunciar a modernização da legislação do trabalho, com uma característica muito importante que deve ser ressaltada, a de que presentes deverão estar não só representantes das centrais sindicais como representantes dos empregadores, representantes de federações. Isso tudo foi muito bem negociado pelo Ministério do Trabalho no sentido de fazer uma composição que não desagradasse fundamentalmente nem trabalhadores, nem empregadores"", disse o presidente. Temer não deu detalhes, mas afirmou que o governo trabalha com redução dos juros do cartão de crédito a partir do primeiro semestre do ano que vem. Ele disse ainda, sem explicar como será a ação da equipe econômica nesse sentido, que a queda nos juros do cartão deve ser de mais da metade nos primeiros meses de 2017. ""Anunciamos que haveria uma redução dos juros do cartão de crédito. E, de fato, os últimos estudos revelam que no primeiro trimestre deste ano haverá uma redução de mais da metade dos juros cobrados do cartão de crédito"", afirmou o presidente. Ele informou ainda que a redução nos juros do cartão ocorrerá em duas hipóteses: ""a hipótese do juro do cartão, que é aquela coisa dos 30 dias, que é o chamado rotativo, onde haverá esta redução de mais da metade do que hoje se cobra. Em segundo lugar, 30 dias após, é isso que está sendo imaginado, haverá um parcelamento daqueles que não pagaram, e esse parcelamento ainda receberá juros inferiores, menos da metade, digamos, do chamado rotativo"". Antes de começar a responder às perguntas de jornalistas, Temer fez um balanço dos sete meses em que está à frente da Presidência. Durante a fala, destacou o fato de ter aprovado no Congresso, com o que ele chamou de ""apoio extraordinário"", medidas propostas pela equipe econômica para conter a crise. Ele afirmou que um dos primeiros atos de seu governo foi detectar e revisar a meta fiscal para 2016. Em maio, ainda durante o período em que Temer era interino, o Congresso aprovou projeto de lei que reduziu a meta e autorizou o governo a fechar um ano com um déficit de até R$ 170,5 bilhões - a previsão do governo Dilma Rousseff era de déficit de R$ 96 bilhões. Logo depois, o presidente falou sobre a Proposta de Emenda à Constituição (PEC) que estabeleceu um teto para os gastos públicos pelos próximos 20 anos. O texto foi criticado por partidos de oposição e alvo de polêmica nos últimos meses. Os críticos da proposta afirmam que a PEC vai congelar investimentos em áreas consideradas essenciais, como saúde e educação. O governo afirma que não faltarão recursos para esses setores. ""Para nós todos [...] seria muito confortável passar esses dois anos e pouco na Presidência sem mexer nesses temas polêmicos, como aparentemente era com o teto de gastos públicos. Mas houve uma compreensão tão ressaltada da necessidade de conter os gastos públicos e essa emenda constitucional foi aprovada com um quórum muito expressivo na Câmara dos Deputados e no Senado Federal"", disse Temer aos jornalistas. O presidente lembrou ainda da proposta de reforma da Previdência, enviada no último mês ao Congresso, que, segundo ele, foi discutida ""durante meses"" por diversos setores da sociedade. Temer disse que o Congresso Nacional é o ""grande palco"" para discutir mudanças importantes, como a da Previdência. ""A reforma da Previdência é um dos grandes temas nacionais. [...] Dez dias depois [de ter sido enviada] a PEC ganhou admissibilidade na Comissão de Constituição e Justiça. Vocês sabem que um tema como esse, reconheço de polêmica, ter ganhado admissibilidade em menos de dez dias na CCJ, foi mais um dado extremamente positivo"", ressaltou. O presidente disse que haverá ""grandes debates"" sobre a reforma no Congresso e reconheceu não saber dizer se o texto enviado pelo governo será modificado pelos parlamentares. Temer disse ainda que recebeu uma sugestão de rotular a reforma da Previdência proposta por seu governo de ""Em nome do filho"". ""Porque, na verdade, não vai produzir efeito nos próximos dois anos, no nosso governo. Vai produzir efeito no futuro. [...] Ela garante o futuro da Previdência Social"", afirmou.",https://g1.globo.com/economia/noticia/temer-anuncia-liberacao-para-saque-de-contas-inativas-do-fgts.ghtml,,"Por Luciana Amaral, G1, Brasília",politica,22/12/2016 09h34,news,fakebr:3561,fakebr
3506,"Síria diz que ataque dos EUA foi irresponsável; Rússia reforçará defesa antiaérea do aliado. Para a Rússia, principal aliada do regime sírio, ataque americano teve como base pretextos inventados. Entre quatro e nove pessoas morreram, segundo agências internacionais. .  O governo sírio afirmou nesta sexta-feira (7) que o ataque dos Estados Unidos à base militar de Al-Shayrat foi ""irresponsável"" e ""imprudente"", segundo a Associated Press. O presidente americano, Donald Trump, afirmou que o ataque químico que deixou mais de 80 mortos nesta semana partiu dessa base aérea. Em apoio ao presidente da Síria , Bashar al-Assad, a Rússia anunciou que irá reforçar as defesas antiaéreas do exército sírio. Na noite de quinta-feira (6), os EUA lançaram 59 mísseis Tomahawk contra a base aérea, o que mostra uma mudança significativa na ação americana na região. Até então, os Estados Unidos vinham atacando apenas o Estado Islâmico e agora atingiram deliberadamente uma área de Assad. O bombardeio deixou vítimas. A agência estatal síria afirma que nove civis, entre eles crianças, morreram. O Exército sírio diz que 6 pessoas morreram, mas não indica se as vítimas são civis ou militares. Já o Observatório Sírio afirma que quatro soldados morreram no ataque. Os Estados Unidos dizem que apenas um dos mísseis não atingiu o alvo, segundo a Associated Press. VEJA FOTOS DO ATAQUE DOS EUA NA SÍRIA O Exército Livre da Síria, que se opõe ao regime Assad, deu “boas-vindas” à ação dos Estados Unidos, ressaltando que é uma “grande responsabilidade” e que “não deve terminar nesta operação”. O grupo teme que as tropas promovam ataques contra eles em retaliação. Veja a repercussão da ação dos Estados Unidos na Síria. Os Estados Unidos afirmaram que o canal de comunicação com a Rússia que pode evitar desastres aéreos no território sírio foi mantido intacto. Mais cedo, o ministério do Exterior russo tinha afirmado que a comunicação estava suspensa, ainda de acordo com a Rússia. Porém, a Rússia irá reforçar a defesa antiaérea síria. ""Com o objetivo de proteger as infraestruturas sírias mais sensíveis, vamos adotar uma série de medidas o mais rápido possível para reforçar e melhorar a eficácia do sistema de defesa antiaérea das Forças Armadas sírias"", declarou o porta-voz do exército russo, Igor Konachenkov. Vladimir Putin fez uma reunião com o conselho de segurança do país para discutir a ação na Rússia, onde faz bombardeios desde setembro de 2015. ""Manifesto profunda preocupação com as consequências negativas inevitáveis decorrentes da ação agressiva da Luta contra Terrorismo Global"", declarou em um comunicado, segundo a Reuters. Veja os interesses da Rússia em apoiar a Síria. Em comunicado divulgado pelo Kremlin, o presidente russo, Vladimir Putin , afirmou que a ação americana é uma ""agressão contra um Estado soberano"", baseada em ""pretextos inventados"" . A Rússia tem negado que o governo sírio foi o responsável pelo ataque químico. Os russos dizem que as forças sírias bombardearam um depósito de armas dos rebeldes. Putin ""vê nos ataques uma tentativa por parte dos EUA de desviar a atenção da comunidade internacional das muitas vítimas entre a população civil no Iraque"", onde tropas americanas lideram uma operação militar contra o Estado Islâmico"". O Conselho de Segurança da ONU irá se encontrar nesta sexta-feira para discutir a situação na Síria. O secretário-geral da ONU, Antonio Guterres, pediu moderação e ressaltou a necessidade de buscar uma solução política à guerra que atinge a Síria. ""Peço moderação para evitar qualquer ato que aumente o sofrimento do povo sírio. Não existe outro caminho para colocar fim ao conflito (sírio) que não seja uma solução política"", declarou Guterres, em um comunicado. O presidente americano responsabiliza o presidente sírio, Bashar al-Assad, pelo ataque com armas químicas e pediu o apoio de países aliados. ""Pedi a todas as nações civilizadas que se unissem a nós, buscando acabar com o massacre e o derramamento de sangue na Síria . Anos de tentativas anteriores de mudar o comportamento de Assad falharam, e falharam muito dramaticamente"", afirmou Donald Trump . O Pentágono informou que as forças da Rússia que atuam na Síria foram comunicadas sobre o ataque com antecedência e que setores da base onde havia russos foram evitados e não foram atingidos. Os Estados Unidos lançaram 59 mísseis Tomahawk contra uma base aérea na Síria na noite desta quinta. Os mísseis atingiram a base de Al Shayrat, perto de Homs, por volta das 21h40 (hora de Brasília), 4h40 na hora local da Síria. O porta-voz do Pentágono, Jeff Davis, disse que os mísseis foram lançados dos destróieres USS Porter e USS Ross contra “aeronaves, abrigos de aviões, áreas de armazenamento de combustível, logística e munição, sistema de defesa aérea e radares”. O Observatório Sírio de Direitos Humanos (OSDH), de oposição a Assad, informou que a base síria bombardeada foi “quase” totalmente destruída. Menos de 3 horas após o lançamento dos Tomahawk, o Pentágono divulgou vídeo dos projéteis subindo ao céu:",https://g1.globo.com/mundo/noticia/apos-ataque-dos-eua-russia-reforcara-defesas-antiaereas-do-exercito-sirio.ghtml,,Por G1,sociedade_cotidiano,07/04/2017 07h47,news,fakebr:3506,fakebr
772,"TRF-4 nega pedido de defesa de Lula sobre documentos relativos ao sistema de propina da Odebrecht . Recurso era uma correição parcial dentro do processo que trata de supostas vantagens indevidas recebidas pelo petista, como o apartamento vizinho ao que ele vive em São Bernardo do Campo (SP) e um terreno que seria destino ao Instituto Lula. G1 entrou em contato com os advogados do petista e aguarda retorno..  Em sessão na tarde desta quarta-feira (7), os desembargadores do Tribunal Regional Federal da 4a Região (TRF-4), em Porto Alegre, negaram um pedido da defesa do ex-presidente Luiz Inácio Lula da Silva contra a decisão do juiz Sérgio Moro de aceitar cópias de dados do sistema Drousys que, segundo a Operação Lava Jato, continham informações sobre pagamento de propina da Odebrecht. O G1 entrou em contato com os advogados do petista e aguarda retorno. O recurso era uma correição parcial dentro do processo que trata de supostas vantagens indevidas recebidas pelo petista, como o apartamento vizinho ao que ele vive em São Bernardo do Campo (SP) e um terreno que seria destino ao Instituto Lula. Segundo a força-tarefa da Lava Jato, os imóveis foram adquiridos pela empreiteira e repassados ao ex-presidente em troca de favorecimento em contratos da empresa com a Petrobras. Lula nega as acusações. Os advogados do ex-presidente ingressaram contra a decisão de Moro de aceitar anexar ao processo cópias de dados oriundos de cooperação internacional com a Suíça, relativos ao sistema chamado Drousys. O uso do programa foi revelado pela delatora da Lava Jato Maria Lúcia Tavares, que era responsável dentro do Setor de Operações Estruturadas da Odebrecht por gerenciar requerimentos de propina e repassá-los aos entregadores, que por sua vez fariam chegar os recursos aos destinatários finais. As comunicações eram feitas justamente através do Drousys, um sistema de intranet ao qual funcionários da empreiteira tinham acesso. O servidor do Drousys ficava na Suíça . Em 15 de dezembro do ano passado, o relator João Pedro Gebran Neto já havia negado um pedido de correição parcial semelhante. Dois dias depois, rejeitou outro recurso, os embargos de declaração, com o mesmo teor. Na ocasião, os advogados de Lula criticaram não ter acesso à integralidade do sistema e alegam que a fase de instrução penal já se encerrou, e por isso não poderiam ser inseridos novos documentos. A defesa ainda questionou, em incidente de falsidade, a autenticidade dos documentos digitalizados extraídos do sistema. ""Estou negando o provimento e julgando prejudicado o segundo embargos de declaração"", sustentou Gebran na sessão desta sexta (7). Para o desembargador, foi adequada a realização de perícia no material. O voto dele foi acompanhado pelos colegas Leandro Paulsen e o juiz Nivaldo Brunoni, que substitui o desembargador Victor Laus. O decano está de férias. Em setembro do ano passado, Moro autorizou a realização de perícia no programa Drousys. Também é periciado o Mywebday. A Polícia Federal constatou que dois arquivos foram apagados após a prisão do ex-presidente da Odebrecht, Marcelo Odebrech. Conforme a denúncia, o Grupo Odebrecht pagou propina a Lula via aquisição do imóvel onde funciona o Instituto Lula. O valor, até novembro de 2012, foi de R$ 12.422.000, afirmam os procuradores. A denúncia afirma também que o ex-presidente recebeu, como vantagem indevida, a cobertura vizinha à residência onde vive em São Bernardo do Campo, interior de São Paulo. Nesta ação, além de Lula, são réus o ex-presidente da Odebrecht, Marcelo Odebrecht; e o ex-ministro Antônico Palocci. O My Web Day foi mencionado durante o depoimento de Hilberto Mascarenhas, que era o responsável pelo setor de propinas da empreiteira, prestado em 7 de junho do ano passado. Segundo Mascarenhas, o sistema foi adaptado para fazer o controle de tesouraria e, atualmente, não é mais utilizado. O My Web Day funcionava como um manual da propina e foi substituído posteriormente pelo Drousys, um controle mais sofisticado e que ficava na Suíça.",https://g1.globo.com/rs/rio-grande-do-sul/noticia/trf-4-nega-pedido-de-defesa-de-lula-sobre-documentos-relativos-ao-sistema-de-propina-da-odebrecht.ghtml,,Por G1 RS,politica,07/03/2018 14h03,news,fakebr:772,fakebr
43,"Juiz determina área para manifestantes e proíbe acampamento do MST durante julgamento de Lula em Porto Alegre

Recurso do ex-presidente será julgado em segunda instância em 24 de janeiro de 2018. Pedido do MPF para evitar protestos no dia foi atendido parcialmente pelo juiz.

juiz federal Osório Ávila Neto determinou que seja estabelecida uma área onde os manifestantes deverão ficar nas imediações do Tribunal Regional Federal da 4a Região, em Porto Alegre, no dia do julgamento do recurso do ex-presidente Luiz Inácio Lula da Silva em segunda instância, em 24 de janeiro de 2018. O magistrado ainda citou que deverá haver um isolamento para o trânsito nas vias próximas ao prédio.

Em maio, durante o primeiro depoimento de Lula como réu em Curitiba, as autoridades do Paraná montaram um esquema de segurança em função das manifestações de apoiadores e grupos contrários ao ex-presidente.

A ação civil pública foi protocolada pelo Ministério Público Federal (MPF) e solicitava que o Parque Maurício Sirotski Sobrinho, situado em frente ao TRF4, fosse interditado, para evitar protestos no local. O pedido foi atendido parcialmente pelo juiz.

No despacho, publicado na quinta-feira (28) à noite, Neto proibiu a instalação de acampamento do Movimento de Trabalhadores Rurais Sem Terra (MST) na área do parque e nos terrenos vizinhos, até três dias após o julgamento. Mas os manifestantes poderão acessar a área.

""Uma vez que a ocupação do Parque da Harmonia por particulares necessita de prévio assentimento do Poder Público, mas não a circulação de pessoas por ali, e dado o caráter auto-executivo que caracteriza o poder de polícia, defiro a proibição de formação de acampamento no interior do Parque Maurício Sirotski Sobrinho, e em seus terrenos e estacionamentos lindeiros, cabendo ao Poder Público, mormente suas forças policiais, zelar pela cumprimento desta decisão"", escreveu.

No texto, o juiz defendeu o direito às manifestações, mas repetiu que os atos devem ser previamente informados. ""O direito de manifestação está garantido constitucionalmente, para tanto basta que seja previamente informado o local de reunião às autoridades e se desenvolva de modo ordeiro"", sustentou o juiz.

O MPF também solicitava que o Parque da Redenção fosse designado para receber protestos a favor de Lula, e o Parque Moinhos de Vento recebesse apenas manifestantes contrários ao petista, mas o pedido foi negado pelo juiz federal.

A decisão provocou reações do Partido dos Trabalhadores e do MST. Em 15 de dezembro, o movimento no Rio Grande do Sul definiu que montaria um acampamento na capital gaúcha no mês de janeiro, devido ao julgamento de Lula.

Em nota, a Comissão Executiva Nacional do PT afirmou que a decisão é um ""ataque à democracia"", que os atos a favor de Lula sempre foram pacíficos e legítimos, e que utilizará ""todas as medidas judiciais cabíveis"".

MST diz que vai manter mobilização
Por meio de nota, o MST informou que continuará com a mobilização marcada para a semana em que acontece o julgamento do recurso, e que não deve recorrer da decisão.

""O Movimento não vai recorrer da decisão do juiz Osório Avila Neto, que proibiu a instalação de acampamento de Trabalhadores Rurais Sem Terra e a realização de manifestações nas proximidades do prédio do Tribunal na capital gaúcha, mas reafirma a importância da unidade de trabalhadores e trabalhadoras e a legitimidade de promover suas livres manifestações de apoio político junto com outros movimentos populares, centrais sindicais e militantes de partidos políticos"", diz o comunicado.

Julgamento de Lula
O julgamento do recurso apresentado pelo ex-presidente Luiz Inácio Lula da Silva no processo do triplex em Guarujá será realizado às 8h30 do dia 24 de janeiro de 2018, na sede do Tribunal Regional da 4a Região (TRF4), em Porto Alegre.

A data foi marcada em 12 de dezembro pela 8a Turma da Corte. Em nota, a defesa de Lula criticou a ""tramitação recorde"" do processo.

Em julho, Lula foi condenado pelo juiz Sergio Moro, responsável pela Lava Jato na primeira instância, a 9 anos e seis meses de prisão por corrupção passiva e lavagem de dinheiro no processo envolvendo o triplex. A acusação foi de ocultação da propriedade do imóvel, recebido como propina da empreiteira OAS em troca de favores na Petrobras.

Outros dois réus no mesmo processo também foram condenados, e quatro, absolvidos.

A Justiça Federal no Paraná também determinou o bloqueio de R$ 16 milhões, estabelecido como dano mínimo, e o sequestro do apartamento. Lula também teve bloqueados mais de R$ 600 mil de contas bancárias e cerca de R$ 9 milhões que estavam depositados em dois planos de previdência privada.

A sentença publicada no dia 12 de julho permite que o petista recorra em liberdade.

De acordo com a assessoria do TRF4, a marcação do julgamento ocorreu pela necessidade de prazo hábil mínimo para intimação das partes e por conta do recesso do tribunal, que será de 20 de dezembro a 6 de janeiro.

No dia 15 de dezembro, o TRF4 publicou um despacho do presidente da corte Carlos Eduardo Thompson Flores Lenz com informações sobre os processos julgados neste ano, até o dia 13. Segundo o documento, mais de 49% dos casos foram concluídos em menos de 150 dias – no caso do ex-presidente, a demora será de 127 dias.

Caso os desembargadores decidam manter a decisão da primeira instância, eles podem determinar a prisão de Lula – que, no caso, seria executada por Moro em Curitiba – ou decidir que o ex-presidente só irá para a prisão após todos os recursos terem sido esgotados.

Em 2016, o Supremo Tribunal Federal (STF) determinou que um réu condenado em segunda instância já comece a cumprir a pena de prisão mesmo que esteja recorrendo aos tribunais superiores. O assunto, porém, deve voltar a ser discutido pelos ministros, mas ainda não há data para esse julgamento.

A inelegibilidade de Lula, por sua vez, é assunto para a Justiça Eleitoral. A Lei da Ficha Limpa prevê que um condenado em segunda instância – como seria o caso do ex-presidente, caso os desembargadores confirmem a sentença – não pode se candidatar.

Mas uma eventual condenação, por si só, não influenciaria em uma possível candidatura. Neste caso, a decisão ficaria por conta do Tribunal Superior Eleitoral (TSE), que pode ser acionado pelo Ministério Público Eleitoral (MPE) ou por algum adversário político, ou ainda decidir por iniciativa própria do magistrado.

Ainda assim, Lula teria duas possibilidades de recurso: ao pleno do TSE e ao Supremo Tribunal Federal (STF).",https://g1.globo.com/rs/rio-grande-do-sul/noticia/juiz-determina-area-para-manifestantes-e-proibe-acampamento-do-mst-durante-julgamento-de-lula-em-porto-alegre.ghtml,,G1 RS,politica,29/12/2017,news,fakebr:43,fakebr
2876,"Ao condenar Aldemir Bendine a 11 anos de cadeia por corrupção passiva (seis anos) e lavagem de dinheiro (cinco anos), o juiz federal Sérgio Moro decidiu manter o ex-presidente da Petrobrás na prisão da Lava Jato, em caráter preventivo. Bendine foi preso em 31 de julho na Operação Cobra, 42.a fase da Lava Jato, por suposta propina de R$ 3 milhões recebidos do empresário Marcelo Odebrecht , em 2015, para supostamente favorecer a empreiteira. Pela decisão de Moro, ele não poderá recorrer da sentença em liberdade. “Considerando a gravidade em concreto dos crimes em questão e que envolvem o pagamento de vantagem indevida a presidente da Petrobrás que foi nomeado exatamente para resolver os problemas decorrentes da corrupção sistêmica que havia contaminado a atividade da empresa, a revelar ousadia criminosa e desprezo pela missão recebida, fica mantida a prisão cautelar decretada contra Aldemir Bendine”, sentenciou Sérgio Moro. + Fachin nega habeas corpus a Aldemir Bendine, ex-presidente da Petrobrás O magistrado também decidiu pela ‘interdição’ de Bendine para o exercício de cargo ou função pública ou de diretor, membro de conselho ou de gerência de empresas públicas pelo dobro do tempo da pena privativa de liberdade relativo à lavagem de dinheiro, ou seja, por dez anos. Moro assinalou que duas parcelas da propina da R$ 3 milhões foram recebidas ‘logo após a prisão preventiva de Marcelo Bahia Odebrecht, o que é revelador de ainda mais desapreço à lei penal por seus infratores’. O juiz também condenou o empreiteiro a 10 anos de prisão por corrupção ativa, mas no caso de Odebrecht substituiu a pena pela sanção acertada no acordo de delação premiada fechado com a Procuradoria-Geral da República. Em outro trecho da sentença, Moro apontou para a conduta de Bendine em parceria com o publicitário André Gustavo Vieira da Silva, suposto elo da propina da Odebrecht para o ex-presidente da Petrobrás. “Agregue-se que Aldemir Bendine, juntamente com André Gustavo Vieira da Silva, no curso da investigação, falsificaram documentos para acobertar o crime e que foram apresentados perante o Supremo Tribunal Federal, o que é um indicativo de que estavam dispostos a condutas extremas para livrarem-se das sanções criminais”, anotou o magistrado. Moro destacou que Bendine, ‘já ciente das investigações’, adquiriu passagem de ida para Lisboa em 28 de julho de 2017 – três dias antes de ser preso – e não comunicou a Justiça. “Somente após a efetivação da prisão antes da viagem é que (Bendine) admitiu o fato e, então, apresentou comprovação da aquisição da passagem de volta, mas nada garante que ela seria efetivamente utilizada”, segue o juiz na sentença. “Aldemir Bendine ainda tem dupla cidadania, no caso brasileira e italiana, e dispondo de significativos recursos financeiros, poderia refugiar-se com facilidade no exterior e com decorrentes dificuldades para obtenção da extradição.” Moro ainda citou ‘episódio no qual o empresário Joesley Batista, pessoa envolvida em diversos crimes de corrupção, indicou, em diálogo gravado, o nome de Aldemir Bendine para a presidência da Vale do Rio Doce em troca de compensação financeira a seu grupo e a agentes políticos, acordo criminoso este que contaria com o conhecimento de Aldemir Bendine’. “O episódio indica que as conexões de Aldemir Bendine com pessoas envolvidas em atividades criminais é mais profunda e que a solicitação e o recebimento de vantagem indevida reconhecidas neste processo podem não ter sido algo ocasional em sua vida profissional, o que recomenda a manutenção da prisão mesmo na fase recursal, propiciando a abertura de novas investigações sem o risco de destruição ou fabricação de provas por parte dele”, alertou o magistrado. Para manter Bendine atrás das grades, o juiz da Lava Jato considerou, ainda, a ‘natureza dos riscos envolvidos, de reiteração delitiva, perturbação do processo com documentos falsos, risco à aplicação da lei penal’. “Não se vislumbram medidas cautelares alternativas aptas à substituição da prisão cautelar para preveni-los”, decidiu Moro. “Afinal, tais condutas são praticadas subrepticiamente, sendo inviável controlá-las salvo pela prisão preventiva.” COM A PALAVRA, O ADVOGADO ALBERTO ZACHARIAS TORON, QUE DEFENDE BENDINE “Essa sentença representa um avanço muito grande porque absolveu Aldemir Bendine do crime de organização criminosa, de obstrução de justiça, de seis acusações de lavagem e de duas de corrupção dentre as três que era acusado. Essa sentença limpa a área e clareia o horizonte para um terreno mais justo do que aquele vislumbrado pelo Ministério Público Federal. Quanto às duas condenações, vamos recorrer porque entendemos que o juiz se equivocou porque a pena é extremamente elevada”. COM A PALAVRA, MARCELO ODEBRECHT A reportagem entrou em contato com a defesa. O espaço está aberto para manifestação. COM A PALAVRA, ARCOS PROPAGANDA A assessoria de comunicação da agência Arcos e do empresário Antônio Carlos Vieira da Silva Junior esclarece que ele foi absolvido na Operação Lava Jato pela ausência de provas. Reitera, ainda, que André Gustavo não é mais sócio da agência há aproximadamente dois anos e que ela não faz parte do processo. Assim, a Arcos não está impedida de atender seus clientes ou disputar novas contas públicas ou privadas.",http://politica.estadao.com.br/blogs/fausto-macedo/por-ousadia-criminosa-bendine-fica-na-cadeia-da-lava-jato/,,"Luiz Vassallo, Julia Affonso e Ricardo Brandt",politica,07 de março de 2018,news,fakebr:2876,fakebr
3487,"Após críticas de Lula, associação diz que investigações da Lava Jato são sérias, técnicas e impessoais. Ex-presidente da República afirmou que investigadores da Lava Jato têm tese pronta e não querem a verdade. Presidente da ANPR diz que discurso de Lula repete fala de outros investigados. .  O presidente da Associação Nacional dos Procuradores da República (ANPR), José Robalinho Cavalcanti, divulgou nota neste sábado (6) na qual afirma que as investigações da Operação Lava Jato são ""sérias, técnicas e impessoais"". A declaração é uma resposta da associação às críticas do ex-presidente da República Luiz Inácio Lula da Silva à operação da qual é alvo. ( veja a íntegra da nota ao final desta reportagem) . Nesta sexta-feira (5), durante a abertura do 6o Congresso Estadual do PT em São Paulo, Lula afirmou que os investigadores da Lava Jato já têm uma ""tese pronta"" e não ""querem a verdade"" . Lula fez as afirmações após a divulgação do depoimento do ex-diretor da Petrobras Renato Duque ao juiz federal Sérgio Moro em que Duque afirma que o petista ""tinha conhecimento de tudo"" em relação aos esquemas de corrupção na estatal. ""As investigações e processos da Lava-Jato são sérias, técnicas e impessoais. Se prova precisasse disso, é só observar que o discurso do ex-presidente Lula é exatamente o mesmo de dirigentes de outros partidos políticos, também investigados e processados na Lava-Jato"", diz trecho da nota divulgada pela ANPR. Cavalcanti também lamentou a frase de Lula, segundo a qual, na hipótese de um dia o petista se reeleger, quem sabe irá mandar prender aqueles que o investigam. Cavalcanti afirmou que isso não irá deter qualquer agente de estado ou a marcha serena e impessoal da Justiça. Ele afirmou que a declaração de Lula não é digna de quem foi, por oito anos, o supremo mandatário do país. Cavalcanti disse ainda que o ex-presidente Lula sabe muito bem que chefes do Executivo não mandam prender ninguém em um estado de Direito. A justiça, segundo o presidente da ANPR, é que o faz. Cavalcanti diz, na nota divulgada, que o argumento de que há uma grande conspiração universal contra o ex-presidente Lula não se sustenta em fatos. Acrescentou que, para a defesa de Lula, todos, inclusive ex-aliados do petista, mentem. O presidente da ANPR diz que, para a defesa, apenas o ex-presidente falaria a verdade. Para Cavalcanti, é um direito do réu alegar o que quiser, mas será a Justiça, independente e técnica, quem decidirá. Veja a íntegra da nota: As investigações e processos da Lava-Jato são sérias, técnicas e impessoais. Se prova precisasse disso, é só observar que o discurso do ex-presidente Lula é exatamente o mesmo de dirigentes de outros partidos políticos, também investigados e processados na Lava-Jato. O argumento de que há uma grande conspiração universal contra o ex-presidente Lula não se sustenta em fatos, muito menos uma conspiração, a que a cada testemunho de um ex-aliado com conhecimento interno da matéria a defesa e o ex-presidente acusam de também participar. Todos, segundo a defesa, mentem. Apenas o ex-presidente falaria a verdade. A ampla defesa permite todos os argumentos, é direito de qualquer réu alegar o que quiser. A justiça - independente e técnica - decidirá. De resto, apenas lamentar a frase, que soa como ameaça, de que - supõe-se legitimamente que depois de mais uma vez eleito presidente - irá mandar prender os que investigam. Isto não irá deter qualquer agente de estado ou a marcha serena e impessoal da Justiça, mas não é uma declaração digna de quem foi por oito anos foi o supremo mandatário do país. O ex-presidente sabe muito bem que chefes do executivo não mandam prender ninguém em um estado de direito. A justiça é que o faz. José Robalinho Cavalcanti",https://g1.globo.com/politica/operacao-lava-jato/noticia/apos-criticas-de-lula-associacao-diz-que-investigacoes-da-lava-jato-sao-serias-tecnicas-e-impessoais.ghtml,,"Por G1, Brasília",politica,06/05/2017 21h21,news,fakebr:3487,fakebr
877,"Sexta-feira, 1o de dezembro de 2017. Boa noite! Aqui estão as principais notícias para você terminar o dia bem-informado.  O resultado do PIB, o indicador que mede o nível de atividade na economia brasileira, foi de 0,1% no 3o trimestre. Mas segundo economistas e analistas de mercado o índice bastante tímido não reflete uma recuperação mais disseminada da economia. O consumo das famílias mostrou avanço. E o Brasil finalmente conheceu seus adversários na primeira fase da Copa do Mundo de 2018: Suíça, Costa Rica e Sérvia. O Produto Interno Bruto brasileiro cresceu 0,1% no terceiro trimestre deste ano , na terceira alta seguida na comparação com os três meses anteriores. Em valores correntes, o PIB alcançou R$ 1,6 trilhão. Os economistas ouvidos pelo G1 previam uma variação do PIB maior no terceiro trimestre, mas o índice foi compensado por uma revisão dos trimestres anteriores. Entre os setores da economia, indústria e serviços avançaram, enquanto a agricultura registrou retração. A Fifa realizou hoje o sorteio dos grupos da Copa do Mundo de 2018. A seleção brasileira c aiu no Grupo E e faz sua estreia no dia 17 de junho em Rostov contra a Suíça. Depois pega a Costa Rica no dia 22 de junho, em São Petersburgo, e fecha a primeira fase contra a Sérvia em Moscou, dia 27 de junho. Confira como ficaram todos os grupos do mundial do ano que vem. Foi lançado hoje o E-título , documento digital que pode substituir no dia da eleição o título de eleitor. A novidade já valerá na eleição do ano que vem para qualquer eleitor. O E-título exibe informações sobre quitação eleitoral, dados sobre cadastramento biométrico e endereço do local de votação, disponibilizando, inclusive, um mapa com geolocalização. O ministro Gilmar Mendes, do STF, mandou soltar, pela 3a vez , o empresário do setor de ônibus do Rio Jacob Barata Filho e o ex-presidente da Federação das Empresas de Transportes de Passageiros do Estado do Rio (Fetranspor) Lélis Teixeira. Os dois são alvos de um desdobramento da Lava Jato no Rio. Mendes já havia determinado em agosto, por duas vezes, que os dois fossem soltos. Mas decisões judiciais os levaram à prisão novamente. A expectativa de vida ao nascer no Brasil era de 75,8 anos em 2016, um aumento de três meses e 11 dias em relação ao ano anterior, segundo o IBGE. Ao longo do tempo a expectativa do brasileiro vem aumentando: o brasileiro que nascia em 1940 vivia, em média, 45,5 anos; em 1970, 57,6 anos, chegando a mais de 75 anos a partir de 2015. O Ministério da Saúde registrou aumento no número de casos de HIV em 2016. Foram 37.884 casos, alta de 4%. Desde 2014, com uma mudança na política de notificações de novas infecções, a tendência é de alta. Mas para um especialista ""essas políticas não explicam totalmente o incremento das notificações de HIV, ainda mais quando é visível um aumento entre homens mais jovens"". O G1 foi a Montevidéu para saber como está a venda legal de maconha no país vizinho, desde a criação da política em 2013. A demanda dos usuários é maior do que a oferta e o sistema de produção e distribuição ainda é insuficiente. Outro entrave são as restrições dos bancos ao dinheiro oriundo desse tipo de comércio. bancos locais necessitam de parceiros que sejam dos EUA, que têm restrições. Médicos nos EUA atenderam um homem de 70 anos, diabético e com histórico de doenças no coração e no pulmão, que chegou ao hospital com uma tatuagem que dizia ""não ressuscite"" . Ele inicialmente foi tratado e mantido respirando. Depois de avaliar a história, consultores de ética sugeriram aos médicos que o pedido fosse acatado. Na mesma noite, o estado do paciente piorou e ele morreu sem interferência.",https://g1.globo.com/resumo-do-dia/noticia/sexta-feira-1-de-dezembro-de-2017.ghtml,,Por G1,politica,01/12/2017 19h44,news,fakebr:877,fakebr
339,"Delações da Odebrecht: Lula é citado em seis petições enviadas por Fachin ao Paraná . Assessoria do ex-presidente nega que ele tenha cometido irregularidades. .  O ministro Edson Fachin, relator da Operação Lava Jato no Supremo Tribunal Federal (STF), remeteu à Justiça Federal do Paraná seis petições com o conteúdo de delações de executivos da Odebrecht com citações a Luiz Inácio Lula da Silva e pessoas próximas a ele. As citações apontam proximidade entre o ex-presidente e a empreiteira e troca de benefícios pessoais indevidos a agentes públicos por vantagens comerciais. Os documentos assinados pelo relator não mencionam valores, datas e os crimes supostamente cometidos. Em nota, o Instituto Lula nega ter cometido qualquer irregularidade (veja abaixo). Seis executivos da Odebrecht detalham a aproximação da empreiteira com os governos Lula e Dilma e citam os ex-ministros Antonio Pallocci e Guido Mantega. Eles detalham a criação do setor de operações estruturadas dentro da empreiteira, a criação da empresa Braskem, os pagamentos que teriam sido feitos ao governo e o funcionamento das planilhas ""italiano"" e ""pós-italiano"", em suposta referência a Palocci e Mantega respectivamente. Oito executivos da Odebrecht relatam que a empreiteira teria custeado despesas do ex-presidente como reformas em um sítio em Atibaia (SP), aquisição de imóveis para uso pessoal, instalação do Instituto Lula e pagamentos de palestras, condutas que poderiam funcionar como retribuição a favorecimento da companhia. Lula se comprometeu a intermediar conversas da Odebrecht com a então presidente Dilma em troca de apoio da empreiteira a apoiaria empresas do filho do ex-presidente, Luís Cláudio Lula da Silva, de acordo com delações de Emílio Odebrecht e de Alexandrino Alencar. Destaca entretanto uma reunião entre Luís Cláudio Lula da Silva e representantes da empresa, ocasião em que foi apresentado ao grupo o projeto “Touchdown”, associado à criação de liga de futebol americano no Brasil, também sob prévia apuração da Justiça Federal do Paraná. Uma das petições remetidas por Fachin referente aos inquéritos que apuram a conduta de Lula e do filho no caso foi remetida à Justiça Federal do Paraná justamente porque, diz o relator no Supremo, o MPF já possui uma apuração em andamento sobre o projeto ""Touchdown"". Os delatores Hilberto Mascarenhas Alves da Silva Filho e Alexandrino de Salles Ramos Alencar revelaram o pagamento de uma espécie de mesada a Frei Chico, irmão do ex-presidente Lula. O pagamento, sem valor e data mencionados, era de conhecimento de Lula, segundo os delatores, e tinha como finalidade a troca de favores entre agentes públicos e empresários. Lula e o ex-ministro da Casa Civil Jacques Wagner (PT-BA) atuaram em favor da Odebrecht na edição da medida provisória que excluía o Ministério Público Federal dos acordos de leniência segundo delação de Emílio Odebrecht e Cláudio Mello Filho. O Ministério Público pediu para anexar cópia das declarações ao inquérito 4325, do STF, que trata do crime de organização criminosa por parte de membros do Partido dos Trabalhadores. O ex-presidente Lula atuou em favor da Odebrecht em obras em Angola, na África, segundo depoimentos de cinco delatores da Lava Jato que relatam possível prática de ilícitos. As delações também foram acrescentadas a processo já em andamento no Supremo Tribunal Federal que investigam o Partido dos Trabalhadores. Outro lado Em entrevista a uma rádio na quinta-feira (13), Lula disse que é “inverossímil” e “irreal” a acusação feita contra ele pelo empresário Marcelo Odebrecht . Lula disse que não vai “rir, nem chorar” diante das denúncias, mas que vai ler cada peça do processo junto com seus advogados e exigir provas. ""Eu até compreendo que o Marcelo está preso há dois anos, até compreendo que ele tem família fora, que ele deve estar comendo o pão que o diabo amassou, que talvez ele esteja tentando criar condições para sair da cadeia"", declarou. Lula disse ainda que, se a construtora decidiu dar R$ 5 mil ao irmão dele, ""é problema da Odebrecht"". E que não havia irregularidade em relação à liga de futebol americano com a qual o filho estava envolvido: ""Tinha patrocínio"". “Eu continuo desafiando qualquer empresário brasileiro, qualquer empresário, a dizer que um dia o Lula pediu R$ 10 pra ele ou alguém. Se alguém pediu em meu nome, a pessoa que pediu tem que ser presa, porque eu nunca autorizei ninguém a pedir dinheiro em meu nome”, completou. Instituto Lula Em nota, o Insituto Lula informou que Lula jamais solicitou qualquer recurso indevido para a Odebrecht ou para qualquer outra empresa e sempre agiu dentro da lei antes, durante e depois de ser presidente da República democraticamente eleito por dois mandatos. O Instituto Lula funciona em uma casa adquirida em 1991 por entidade que deu origem ao Instituto Cidadania e depois ao Instituto Lula. O Instituto jamais teve outra sede ou terreno nem recebeu nenhum terreno da Odebrecht. Todas as doações ao Instituto Lula, as da Odebrecht e de outras empresas, foram feitas com os devidos registros e nota fiscal, dentro da lei e já foram informadas para a Operação Lava Jato pelo próprio Instituto no fim de 2015. Não houve ocultação ou contrapartida para as doações. O ex-presidente Lula não recebe recursos do Instituto Lula. O ex-presidente Lula e seus familiares tiveram seus sigilos fiscais e telefônicos quebrados, sua residência e de seus familiares sofreram busca e apreensão há mais de um ano, mais de 100 testemunhas foram ouvidas em processos e não foi encontrado nenhum recurso indevido para o ex-presidente. Veja a nota encaminhada pelo advogado de Lula, Cristiano Zanin Martins: ""A imprensa dedicou hoje inúmeras manchetes às delações que o Ministério Público Federal negociou com executivos do Grupo Odebrecht e, como tem ocorrido, o ex-presidente Luiz Inácio Lula da Silva foi o destaque da maioria delas. O vazamento ilegal e sensacionalista das delações, nos trechos a ele referentes, apenas reforça o objetivo espúrio pretendido pelos agentes envolvidos: manchar a imagem de Lula e comprometer sua reputação. Mas o que emergiu das delações, ao contrário do que fez transparecer esse esforço midiático, é a inocência de Lula - ele não praticou nenhum crime. É nítido que a Força Tarefa só obteve dos delatores acusações frívolas, pela ausência total de qualquer materialidade. O que há são falas, suposições e ilações - e nenhuma prova. As fantasiosas condutas a ele atribuídas não configuram crime. Desde 4 de março de 2016 o ex-Presidente passou a ser vítima direta de sucessivas ilegalidades e arbitrariedades praticadas no âmbito da Operação Lava Jato para destruir sua trajetória, construída em mais de 40 anos de vida pública. Lula já foi submetido à privação da liberdade sem previsão legal; buscas e apreensões; interceptações telefônicas de suas conversas privadas e divulgação do material obtido; e levantamento dos sigilos bancário e fiscal, dentre outras medidas invasivas.",https://g1.globo.com/politica/operacao-lava-jato/noticia/delacoes-da-odebrecht-lula-e-citado-em-seis-peticoes-enviadas-por-fachin-ao-parana.ghtml,,Por G1,tv_celebridades,12/04/2017 19h54,news,fakebr:339,fakebr
1201,"Lobos não solitários. Não bastasse o governo do Rio decretar “estado de calamidade”, o atentado em Orlando e a decisão do Estado Islâmico (EI) de traduzir suas mensagens para o português aumentaram bastante o nível de preocupação das autoridades brasileiras com a possibilidade de ataques durante a Olimpíada, que começa em 5 de agosto. Há intensa movimentação entre os órgãos de inteligência, principalmente para identificar eventuais tentativas de cooptação de brasileiros dispostos a se tornar “lobos solitários” – em geral jovens que agem praticamente sozinhos contra multidões.

.  O Brasil é um país pacífico, longe de ser potência e fora do radar de terroristas de qualquer espécie, mas a Olimpíada não é brasileira, é o maior evento esportivo do mundo e atrai atletas, delegações e turistas de dezenas de nacionalidades, principalmente americanos, franceses e ingleses, visados por terroristas islâmicos. Uma característica: a grande maioria com menos de 40 anos de idade. O evento mobilizará também um bilhão de telespectadores em todos os continentes, transformando-se num grande chamariz para terroristas internacionais que usam suas ações para publicidade. Quanto mais holofotes e manchetes para suas ações cruéis, melhor para eles. No dia seguinte ao atentado em Orlando, os setores de inteligência do Brasil já estavam em contato com a CIA (Central de Inteligência dos EUA) e com o FBI (correspondente à Polícia Federal no Brasil). Apesar da motivação homofóbica, e de não estar caracterizado o comando ou mesmo a participação do EI no ataque, o próprio autor declarou ao 911 (telefone de emergência dos EUA) que estava a serviço do EI. A troca de informações com órgãos dos EUA é para conhecer detalhes, formas de atuação, conexões e falhas na detecção do perigo. Além disso, o Brasil trabalha em conjunto com dezenas de países, como França, Inglaterra, Israel e Argentina, via Gabinete de Segurança Institucional (o GSI, extinto por Dilma Rousseff e recriado por Michel Temer), Agência Brasileira de Inteligência (Abin), PF e as três Forças Armadas. A Aeronáutica rastreará o espaço aéreo, com o suporte legal para, em caso de estrita necessidade, até abater aeronaves suspeitas. A Marinha cuidará da fronteira marítima e o Exército, junto com o GSI, coordenará uma área fundamental: a cibernética. Durante a Olimpíada haverá sete polos de inteligência para rastrear e monitorar toda e qualquer manifestação que pareça suspeita, inclusive pelas redes sociais. Brasília tem a Central Nacional de Inteligência e o Rio terá um Centro Internacional de Inteligência e um Centro dos Serviços no Exterior, com a adesão de 113 países. Haverá, ainda, quatro agências regionais nos Estados que sediarão partidas de futebol. A grande ameaça já não é mais a Al Quaeda, mas sim o EI, que vem firmando um padrão de atentados a partir do que matou 129 pessoas em Paris, no ano passado. Em vez de destacar seus quadros altamente treinados para atravessar mares, oceanos e fronteiras, o EI tem seduzido jovens de famílias muçulmanas nos próprios países-alvos para serem “lobos solitários”. É mais fácil, mais barato e com igual poder de destruição. Assim, a atenção principal está dentro, não fora do Brasil. Inversão. Renan Calheiros ameaça acatar pedido de impeachment contra o procurador-geral Rodrigo Janot, enquanto Lula entra com ação contra o juiz Sérgio Moro por “abuso de autoridade”. É ataque de quem não tem defesa. Pena leve. Sérgio Machado roubou mais para ele do que para qualquer outro político, de qualquer partido. Quem devolve R$ 75 milhões desviou quanto? E ainda fica com quanto? Pena de multa e tornozeleira desacredita a máxima de que “o crime não compensa”. Família. Por que, além de tudo, corrupto tem mania de transformar mulheres e filhos numa quadrilha?","http://politica.estadao.com.br/noticias/geral,lobos-nao-solitarios,10000058005",,"Eliane Cantanhêde, O Estado de S.Paulo",politica,19 de junho de 2016,news,fakebr:1201,fakebr
2897,"PGR pede ao STF que reverta decisão do Legislativo potiguar e afaste o deputado Ricardo Motta. Parlamentar é investigado por participar de esquema que desviou R$ 19 milhões do Idema/RN. No dia 24, a AL aprovou o retorno dele mesmo o processo estando em tramitação..  A procuradora-geral da República, Raquel Dodge, pediu ao Supremo Tribunal Federal (STF) que afaste o deputado estadual pelo Rio Grande do Norte Ricardo Motta do cargo por 180 dias. O pedido foi enviado nesta terça-feira (31). No dia 24, a Assembleia Legislativa potiguar revogou a decisão judicial que afastou o parlamentar das funções mesmo o processo estando em tramitação no STF . Ricardo José Meirelles da Motta é investigado por participar de esquema criminoso que desviou mais de R$ 19 milhões do Instituto de Desenvolvimento Sustentável do Rio Grande do Norte (Idema/RN). Para Raquel Dodge, o Decreto Legislativo no 2/2017 editado pela Assembleia do RN em 24 de outubro autorizando o deputado a retornar às funções parlamentares afronta a autoridade de decisão judicial, além do princípio do pacto federativo. “A rejeição a uma decisão judicial caracteriza-se como absoluto descumprimento ao provimento judicial e violação ao livre exercício, notadamente, na hipótese em exame, em que a Assembleia agiu por iniciativa própria, não tendo nem mesmo sido provocada pelo Judiciário para se manifestar”, sustenta a PGR. Segundo ela, a atitude do Legislativo estadual ignorou a autoridade do próprio STF. Em agosto, o ministro Luiz Fux acatou o pedido do Ministério Público para que o caso passasse à Jurisdição da Suprema Corte, visto que mais da metade dos desembargadores do Tribunal de Justiça do Rio Grande do Norte se declararam suspeitos para atuar no processo. No pedido, Raquel Dodge afirma, ainda, que o decreto da Assembleia Legislativa não se sustenta com base no decidido pelo STF na Ação Direta de Inconstitucionalidade 5526 – quando o plenário concluiu que a aplicação das medidas cautelares impostas a parlamentares devem ser submetidas à deliberação da respectiva Casa Legislativa em 24 horas. Segundo ela, o acórdão dessa decisão nem sequer foi publicado, de forma que a extensão do julgamento ainda não está totalmente definida, podendo ser discutido em embargos declaratórios (recurso em que a parte pede ao juiz que esclareça aspectos da decisão). Além disso, o STF ainda não verificou se a decisão na ADI 5526 será aplicada de forma simétrica nos demais estados da federação, conforme aponta a PGR no pedido. Outro fundamento da petição é de que o decreto foi editado sem que o processo contra o deputado tenha sido enviado ao Legislativo, o que reforça a “impropriedade do procedimento da Assembleia em se antecipar à necessária comunicação, para apressadamente, desconstituir a decisão judicial” A manifestação da PGR reforça o pedido do Ministério Público do Rio Grande do Norte para que o deputado seja afastado de suas funções como forma de garantir o curso das investigações desencadeadas pela Operação Candeeiro. Segundo Raquel Dodge, a inicial da denúncia apresentada contra o parlamentar “demonstra à exaustão a atuação do acusado como integrante de grande proeminência em organização criminosa” e “principal beneficiário do esquema criminoso”. Raquel Dodge retificou a denúncia contra o parlamentar estadual pelos crimes de peculato, lavagem de dinheiro e organização criminosa. Na mesma petição foi requerida a notificação do denunciado para que apresente defesa prévia. A defesa recebe com naturalidade o pedido da PGR. É regra nos dias atuais requerimentos feitos pelo Ministério Público que desprezam princípios constitucionais como o da presunção da inocência e a separação dos poderes. Sobre os fatos alegados, cabem os seguintes esclarecimentos: 1) Equivoca-se a Procuraria-Geral da República quando afirma que a Assembleia Legislativa do RN agiu sem ter sido provocada pelo Judiciário para se manifestar. A decisão foi formalmente enviada pelo Poder Judiciário ao Poder Legislativo; 2) A ausência de publicação do Acórdão na Ação Direta de Inconstitucionalidade 5526, não é óbice para a deliberação pela Casa Legislativa. Acaso assim o fosse, o Senador Aécio Neves não teria retornado às suas atividades como Senador da República; 3) A Constituição Federal (art. 27, §1o) garante aos Deputados Estaduais as mesmas regras sobre sistema eleitoral, inviolabilidade, imunidades, remuneração, perda de mandato, licença, impedimentos e incorporação às Forças Armadas. 4) A Constituição Estadual repete o mesmo dispositivo contido na Constituição Federal, e por efeito vinculante, a medida cautelar deferida contra Deputado Estadual no curso do mandato deve, obrigatoriamente, ser ratificada ou não pelo plenário da Assembleia Legislativa do Estado do Rio Grande do Norte; 5) Portanto, é indubitável que a Casa Legislativa, diante de decisão pela qual se aplicou medida cautelar que impossibilitava direta e indiretamente o exercício regular de mandato parlamentar, agiu de forma absolutamente legal e dentro de sua competência constitucional. A Assembleia Legislativa do Estado do Rio Grande do Norte afirma que, ao serdevidamente provocada por Partido Político, com representação nesta Casa Legislativa,deliberou, por intermédio do seu Plenário, no dia 24 de outubro corrente, SUSTOU OS EFEITOS DA DECISÃO MONOCRÁTICA do Tribunal de Justiça do Estado, proferidaem junho deste ano, ancorando-se no entendimento previsto na decisão do SupremoTribunal Federal (STF), em sede de Ação Direta de Inconstitucionalidade, de que cabeao Poder Legislativo decidir sobre o afastamento do parlamentar. A Decisão está apoiada no § 1°, do art. 27, e § 2°, do art. 53, ambos da ConstituiçãoFederal combinado com o § 1°, do art. 38, da Constituição do Estado do Rio Grande doNorte, e pela forma prevista nos arts. 19 e 20, do Regimento Interno da AssembleiaLegislativa do Estado do Rio Grande do Norte.",https://g1.globo.com/rn/rio-grande-do-norte/noticia/pgr-pede-ao-stf-que-reverta-decisao-do-legislativo-potiguar-e-afaste-o-deputado-ricardo-motta.ghtml,,Por G1 RN,politica,01/11/2017 08h30,news,fakebr:2897,fakebr
1491,"Defesa de Lula diz que fez apelo a Fachin por ação preventiva contra prisão . Advogados do ex-presidente querem que ministro analise habeas corpus apresentado na última semana. Eles criticaram velocidade do processo ao qual Lula responde no TRF-4..  Após uma reunião com o ministro Edson Fachin no Supremo Tribunal Federal (STF) nesta quinta-feira (8), o advogado Sepúlveda Pertence, que passou a integrar a defesa do ex-presidente Luiz Inácio Lula da Silva, afirmou que fez um “apelo” para que o magistrado tome uma decisão sobre o habeas corpus apresentado pela defesa do petista ao tribunal. O habeas corpus pede, preventivamente, que Lula não seja preso. Pertence argumentou que fez o apelo em razão da “velocidade” do processo no Tribunal Regional Federal da 4a Região (TRF-4), que condenou Lula na segunda instância a 12 anos e 1 mês de prisão. De acordo com decisão do próprio Supremo em outubro de 2016, réus condenados podem ser presos após esgotados os recursos em um tribunal de segunda instância. Embora ainda possa recorrer da decisão ao Superior Tribunal de Justiça (STJ) e ao STF, Lula pode ser preso ao se esgotarem os recursos ao TRF-4. “Nós fizemos o apelo dada a velocidade do tribunal de Porto Alegre. Está aberto o prazo para os embargos de declaração e, consequentemente, próximo à queda da suspensão da ordem de prisão”, disse Pertence após a reunião. Ex-presidente do STF, Pertence participou da reunião com Fachin ao lado de outros três advogados que integram a defesa de Lula: Cristiano Zanin, José Roberto Batochio e Evandro Pertence. A defesa de Lula ingressou no dia 2 de fevereiro com o pedido no STF para que ele não seja preso até a decisão definitiva sobre o processo no qual foi condenado por corrupção e lavagem de dinheiro no caso do tríplex do Guarujá. Lula nega as acusações e já foi lançado como pré-candidato do PT à Presidência da República. Em janeiro, a 8a Turma do Tribunal Regional Federal da 4a Região (TRF-4) manteve, por unanimidade, a condenação do ex-presidente determinada pelo juiz federal Sérgio Moro. Os três desembargadores que analisaram o caso ampliaram a pena de prisão de 9 para 12 anos. Lula tem o direito de recorrer da condenação ao Superior Tribunal de Justiça (STJ) e ao STF, no entanto, ele pode ser preso no momento em que se esgotarem os recursos no TRF-4. A Corte publicou na terça (6) o acórdão do julgamento do recurso do petista. O Ministério Público acusou o ex-presidente de receber propina da empreiteira OAS, no valor de R$ 2,2 milhões, em troca do favorecimento da empreiteira em contratos na Petrobras. De acordo com o MP, a suposta vantagem foi paga por meio da reserva e reforma do apartamento triplex no Guarujá, cuja propriedade teria sido ocultada das autoridades. No habeas corpus apresentado ao STF, os advogados de Lula pediram que o caso seja analisado diretamente pela Segunda Turma do STF e não primeiro pelo relator da Operação Lava Jato na Corte, Edson Fachin. No caso de o STF negar o habeas corpus, a defesa do ex-presidente pede que se aguarde o julgamento do caso pelo STJ, corte de terceira instância e abaixo do STF. O pedido é semelhante ao apresentado ao STJ e negado pelo vice-presidente do tribunal, ministro Humberto Martins. A defesa argumentou que a Constituição e o Código de Processo Penal preveem que a pessoa só é considerada culpada após o trânsito em julgado do processo, quando já não são possíveis mais recursos na Justiça.",https://g1.globo.com/politica/noticia/defesa-de-lula-diz-que-fez-apelo-a-fachin-por-acao-preventiva-contra-prisao.ghtml,,"Por Guilherme Mazui, G1, Brasília",politica,08/02/2018 12h56,news,fakebr:1491,fakebr
2163,"Relator conclui voto sobre recurso de Lula contra condenação na Lava Jato. Lula foi condenado pelo juiz Sérgio Moro, em 1a instância, e recorreu ao Tribunal Regional Federal em Porto Alegre. Processo passa agora por revisor e não tem data para ir a julgamento..  O desembargador João Pedro Gebran Neto, do Tribunal Regional Federal da 4a Região (TRF-4), em Porto Alegre, concluiu seu voto de relator no recurso do ex-presidente Luiz Inácio Lula da Silva contra condenação em primeira instância no processo da Lava Jato que envolve um triplex em Guarujá (SP). No entanto, ainda não há uma data para o julgamento. Até lá, o conteúdo do voto do relator é sigiloso e fica disponível somente para os desembargadores da 8a turma, que analisarão o caso. A defesa de Lula recorreu na segunda instância contra a condenação a 9 anos e 6 meses de prisão pelos crimes de corrupção passiva e lavagem de dinheiro imposta pelo juiz Sérgio Moro, da Justiça Federal do Paraná. Após a conclusão do voto do relator, o processo vai para o desembargador Leandro Paulsen, revisor do caso na 8a turma do TRF-4. Como não há um prazo para ele devolver o processo, não existe uma previsão para o julgamento – quando os desembargadores decidirão se rejeitam ou aceitam o recurso, ou ainda se modificam a condenação de Lula. Compõem a 8a Turma do TRF-4 três desembargadores: o relator João Pedro Gebran Neto, o revisor Leandro Paulsen, e o decano da Corte, Victor Laus. O processo chegou ao TRF-4 em 23 de agosto. A última movimentação foi às 14h16 de sexta-feira (1), quando Gebran enviou o processo ao gabinete de Paulsen. Agora, o revisor fará o mesmo trabalho: analisará todo o processo para elaborar seu voto. Depois, o terceiro magistrado recebe o documento. Os votos só serão conhecidos no dia do julgamento. Um julgamento no TRF-4 demora, em média, de 10 meses a um ano. O Supremo Tribunal Federal (STF) já determinou que, a partir do resultado do julgamento da segunda instância, o condenado passa a cumprir a pena de prisão e se torna ficha-suja, ou seja, não poderá disputar eleições. A sentença de Moro foi publicada no dia 12 de julho e permitiu que o petista recorresse em liberdade. Lula é acusado de ocultar a propriedade de uma cobertura triplex em Guarujá, no litoral paulista, que seria propina da empreiteira OAS em troca de favores na Petrobras. No mesmo processo, Lula foi absolvido por ""falta de prova suficiente da materialidade"" das acusações de corrupção e lavagem de dinheiro envolvendo o armazenamento do acervo presidencial numa transportadora, que teria sido pago pela empresa OAS. Em entrevista após a sentença publicada por Moro, o presidente do TRF-4 disse que o julgamento de processo contra Lula deve acontecer antes das eleições de 2018 . ""Imagino que até agosto do ano que vem esse processo vai estar julgado. Ou o tribunal confirma essa decisão e ele [Lula] fica inelegível ou reforma a decisão e ele está liberado para concorrer"", afirmou Carlos Eduardo Thompson Flores Lenz na ocasião. A defesa de Lula já havia se manifestado sobre a condenação. ""A absolvição de Lula é o único resultado possível em um julgamento imparcial e independente, pois o ex-presidente não praticou qualquer crime e por isso o MPF não conseguiu apresentar prova de suas acusações"", afirmou, em nota. Outros dois réus no mesmo processo também foram condenados, e quatro, absolvidos ( veja a lista completa abaixo ). Réus no processo Luiz Inácio Lula da Silva, ex-presidente: condenado por corrupção passiva e lavagem de dinheiro a 9 anos e 6 meses de prisão no caso do triplex. Absolvido dos mesmos crimes no caso do armazenamento de bens. Léo Pinheiro, ex-presidente da OAS: condenado por corrupção ativa e lavagem de dinheiro a 10 anos de 8 meses de prisão no caso do triplex. Absolvido dos mesmo crimes no caso do armazenamento de bens. Agenor Franklin Magalhães Medeiros, ex-executivo da OAS: condenado por corrupção ativa a 6 anos de prisão. Paulo Gordilho, arquiteto e ex-executivo da OAS: absolvido da acusação de lavagem de dinheiro. Paulo Okamotto, presidente do Instituto Lula: absolvido da acusação de lavagem de dinheiro. Fábio Hori Yonamine, ex-presidente da OAS Investimentos: absolvido da acusação de lavagem de dinheiro. Roberto Moreira Ferreira, ligado à OAS: absolvido da acusação de lavagem de dinheiro. Os votos são mantidos em sigilo até a data do julgamento. Quando as decisões da Turma são por maioria, o réu pode entrar com novo recurso no TRF-4 pedindo a prevalência do voto mais favorável. Os embargos infringentes são julgados pela 4a Seção, que reúne a 7a e 8a Turmas, especializadas em matéria criminal. Nesse colegiado, composto pelos seis desembargadores das turmas e presidido pelo vice-presidente do TRF-4, a relatoria das ações da Lava Jato é da desembargadora federal Cláudia Cristofani.",https://g1.globo.com/rs/rio-grande-do-sul/noticia/relator-de-recurso-sobre-condenacao-de-lula-na-lava-jato-em-segunda-instancia-conclui-voto-e-encaminha-processo.ghtml,,Por G1 RS,politica,04/12/2017 09h08,news,fakebr:2163,fakebr
2731,"Após pressão, tribunal vai revisar sentenças contra Parlamento na Venezuela. Supremo Tribunal de Justiça assumiu as funções do Congresso na quarta (29). Medidas motivaram protestos da oposição e críticas da comunidade internacional. .  O máximo tribunal venezuelano irá revisar duas sentenças, com as quais assumiu as funções do Parlamento e retirou a imunidade de seus deputados na quarta-feira (29), segundo um acordo entre os poderes públicos anunciado na madrugada deste sábado (1o). As medidas motivaram protestos da oposição e críticas da comunidade internacional. Para determinar a intervenção, a Justiça alegou que o Parlamento, que tem maioria de oposição ao governo Maduro, funcionava em ""situação de desacato"" desde que três deputados opositores cuja eleição foi suspensa por suposta fraude eleitoral foram juramentados. A justiça declarou a situação de desacato no início de 2016, logo após a posse da nova Assembleia, que pela primeira vez em 16 anos passou a ser controlada pela oposição ao chavismo. O chamado Conselho de Defesa, integrado pelos poderes do Estado, havia sido convocado pelo presidente Nicolás Maduro para solucionar as diferenças, depois que a procuradora-geral, Luisa Ortega, ligada ao chavismo, denunciou, que as sentenças do TSJ representavam uma ruptura da ordem constitucional. Os representantes dessas instituições - menos do Parlamento- decidiram ""exortar o Supremo Tribunal de Justiça a revisar as decisões (...) com o propósito de manter a estabilidade institucional e o equilíbrio de poderes mediante os recursos contemplados na ordem jurídica venezuelana"", diz o texto, de acordo com a France Presse. O opositor Julio Borges, presidente da Assembleia, negou-se a comparecer, alegando que Maduro ""é ""responsável pela quebra da ordem constitucional"" e ""não pode pretender, agora, ser um mediador"". O vice-presidente do Legislativo, Freddy Guevara, rejeitou o acordo, assinalando que ""uma revisão da sentença que deixe tudo como estava não resolve um golpe de Estado"". ""A pressão nacional e internacional continuará até que se restitua a linha conconstitucional"", advertiu Guevara no Twitter. A intervenção foi considerada pela oposição um ""golpe"" de Nicolás Maduro , o que o governo nega . O chefe de Estado afirmou que ""na Venezuela, há plena vigência da Constituição, dos direitos civis e políticos, dos direitos humanos"". Maduro afirmou ser vítima de um ""linchamento diplomático"" e de um plano liderado por Estados e governos de direita, através da OEA, para derrubá-lo. Na sexta-feira, manifestantes fecharam uma rodovia importante de Caracas e também se concentram em frente à sede do Supremo Tribunal de Justiça. A Organização das Nações Unidas (ONU) expressou na sexta-feira (31) ""grave preocupação"" e pediu ao país para reconsiderar a decisão porque ""a separação de poderes é essencial para a democracia para o trabalho"". Vários países também condenaram a iniciativa do judiciário venezuelano. O Peru foi o 1o país da região a reagir à medida, retirando de ""maneira definitiva"" seu embaixador na Venezuela. Nesta manhã, a Colômbia chamou o embaixador na Venezuela para consultas após a intervenção do Judiciário no Congresso. Em nota publicada pelo Itamaraty, o governo brasileiro repudiou a medida e a considerou ""um claro rompimento da ordem constitucional"". Ao lado de outros cinco países membros da União Sul-americana de Nações (Unasul), o Brasil divulgou um comunicado condenando a situação na Venezuela. O Paraguai afirmou que a medida é um rompimento absoluto com o estado de direito. Já presidente do Chile, Michelle Bachelet, condenou qualquer situação que ""altere a ordem democrática"" na Venezuela. O Mercosul, que suspendeu a Venezuela em dezembro, convocou para este sábado os chanceleres dos países-membros para uma reunião urgente sobre a ""grave situação institucional"" da Venezuela, além de reiterar o apoio do bloco aos princípios do Estado de Direito. Além disso, vinte países solicitaram a convocação de uma reunião urgente do Conselho Permanente da Organização dos Estados Americanos (OEA) para avaliar o agravamento da crise, que deve ocorrer na segunda-feira. O secretário-geral da Organização de Estados Americanos (OEA), Luis Almagro, denunciou um ""autogolpe"". Argentina, Canadá, Costa Rica, Estados Unidos, Guatemala e Panamá também manifestaram sua preocupação pela decisão do Supremo venezuelano.",https://g1.globo.com/mundo/noticia/tribunal-vai-revisar-sentencas-contra-parlamento-venezuelano.ghtml,,Por G1,politica,01/04/2017 08h34,news,fakebr:2731,fakebr
1422,"Segunda-feira, 12 de março. Bom dia! Aqui estão os principais assuntos para você começar o dia bem-informado..  As preocupações com a segurança pública continuam na pauta do Congresso. Câmara e Senado devem voltar a discutir propostas contra a violência, que não deu trégua durante o final de semana, e fez mais vítimas no Ceará, no Rio e em São Paulo. No Planalto, Temer monta o arsenal contra as duas investigações sobre ele. A ideia é pedir empenho e dedicação dos aliados na defesa do governo. E no Nepal, um avião caiu no aeporto com cerca de 70 pessoas a bordo. O Congresso retoma nesta semana a análise de projetos na área de segurança pública . O Senado tem na pauta propostas como a que traz possibilidades de agravamento da pena de feminicídio. A Câmara pode iniciar análise do texto que cria um sistema integrado de segurança. O presidente Michel Temer mandou convocar hoje líderes e vice-líderes governistas numa articulação para demonstrar força em meio às duas investigações das quais é alvo, segundo blog da Andréia Sadi. A ideia é ""pedir empenho, dedicação e defesa do governo"", segundo um interlocutor do presidente. Um avião de passageiros caiu enquanto aterrissava no aeroporto de Katmandu , capital do Nepal. A aeronave da companhia aérea bengalesa US-Bangla transportava 67 passageiros e quatro tripulantes, segundo a Reuters. Segundo informações iniciais, 17 pessoas foram resgatadas com vida. E se você desligou no fim de semana, confira o que mais foi notícia: Uma série de ataques em Fortaleza deixou 7 mortos e 7 feridos na noite de sexta-feira. Um suspeito foi preso no domingo. A polícia investiga se os crimes têm relação com briga entre torcidas e tráfico de drogas. Dois torcedores permanecem internados. Pelo menos 5 pessoas morreram e 4 ficaram feridas na Região Metropolitana do Rio neste fim de semana. Entre os mortos estão mãe e filho baleados dentro de carro e adolescente de 15 anos atingida na cabeça por tiro de fuzil. Duas pessoas morreram e 4 ficaram feridas após serem baleadas em São Bernardo do Campo, no ABC Paulista, na madrugada de domingo. A polícia investiga se o ataque está relacionado ao tráfico de drogas. Ninguém foi preso. O corpo de uma mulher foi achado no lago do Parque Ibirapuera , em São Paulo. A vítima ainda não foi identificada pela polícia, que estima que ela tivesse idade entre 25 e 30 anos. Exames do IML vão apontar a causa da morte. O parlamento da China alterou no domingo a Constituição para permitir que o presidente Xi Jinping permaneça no comando do país por tempo ilimitado . O líder comunista que controla a mídia, a internet e persegue opositores ganhou o direito de permanecer no poder por toda a vida enquanto abre a economia chinesa e respeita o interesse de empresas estrangeiras. O partido do ex-presidente Álvaro Uribe ganhou força após as eleições parlamentares, no domingo. O Centro Democrático conquistou maioria no Senado e foi a segunda legenda com mais representantes na Câmara. Sebastián Pinera tomou posse da presidência do Chile no domingo. Ex-presidente conservador e representante da coalização de centro-direita ""Chile Vamos"", ele sucede a socialista Michelle Bachelet. Um casal morreu soterrado em um deslizamento de terra em Petrópolis, na Região Serrana do Rio. As vítimas são um homem e uma mulher com idade aproximada de 45 anos. Com este caso, já são 4 mortes por causa da chuva na cidade em uma semana. Um acidente de avião no Irã matou a filha de um empresário turco, 7 amigas e 3 tripulantes no fim de semana. Elas voltavam da despedida de solteira de uma delas em Dubai. A última foto do grupo no Instagram mostra as 8 amigas vestindo roupões e óculos escuros em um hotel de luxo. Veja abaixo os gols do Fantástico:",https://g1.globo.com/agenda-do-dia/noticia/segunda-feira-12-de-marco.ghtml,,,sociedade_cotidiano,12/03/2018,news,fakebr:1422,fakebr
1860,"Noiva que morreu em acidente de helicóptero queria fazer surpresa ao noivo. Noivo aguardava no altar e não sabia que noiva chegaria de helicóptero, segundo dono do buffet e organizador da festa. Morreram ainda o irmão da noiva, a fotógrafa do casamento e o piloto..  A noiva que morreu no acidente em São Lourenço da Serra , na Grande São Paulo, na tarde deste domingo (4), tinha o sonho de chegar ao seu casamento de helicóptero, segundo o dono do buffet e responsável pela organização da festa, Carlos Eduardo Batista. O noivo a aguardava no altar quando soube do acidente com o helicóptero que deixou a sua futura mulher, o irmão dela, a fotógrafa do casamento, que estava grávida, e o piloto, mortos. Segundo informações da delegacia de Itapecerica da Serra, que apurou o caso, morreram no acidente: A cerimônia e a festa de casamento de Rosemeire e Udirley aconteceriam às 16h no Recanto Beija-Flor, espaço para festas de casamentos na cidade da Grande São Paulo, mesmo horário da queda da aeronave. “O noivo não sabia que ela chegaria de helicóptero. Seria uma surpresa para ele e para todas as pessoas da festa. Todas as noivas tem um sonho e o dela era chegar de helicóptero a seu casamento sem que ninguém soubesse”, disse Carlos, um dos poucos que sabia da surpresa para poder organizá-la. O dono do buffet afirmou que estranhou quando o helicóptero não pousou no campo de futebol do sítio e procurou a empresa responsável pela aeronave. “O dono disse que o helicóptero já tinha subido e que já deveria ter chegado”. “Pouco depois, ele mesmo me disse que uma aeronave tinha caído, mas que não imaginava que seria a sua própria”, completou. Na sequência, Carlos procurou autoridades, como Bombeiros e Polícia Civil e apenas informou ao noivo e aos convidados que a noiva não conseguiria chegar de helicóptero como havia planejado por causa do mau tempo. Outras noivas já haviam planejado chegar de helicóptero à festa no Recanto Beija-Flor e tiveram que terminar o percurso de táxi, por exemplo, segundo Carlos. Quando recebeu a confirmação da queda e das mortes, Carlos comunicou primeiramente o noivo. “Chamei o pastor que estava na cerimônia e ele foi comigo comunicar para tentar acalantar o noivo. Ele ficou em estado de choque. Depois, os demais convidados [cerca de 300] souberam e ninguém sabia como agir. Foi uma tragédia”. Alguns familiares e convidados permaneceram no local da festa e outros foram embora. O helicóptero que caiu é do modelo Robinson 44, matrícula PRTUN, segundo a Aeronáutica. De acordo com o órgão, uma equipe do Seripa IV (Quarto Serviço Regional de Investigação e Prevenção de Acidentes Aeronáuticos) está indo para o local para começar as investigações do acidente. A Agência Nacional de Aviação Civil (Anac) informou, por meio de sua assessoria de imprensa, que a aeronave estava com inspeção válida até 16 de dezembro, que o certificado de aeronavegabilidade estava normalizado e que poderia voar até dia 1o de fevereiro de 2017 e que a capacidade era de 3 pessoas, sem contar o piloto. De acordo com Carlos, o helicóptero saiu de um hangar em Osasco e caiu a cerca de 2km do local da festa. A queda ocorreu na Estrada da Barrinha e oito carros dos bombeiros foram para o local. A aeronave caiu em uma região de mata fechada, próxima à Rodovia Régis Bittencourt. Por volta das 18h, quando o Globocop sobrevoava a área, havia neblina e chuva. O caso será investigado pela Aeronáutica e pela delegacia de São Lourenço da Serra.",https://g1.globo.com/sao-paulo/noticia/noiva-que-morreu-em-acidente-tinha-sonho-de-ir-de-helicoptero-ao-casamento.ghtml,,"Por Cíntia Acayaba, G1 São Paulo",sociedade_cotidiano,04/12/2016 20h24,news,fakebr:1860,fakebr
223,"Paulinho da Força assina manifesto de apoio a Lula

Aliado durante o governo, Paulinho foi um dos principais articuladores do impeachment de Dilma Rousseff

O deputado Paulo Pereira da Silva, o Paulinho da Força, presidente do Solidariedade e da Força Sindical, assinou o manifesto “Eleição sem Lula é Fraude” que defende o direito de o ex-presidente Luiz Inácio Lula da Silva ser candidato na eleição presidencial deste ano.

Aliado de Lula durante o governo do PT, Paulinho foi um dos principais defensores e articuladores do impeachment da presidente cassada Dilma Rousseff.

Segundo aliados do parlamentar, Paulinho justificou a adesão ao manifesto com o argumento de que “Lula só pode ser afastado pelo voto popular” e não por decisões judiciais.

O ex-presidente foi condenado a 9 anos e 6 meses de prisão em primeira instância no caso do tríplex do Guarujá. No dia 24 o Tribunal Regional Federal da 4a Região (TRF-4) vai julgar a apelação da defesa de Lula. Se a condenação for confirmada o petista pode ser enquadrado na Lei da Ficha Limpa e ficar inelegível.

O manifesto “Eleição sem Lula é Fraude” foi elaborado pelo ex-ministro das Relações Exteriores Celso Amorim e conta com mais de 150 mil assinaturas, entre elas as do linguista Noam Chomsky e do cineasta Oliver Stone.

Paulinho não é o único possível adversário de Lula a assinar o documento. A deputada estadual Manuela d'Ávila (PC do B-RS), pré-candidata pelo PC do B, e o líder sem-teto Guilherme Boulos, que negocia a possibilidade de ser candidato pelo PSOL, também firmaram o manifesto.

Artistas. Na semana que antecede o julgamento no TRF-4 Lula vai participar de duas reuniões com artistas e intelectuais em São Paulo, no dia 15, e no Rio, dia 16.","http://politica.estadao.com.br/noticias/geral,paulinho-da-forca-assina-manifesto-de-apoio-a-lula,70002147351",,Ricardo Galhardo,politica,11/1/2018,news,fakebr:223,fakebr
2719,"Pedófilo relata drama: Doença tem que ser tratada como se tratam as drogas. GloboNews entrevistou homem denunciado por uma vítima há dois anos. Médicos dizem que procura por tratamento aumentou após ações da PF contra pedofilia. .  A pedofilia é uma doença crônica, que não tem cura. Os médicos fazem uma comparação com a diabetes e o alcoolismo, que exigem cuidado redobrado e tratamento por muito tempo, ou talvez por toda a vida. Nesse sentido, a internet surgiu como um complicador, tanto para os pacientes quanto para os profissionais que fazem esse acompanhamento. A GloboNews entrevistou um homem que, por medo de ser preso por pedofilia, passou a fazer tratamento para se livrar da doença. Ele foi denunciado por uma vítima e já está há dois anos tomando medicação e fazendo terapia de grupo para evitar recaídas. “Ocorreu quando aconteceu um fato com uma criança e essa criança falou com a mãe. E a partir desse momento minha família toda ficou sabendo, né? E foi onde entrou esse maior desespero na minha vida”, relata. ""Tinha, primeiro, o medo de todos descobrirem, e, segundo, o medo de ir pra cadeia, né? Porque a gente sabe que na cadeia a coisa não é fácil pra quem passa por esse processo.” “Eu fui confiante de que ia conseguir me tratar e ficar bem. Eu fui com isso. Porque eu acho que, quando você não sabe que existe o tratamento é uma coisa; depois que você sabe que existe o tratamento muda tudo na vida da gente.” “Eu acho que essa doença, ela tem que ser tratada assim como você trata sobre as drogas, sobre a bebida, e tudo isso aí. É complicado. Mas tem tratamento também. Se você for prender todos aqueles que são viciados em drogas, pode ver que a maioria sai de lá pior do que entrou.” A comunidade médica diz que é muito difícil evitar recaídas. Na Faculdade de Medicina do ABC, um ambulatório de transtornos sexuais atende toda semana 50 pacientes diagnosticados com pedofilia. O primeiro passo para o sucesso do tratamento esbarra, muitas vezes, na motivação do paciente. “Se essa pessoa com processo ativo busca o tratamento médico e psicológico com o objetivo de mudar o comportamento, ótimo. Se o indivíduo busca o tratamento como uma desculpa, isso não é saudável. Nem para o ambulatório, nem para o paciente”, diz Danilo Antonio Balteri, médico psiquiatra e coordenador do ambulatório de transtornos da sexualidade da Faculdade de Medicina do ABC. “A possibilidade de acesso desse sujeito ao material pela internet é muito ampliada e constantemente vem se ampliando”, diz Carlos Eduardo Alves Teixeira, psicólogo do mesmo ambulatório. “É preciso ter uma maior necessidade de conter esse impulso. Seja com técnicas que ele possa desenvolver, ou pela vigilância de um familiar. Pode ser um bilhete do lado do computador que relembre que ele vai acessar o banco, escrever um texto, pagar uma conta, de uma forma que ele cesse esse impulso à pornografia.” O médico destaca que, nos últimos dois anos, cada movimento da Polícia Federal no combate ao crime fez com que muitas pessoas com a doença ou com a preocupação de acabarem com o problema tenham buscado ajuda. Quem vai fazer tratamento tem de seguir uma série de regras para não ser denunciado. “A partir do momento em que o profissional identifica uma situação abusiva na iminência de acontecer, e consegue até identificar possíveis vítimas, é colocado isso referente ao contrato que tem que ser denunciado”, diz o psicólogo Carlos Eduardo Alves Teixeira. Além disso, não pode haver mais vítimas. “O que ocorreu no passado não pode mais acontecer. Nós não temos obrigatoriedade de denunciar o que aconteceu antes do tratamento. Mas, iniciando o tratamento, nós temos sim a necessidade, muitas vezes, de denunciar, caso a ofensa sexual ocorra ou mesmo esteja na iminência de acontecer”, diz Baliteri. O tratamento prévio é apontado como medida preventiva. Ou, se for tarde demais, é possível investir no tratamento como medida complementar a uma pena de prisão, uma política que ainda engatinha no Brasil. “É uma discussão que engloba toda a sociedade, neurologistas, sociólogos, é isso que vai muito além. Mas uma coisa é certa, as crianças precisam ser protegidas.” Só uma delegacia da Polícia Federal em São Paulo prendeu neste ano 20 pessoas em flagrante com pornografia infantil. Mas a maioria não chega a cumprir pena na cadeia. “A maior parte não fica presa porque a maioria é pega não por compartilhar, só por manter o arquivo. É mais difícil de rastrear o compartilhamento”, explica Renata Andrade Lotufo, juíza da 4a Vara Criminal Federal de São Paulo.",https://g1.globo.com/sao-paulo/noticia/pedofilo-relata-drama-doenca-tem-que-ser-tratada-como-se-trata-as-drogas.ghtml,,"Por Isabela Leite e Leo Arcoverde, GloboNews, São Paulo",tv_celebridades,01/11/2017 12h04,news,fakebr:2719,fakebr
419,"Os três desembargadores da 8.a Turma Penal do Tribunal Regional Federal da 4.a Região (TRF-4), em Porto Alegre, julgarão nesta segunda-feira, 26, além do embargo de declaração do ex-presidente Luiz Inácio Lula da Silva, três pedidos de revisão de sentenças do juiz federal Sérgio Moro, da Operação Lava Jato de Curitiba, outros dois casos de embargos de declaração, um deles do ex-presidente da Câmara Eduardo Cunha (PMDB-RJ), e um agravo de instrumento, em processo contra o doleiro Alberto Youssef. A sessão está marcada para as 13h30 e não terá transmissão nem por vídeo e nem por áudio, como no histórico julgamento da apelação criminal da defesa de Lula contra a sentença de Moro, em 24 de janeiro, quando o TRF-4 confirmou a condenação do ex-presidente no caso triplex, por corrupção e lavagem de dinheiro, e aumento a pena de 9 anos e 6 meses para 12 anos e 1 mês de prisão. + Dos 77 condenados por Moro, Tribunal da Lava Jato só absolveu 5 O recurso da defesa do petista, chamado embargo de declaração, busca corrigir pontos obscuros e omissões no texto do acórdão da 8.a Turma. Os advogados do petista entregaram o embargo de declaração no dia 20 de fevereiro . A defesa apontou 23 omissões, obscuridades ou contradições no mérito do acórdão e indicaram ainda dez omissões nas preliminares do julgamento. Se houver pedido de preferência por parte das defesas, o julgamento poderá ocorrer no início da sessão. Se não, será julgado após as sustentações orais. A sessão da 8a Turma é pública, mas devido a restrições de espaço físico, somente terão acesso à sala as procuradorias e os advogados das partes. Amigo. Pela ordem dos processos, a sessão marcada para começar às 13h30 desta segunda-feira deve começar com os julgamentos das chamadas apelações criminais, que são os pedidos de revisão de sentença de Moro. São três processos que serão votados pelos membros da turma: o relator da Lava Jato, desembargador João Pedro Gebran, e os desembargadores Leandro Paulsen, revisor, e Victor Laus. Nesta segunda-feira, 26, será julgado pelo TRF-4 também a apelação do amigo do ex-presidente Lula, o pecuarista José Carlos Bumlai, condenado a 9 anos e 10 meses de prisão, em setembro de 2016 . Conhecido por ter livre acesso ao Planalto durante os governos do petista (2003 a 2009), Bumlai é protagonista do emblemático empréstimo de R$ 12 milhões que tomou junto ao Banco Schahin, em outubro de 2004. O dinheiro, segundo o próprio pecuarista, foi destinado ao PT, na ocasião em dificuldades de caixa. Segundo a Lava Jato, em troca do empréstimo, o Grupo Schahin foi favorecido por um contrato de US$ 1,6 bilhão sem licitação com a Petrobrás, em 2009, para operar o navio sonda Vitória 10.000. Lula, que não é acusado nesta ação, teria dado a ‘bênção’ ao negócio – o que é negado pela defesa do petista. Ronan. Outra apelação em votação será a do empresário Ronan Maria Pinto, condenado a 5 anos de prisão por lavagem de dinheri em março de 2017 , pelo recebimento de parte dos R$ 12 milhões emprestados por Bumlai fraudulentamente do Banco Schahin. A Lava Jato apontou que R$ 5,6 milhões foram destinados ao empresário por meio de repasses em seus negócios de empresas de ônibus. Ronan foi preso na 27.a fase da Lava Jato (Operação Carbono 14), em 1.o de abril de 2016. Foi solto cinco meses depois, com tornozeleira eletrônica por determinação do TRF-4, que reformou ordem de prisão preventiva de Moro, e pagamento de fiança de R$ 1 milhão. Lobista. O TRF-4 julgará também recurso da defesa do lobista e operador de propinas Zwi Skornicki, que atuava em nome da multinacional Keppel Fels, e virou delator da Lava Jato. Ele confessou ter pago propinas para as campanhas de Lula e da ex-presidente Dilma Rousseff via marqueteiro João Santana – também condenado. Skornicki foi condenado a 15 anos e 6 meses de prisão em fevereiro de 2017, mas como fez acordo, sua pena foi convertida com base no acordo . Segundo a Lava Jato em Curitiba, os envolvidos acertaram propinas do Grupo Keppel Fels em contratos de plataformas e navios-sondas da Petrobrás. “A outra metade (da propina da Keppel Fels) seria destinada ao Partido dos Trabalhadores, responsável pela sustentação política de Renato de Souza Duque no cargo. O acusado João Vaccari Neto era o responsável pela arrecadação desses valores e destinou parte deles para pagamentos de serviços publicitários destinados ao Partido dos Trabalhadores e prestados pelos acusados Mônica Regina Cunha Moura e João Cerqueira de Santana Filho.” Embargos. Além de Lula, outros réus aguardam julgamento do TRF-4 de seus embargos nesta segunda-feira, 26. Há outros dois processos com recursos desse tipo em análise. Um deles foi movido pela defesa do ex-presidente da Câmara Eduardo Cunha, preso em Curitiba desde outubro de 2016. Cunha foi condenado a 15 anos e 4 meses de prisão por Moro em março de 2017. Ele foi responsabilizado pelos crimes de corrupção, de lavagem e de evasão fraudulenta de divisas, na compra de campo petrolífero em Benin, na África, pela Petrobrás, em 2011. O peemedebista teria recebido US$ 1,5 milhão de propina, recorreu ao TRF-4, e a pena foi reduzida para 14 anos e 6 meses em novembro de 2017. Serão votados também os embargos dos ex-executivos da Galvão Engenharia, Dario Queiroz Galvão Filho e Jean Alberto Luscher. Em novembro do ano passado, a 8.a Turma aumento a pena de Galvão Filho de 13 anos e 2 meses de prisão para 20 anos e 6 meses e de Luscher de 11 anos e 8 meses de prisão para 14 anos e 4 meses. No pacote de votações da Lava Jato será analisado ainda um pedido de recurso, chamado de agravo de instrumento, da Fazenda Nacional, que pede parte do valor que foi levantado pela Lava Jato com o doleiro Alberto Youssef para reparação de danos causados por sonegação fiscal. O pedido foi negado em primeira instância pelo Moro e será agora avaliado pelo TRF-4.",http://politica.estadao.com.br/blogs/fausto-macedo/cunha-bumlai-youssef-e-ronan-tambem-estao-na-pauta-do-trf-4-que-analisa-recurso-de-lula/,,"Ricardo Brandt, enviado especial a Porto Alegre, Julia Affonso e Fausto Macedo",politica,26 de março de 2018,news,fakebr:419,fakebr
1321,"Sexta-feira, 5 de janeiro de 2018. Boa noite! Aqui estão as principais notícias para você terminar o dia bem-informado.  A reportagem do G1 teve acesso a investigações do Ministério Público que apontam a Baía de Guanabara como uma importante rota de entrada de armas e drogas na cidade do Rio e na Baixada Fluminense. E o policiamento, no entanto, é praticamente inexistente. Para se ter uma ideia em todo o ano passado não houve registro de apreensão de fuzis pela PF na região. E mais: apesar das revelações sobre processos trabalhistas envolvendo a nova ministra do Trabalho o governo diz que nada muda em relação à escolha de Cristiane Brasil. Nos 380 km² da Baía de Guanabara chegam às mãos de quadrilhas fuzis como o .50, exibido em vídeo com aliados do traficante Rogério 157. São barcos pequenos com acesso a comunidades à beira da água. ""A Baía de Guanabara é uma terra de ninguém. Tudo passa por ali e não há policiamento nenhum"", diz Silvia Ramos, professora de estudos de segurança e cidadania. Veja a reportagem completa . O G1 teve acesso aos relatórios de inspeções no Complexo Prisional de Aparecida de Goiânia, local de 3 rebeliões em 5 dias: o local abriga quase três vezes mais presos do que a capacidade projetada . São 5,8 mil presos abrigados em um lugar para pouco mais de 2 mil detentos. O novo diretor-geral de Administração Penitenciária disse que haverá uma força-tarefa para diminuir os problemas do sistema prisional. Deputados federais da base afirmaram ao G1 que o governo Temer premiará parlamentares que foram fiéis nas votações com indicações de prefeituras que receberão recursos para ambulâncias e equipamentos odontológicos. O Ministério da Saúde diz que ""obedece a critérios técnicos”. Mas Darcísio Perondi, um dos vice-líderes do governo na Câmara, afirmou que o critério será mesmo a fidelidade do parlamentar. O ministro Carlos Marun (Secretaria de Governo) descartou em entrevista à repórter Andréia Sadi recuar da nomeação de Cristiane Brasil para o Ministério do Trabalho por ter respondido a duas ações trabalhistas por não assinar a carteira de dois motoristas particulares. ""Recuar? Não vamos recuar, não tem alteração. O governo está contente com o fato de ela ter aceitado o desafio"", afirmou Marun. O Governo da Venezuela informou ao Itamaraty que o brasileiro Jonatan Moisés Diniz, de 31 anos, está detido em um edíficio de segurança no país. A família estava sem notícias desde o dia 26 de dezembro. O governo venezuelano não detalhou exatamente o paradeiro, se é uma prisão ou delegacia, mas informou que Diniz está bem. O consulado brasileiro aguarda autorização para visitá-lo, o que ocorreria ainda hoje. A produção de veículos no Brasil fechou com alta de 25,2% em 2017 . O desempenho encerra 3 anos seguidos de queda na produção de veículos brasileira e a alta foi puxada pelas exportações que marcaram o recorde histórico neste ano. De janeiro a dezembro de 2017, as montadoras enviaram 762.033 veículos para fora do país, um crescimento de 46,5% se comparado ao ano anterior. Michael Wollf, que lançou hoje um aguardado e explosivo livro sobre o presidente dos EUA, Donald Trump, disse que os membros da equipe do mandatário o veem como uma criança e o chamam de idiota . Ele ressaltou que sustenta ""absolutamente"" a veracidade do texto, apesar das alegações da Casa Branca de que ele está cheio de ""falsidades"". ""Este homem não lê, ele não escuta, é como uma bola de fliperama"", afirmou. Pelo menos 12 corredores de Sorocaba, no interior de São Paulo, correram a tradicional corrida de São Silvestre, na capital , com o mesmo número de inscrição: 23.023. O fato está sendo investigado e apurado pela coordenação da prova. Os corredores usaram a mesma camiseta de uma assessoria esportiva, a Run Up. O advogado da empresa nega as fraudes e diz que a empresa é contra este tipo de atitude. A Philip Morris, maior fabricante de cigarros do mundo, anunciou que pretende deixar de vender cigarros tradicionais no Reino Unido e substituí-los por alternativas que ajudem a largar o vício em nicotina, como o cigarro eletrônico, que está em seu portifólio de produtos. ""A Philip Morris é conhecida por seus cigarros. Todo ano, muitos fumantes desistem de fumar. Agora é nossa vez"", diz o comunicado. A desenvolvedora de software corporativo Salesforce demitiu o diretor-geral de sua filial no Brasil, um outro executivo e um funcionário de sua unidade brasileira depois de uma polêmica criada durante festa à fantasia da empresa no fim de 2017. A reclamação era que um funcionário se fantasiou como o ""Negão do WhatsApp"", personagem que ficou famoso ao se tornar meme no aplicativo. Leia mais .",https://g1.globo.com/resumo-do-dia/noticia/sexta-5-de-janeiro-de-2018.ghtml,,Por G1,politica,05/01/2018 19h20,news,fakebr:1321,fakebr
135,"Kassab não descarta Alckmin, mas diz que Meirelles é o 'plano A' do PSD

Presidente licenciado do PSD, o ministro Gilberto Kassab (Ciência, Tecnologia, Inovações e Comunicações) afirma que Henrique Meirelles é o ""plano A"" do partido para disputar a Presidência neste ano. Segundo ele, não há ""plano B ou C"" na legenda ao nome do ministro da Fazenda.

Kassab deixa a porta aberta para possível apoio ao governador Geraldo Alckmin (PSDB), outro presidenciável, se a candidatura de Meirelles não vingar.

O ministro recebeu a Folha em seu gabinete nesta quarta (3) para sua primeira avaliação da conjuntura eleitoral. Para ele, é fundamental que os defensores das reformas do governo de Michel Temer se unam em torno de uma única candidatura.

""Tenho me esforçado muito para que esse caminho seja o Meirelles. Mas pode ser o Meirelles, o presidente Temer, por que não? E pode ser o Alckmin"", disse.

Kassab ainda diz que aceitaria ser vice numa chapa ao governo de São Paulo liderada pelos tucanos José Serra ou João Doria. ""Mas não é hora de discutir isso"", afirma.

*

Folha - Em recente entrevista à Folha, o presidente da Câmara, Rodrigo Maia, disse que Henrique Meirelles, primeiramente, precisa saber se o PSD vai até o fim com ele. O partido vai até o fim com a candidatura do ministro?
Gilberto Kassab - Alguém questionar a honestidade da relação de confiança entre PSD e Meirelles é subestimar o que se tem na vida pública. Isso são mais observações para tentar jogar um contra o outro. Nenhum partido faz por um presidenciável o que o PSD faz pelo Meirelles. Temos imenso orgulho de tê-lo filiado. Ele tem tido desempenho que poucas vezes um gestor teve à frente da Fazenda.

Encontrou situação adversa e conseguiu reverter tendências, apresentar resultados extraordinários. Grandes lideranças do partido têm se organizado para recebê-lo. Nenhum partido deu um tempo de televisão como demos a ele.

Você fazer uma afirmação de que ele será ou não candidato é cair numa cilada para que nossas relações possam ser deterioradas. Ele poderá ser como não ser. E o partido não tem como candidatura própria plano B ou plano C, só plano A, que é o Meirelles.

Meirelles diz que o governo terá um candidato para defender o legado e que não será o Alckmin. O sr. concorda?
Acho que aqueles que acreditam que as reformas tenham sido positivas para o Brasil, sejam os partidos, sejam os presidenciáveis, precisam estar juntos, para não correr o risco de haver divisão no primeiro turno e nenhum chegar no segundo.

O ideal é ter um só candidato defendendo o governo?
É difícil fazer uma afirmação dessa, porque cada partido tem autonomia, independência. Mas que precisa haver esforço para que essas forças que defendem as reformas, que esses presidenciáveis e partidos estejam juntos, é fundamental. E todos vão precisar ter bom senso para entender qual o melhor caminho.

Tenho me esforçado muito para que esse caminho seja o Meirelles. Mas pode ser o Meirelles, o presidente Temer, por que não? E pode ser o Alckmin. Na medida em que tenha clareza do plano de governo, é mais saudável e prudente que tenhamos um só candidato.

Mas o Meirelles deixa claro que o PSDB não defende o legado do governo e que esse candidato deveria defender.
Não vou falar pelo PSDB, falo pelo PSD. Entendo que tem aquele grupo de presidenciáveis que defende essas reformas e acho que o Alckmin, pelo que tenho visto, tem defendido. O Meirelles nem se fala. O Temer nos lidera. Presidenciável não significa candidato, mas que tem condição de ser presidente. O Temer tem, já é, o Meirelles tem e o Geraldo Alckmin também. É importante um esforço para um entendimento.

O Meirelles não passa de 2% nas pesquisas. Se ele se mantiver nesse patamar, o PSD vai bancar sua candidatura?
Essa resposta é muito difícil. A pesquisa é muito importante, mas não a única maneira de se avaliar. Quando fui candidato à reeleição à prefeitura de São Paulo [em 2008], tinha 2%, 3%, e acabei vencendo.

Meirelles é um presidenciável. Afirmar agora que será candidato é um desrespeito com os companheiros de partido. O Meirelles sabe que o que tiver nosso alcance para ser viabilizado será feito. E na hora certa vamos discutir com ele.

Qual o milagre para uma candidatura decolar até o fim de março ?
Não é decolar. O processo está começando. Ninguém pode desqualificar o perfil do Meirelles, como o do Temer e o do Alckmin.

O tom do discurso do sr. é de que o partido não está totalmente convencido de que Meirelles será candidato.
O partido trabalha para que seja. É evidente. O que está a nosso alcance para fortalecer a candidatura do Meirelles, estamos fazendo. O partido admite eventualmente não ter candidato, mas nosso esforço é para ter.

Não é difícil defender o legado de um governo com uma aprovação tão pífia, de 5%?
A discussão na eleição é totalmente diferente da de hoje. Na eleição vamos ter números, as pessoas vão lembrar que estão convivendo com uma inflação baixa, que era alta, corroendo salários. Vamos ter as pessoas atestando alimentos mais baratos.

O sr. defende reformas, mas metade da bancada do partido é contra a da Previdência.
Vamos conviver com essa dificuldade de fechar questão por alguns anos. Nosso esforço será para dar o maior número de votos possíveis.

Por que Meirelles omitiu a reforma da Previdência no programa de TV do PSD?
Não, ele citou. O programa partidário tem limitações. O Meirelles com muita clareza citou a nova Previdência.

No programa do PSD, Meirelles disse que o governo anterior [de Dilma Roussef] ""quebrou"" o país. O sr. foi ministro dela.
Cada governo com suas circunstâncias. O processo de formação do PSD ocorreu no alinhamento em 2014 com uma candidatura do PT. E a bancada me escolheu como ministro [na época] e agora como do Temer. O partido, em ambos os casos, estava tentando dar sua contribuição.

O que muda a disputa com ou sem a candidatura do Lula?
O PT é forte. Com ou sem Lula, vai ter um protagonismo com chance muito grande de segundo turno. O eleitor que vota no Lula dificilmente deixará de votar num candidato apoiado por ele. Não estou entre os que acham que, sem Lula, algo muda.

O PSD apoiaria um candidato do PSDB a governador de SP?
Pode apoiar. Sempre cito duas candidaturas: a de José Serra e a do [João] Doria. O Serra com certeza apoiaríamos e o Doria não tem porque não apoiar. Em princípio, porque depende muito de circunstâncias.

O sr. aceitaria ser vice do Doria ou do Serra?
Aceitaria. O partido não se sentiria diminuído. Mas não é hora de discutir isso. Candidatura a vice não se discute. O momento é de definir o rumo do partido.",http://www1.folha.uol.com.br/poder/2018/01/1947875-kassab-nao-descarta-alckmin-mas-diz-que-meirelles-e-o-plano-a-do-psd.shtml,,Leandro Colon,politica,4/1/2018,news,fakebr:135,fakebr
33,"Roberto Góes, do PDT, é o deputado do AP que mais faltou na Câmara em 2017
Das 119 sessões, o parlamentar compareceu somente em 51 delas ao longo do ano. Todos os deputados do Amapá tiveram faltas na Câmara.

Roberto Góes (PDT) foi o deputado federal do Amapá que mais faltou às sessões realizadas no plenário da Câmara dos Deputados, em Brasília, ao longo do ano de 2017, com ausência em 57,1%. Das 68 faltas, 34 foram justificadas como “licença para tratamento de saúde”, 22 apontadas como “Missão Autorizada” e “Decisão da Mesa” e outras 12 não foram explicadas. Os dados constam no “Relatório de Presença em Plenário”, disponível no site do órgão.

Em uma rede social, o deputado declarou que a atividade parlamentar “vai muito além” de estar no gabinete, comissões e plenário, como a presença em “audiências nos ministérios, a liberação das emendas parlamentares, as viagens em missões oficiais e os compromissos institucionais e políticos no Estado”. Góes afirmou ainda que as ausências estão “todas devidamente justificadas” e “atendem às normas” da Câmara.

Além dele, outro parlamentar que tem um número alto de faltas no plenário é Vinícius Gurgel (PR). Com 42% de faltas, ele não compareceu a 50 sessões este ano, sendo 33 justificadas por licença de saúde, 4 por decisão da mesa, e 13 sem explicações.

Em entrevista concedida ao Bom Dia Brasil, Gurgel alegou que tem trabalho voltado para a busca de emendas parlamentares para garantir uma parcela do orçamento federal para o Amapá.

“Aqui não é só trabalho parlamentar, não é só votar. Nosso trabalho é buscar emendas. Fui o deputado que mais conseguiu emendas para o meu estado. Então aqui é uma casa diversa, cada um atua numa área. Eu sou um deputado municipalista. Estou aqui em Brasília para buscar recursos para o meu estado. Eu trabalho nos ministérios, conseguindo recursos”, disse, ao repórter Chico Regueira.

Foram realizadas este ano 119 sessões deliberativas entre 2 de fevereiro e 19 de dezembro. Na outra ponta, aparecem os deputados Professora Marcivânia (PCdoB), 7,6% de faltas e André Abdon (PP), com 5,1%. Todos os deputados do Amapá tiveram ausências registradas no plenário da Câmara. Deles, somente o deputado Cabuçu Borges (PMDB) aparece com todas as ausências justificadas.

Cabuçu declarou, por meio de nota, que ""tem ausências justificadas por viagens oficiais, como representante da Câmara dos Deputados e suas comissões"". Ele afirmou ainda que, como faz parte do Parlamento Latino Americano (Parlatino) e União Interparlamentar (UIP), ""tem compromissos parlamentares que estão além do ambiente da Câmara dos Deputados"", como viagens para representar o país em encontros no exterior.

O G1 entrou em contato com as equipes dos deputados do Amapá e aguarda retorno.",https://g1.globo.com/ap/amapa/noticia/roberto-goes-do-pdt-e-o-deputado-do-ap-que-mais-faltou-na-camara-em-2017.ghtml,,Fabiana Figueiredo,politica,27/12/2017,news,fakebr:33,fakebr
3517,"CPI dos maus-tratos infantis é instalada no Senado e define presidente e relator. Magno Malta (PR-ES) vai presidir a comissão, e a relatoria ficará com José Medeiros (PSD-MS). .  Senadores instalaram nesta quarta-feira (9) a Comissão Parlamentar de Inquérito (CPI) dos maus tratos-infantis. Na primeira reunião, o colegiado definiu que o senador Magno Malta (PR-ES) será o presidente e o senador José Medeiros (PSD-MS) será o relator. A CPI vai investigar casos, envolvendo crianças e adolescentes, de automutilação, suicídio, abuso, exploração, violência e trabalho infantil. Medeiros disse que o tema pode não estar em evidência no Congresso, mas afeta diretamente o futuro do país. ""Alguns podem dizer que esse tema não é importante ou é um assunto menor. Mas na verdade estamos cuidando aqui do futuro do Brasil"", afirmou o senador. Um ponto muito debatido durante a primeira sessão da CPI foi o surgimento de novas formas de abuso e agressão infantil. Para Magno Malta, é necessário encontrar formas de combater os crimes praticados por meio da internet. ""O abuso infantil no Brasil tem muitas vertentes, trabalho escravo, violência doméstica e a internet tornou o crime mais patente, mais presente, com as redes sociais e aplicativos"", disse o presidente da comissão. Para auxiliar os debates, a comissão solicitou a participação, como consultores, de representantes da Procuradoria Geral da República, Polícia Federal, Tribunal de Justiça e da organização Safernet.",https://g1.globo.com/politica/noticia/cpi-dos-maus-tratos-infantis-e-instalada-no-senador-e-define-presidente-e-relator.ghtml,,"Por G1, Brasília",tv_celebridades,09/08/2017 13h11,news,fakebr:3517,fakebr
227,"Brasil, aborto e democracia

Legalizar o aborto e deixar as mulheres decidirem sobre seus corpos é uma questão de democracia.

O STF negou a liminar de Rebeca para interromper sua gestação de forma segura. Ela, em uma viagem à Colômbia para falar de seu caso, viu-se amparada pela lei local e realizou o aborto de forma legal e segura. A história de Rebeca teve um final feliz (apesar da legislação brasileira). 

Não têm o mesmo desfecho, entretanto, centenas de milhares de mulheres brasileiras. Segundo a última Pesquisa Nacional do Aborto, a estimativa é que 416 mil mulheres tenham interrompido voluntariamente a gravidez apenas no ano de 2014. Essas mulheres o fazem sem amparo da lei, submetendo-se a métodos e profissionais duvidosos – mas que ainda parecem uma opção melhor do que seguir com a gestação. Muitas vezes pagam com a vida por essa escolha, enquanto os homens que as engravidaram saem ilesos.

Os números são apenas uma estimativa, é verdade, já que por ser ilegal é impossível colher dados totalmente confiáveis sobre como ocorre o aborto no país. O que é possível afirmar, no entanto, é que a criminalização do procedimento não impede as mulheres de interromper a gravidez. Uma mulher que quer abortar, aborta – e o caso de Rebeca deixa isso bem claro.

Legislar sobre o corpo da mulher diz muito sobre uma democracia. Na verdade, diz sobre a falta dela. Quem me atentou para isso foi Sebastian Rodriguez, Coordenador dos Programas para a América Latina e Caribe da ONG Center for Reproductive Rights. Os apontamentos de Sebastian, reproduzidos abaixo, dão uma boa noção de como é a situação do Brasil em comparação com outros países.

Nas últimas semanas, este tem sido o tema do blog, impulsionado principalmente por conta da tramitação da PEC que pode tornar o aborto ilegal em qualquer caso no Brasil – o que seria um retrocesso de quase um século e uma mudança na contramão do mundo. Este é o último texto do ano sobre o assunto e reúne, além de Sebastian, algumas observações trazidas pela Pesquisa Nacional do Aborto, de Débora Diniz, Marcelo Medeiros e Alberto Madeiro.

Confira os outros textos sobre aborto aqui, aqui e aqui.

ebastian Rodriguez, Coordenador dos Programas para a América Latina e Caribe da ONG Center for Reproductive Rights:

– Dos 7 países que proíbem totalmente o aborto, apenas um (Malta) não está na região da América Latina e do Caribe.

– A legislação sobre aborto é um forte indicador de quão desenvolvida é a democracia de um país. Isso porque, em geral, quanto mais diversidade na política, mais liberais tendem a ser as legislações – especialmente sobre aborto e direitos LGBT.

– A democracia na América Latina está, como um todo, sob ataque. Direitos sexuais e reprodutivos e cidadania LGBT são os principais alvos desse ataque.

– A América Latina é uma região muito católica. O Brasil também, e é preocupante o aumento do poder político das bancadas religiosas, que estão tentando mudar as legislações de direitos humanos.

– Comparativamente, a legislação do Brasil em relação a aborto é considerada mediana.

– Um destaque negativo da legislação brasileira é a proibição do aborto para preservar a saúde da mulher, especialmente a mental. Isso teve impactos claros durante a epidemia de zika, uma emergência de saúde que trouxe sofrimento às mulheres, que ainda assim não podiam interromper suas gestações.

– Por outro lado, o Brasil é o único país que regula especificamente sobre a anencefalia (permitindo o aborto).

– O atual momento político brasileiro e as tentativas de banir a prática por completo preocupam os especialistas internacionais, já que o Brasil ocupa um papel chave na região, sendo uma força política, econômica e social. No entanto, as ameaças ao direito ao aborto seguro não acontecem apenas no Brasil.

Confira aqui como os países da América Latina regulamentam o aborto.

Confira aqui (em inglês) como os grupos anti-aborto dos EUA estão sendo financiados para atuar na América Latina.

Pesquisa Nacional do Aborto (2016, acesse aqui):

– Das 2.002 mulheres alfabetizadas entre 18 e 39 anos entrevistadas, 13% já fez ao menos um aborto, número semelhante à Pesquisa de 2010.

– Isso significa dizer que 1 a cada 5,4 mulheres chega aos 40 anos já tendo feito ao menos um aborto.

– Cerca de metade das mulheres aborta usando medicamentos.

– Cerca de metade (48%) das mulheres precisou ser internada para finalizar o aborto, uma leve queda em relação a 2010.

– O aborto é realizado por mulheres de todas as idades, estados civis, religiões, raças,  escolaridades, classes sociais, trabalhando ou não, tendo filhos ou não. Também independe do tamanho do município em que a mulher reside.

– No entanto, as mulheres de menor escolaridade, pretas, pardas e indígenas, vivendo nas regiões Norte, Nordeste e Centro-Oeste têm taxas maiores.

– Comparando com os dados da PNA de 2010, foi possível observar que as causas que levam ao aborto permanecem estáveis. Também não muda o silêncio do Estado em torno da questão e a recusa de tratá-la como questão de saúde pública.

– Uma pesquisa da Defensoria Pública do Rio de Janeiro (2016) também aferiu que a maioria das mulheres que respondem criminalmente por ter feito aborto são negras. Acesse aqui.",http://emais.estadao.com.br/blogs/nana-soares/brasil-aborto-e-democracia/,,Nana Soares,sociedade_cotidiano,14/12/2017,news,fakebr:227,fakebr
1733,"Falência das UPPs e mais sete pontos: como o Rio chegou ao novo capítulo da guerra do tráfico na Rocinha. G1 ouviu especialistas que listaram um conjunto de falhas estratégicas que apontaram ter relação com o mais recente episódio de crise no estado. .  O cerco das Forças Armadas à Favela da Rocinha e os novos tiroteios nos morros cariocas são provas contundentes de um conjunto de falhas estratégicas na gestão da cidade e do estado, afirmam especialistas ouvidos pelo G1 . Cientistas sociais que acompanham a vida carioca listaram oito itens que ajudam a entender como o Rio chegou a esse ponto e quais as perspectivas para o futuro próximo. Veja abaixo os pontos listados: Os pontos acima e as análises abaixo foram considerados em entrevistas por Paula Poncioni , professora da UFRJ e doutora em sociologia, conselheira do Fórum Brasileiro de Segurança Pública, Jacqueline Muniz , professora da UFF, Daniel Cerqueira , conselheiro do Fórum Brasileiro de Segurança Pública e pesquisador do Ipea, e Alba Zaluar , antropóloga, e Silvia Ramos , professora do Centro de Estudos de Segurança e Cidadania. Tanto Alba quanto Silvia são especialistas associadas ao Fórum Brasileiro de Segurança Pública. É consenso entre os especialistas que o Rio (e também o governo federal) não avançou na conquista de novos métodos de investigação e monitoramento, tendo até mesmo desistido dessa ação em benefício de outras ações ostensivas ou de enfrentamento. “Evidentemente, (o novo patamar do crime organizado) mostra que é preciso mais investigação da Polícia Federal e das Forças Armadas porque tem implicações sérias com segurança nacional para conter novos movimentos que vão surgindo“ – Alba Zaluar “Inteligência não é bola de cristal. Sempre quando não se sabe o que fazer, se põe na conta da inteligência. Ninguém sabe ao certo o que quer dizer ‘inteligência policial’. Não tem como demonstrar de maneira concreta e palpável para o cidadão. Por isso é fácil usar a palavra ‘inteligência’ quando nada se faz, ou se faz pouco, ou quando não se sabe o que fazer. (...) Claro que a inteligência é fundamental, mas é um conjunto de atividades articuladas que só funcionam se forem articuladas.” – Jacqueline Muniz A ineficácia das unidades de polícia pacificadora é lamentada pelos especialistas em segurança, que apontam falta de investimentos e de ações sociais conjugadas que poderiam ter mudado a ocupação do território. “As unidades de polícia pacificadora (UPP) poderiam ter tido maior êxito. Há uma ausência de decisão em relação à política pública. Era previsto que se não houvesse avaliação e monitoramento desse programa, recursos organizacionais, materiais, isso ia ter fragilidade. ” - Paula Poncioni Além da ineficácia do modelo de UPPs, especialistas apontam que a vulnerabilidade dos policiais ao tráfico é um dos problemas graves da crise. A falta de verba nos cofres públicos e a crise pela qual o país passa se soma ao cenário. Para os especialistas, é inegável a relação entre a sequência de escândalos políticos e investigações contra políticos fluminenses e o atual momento da segurança pública. “ Governos com baixa popularidade e pouca legitimidade fazem uso das Forças Armadas como modo de substituir a ausência de adesão por uma coerção diante do medo. Uma coerção da sociedade diante do medo. (...) O cidadão, amedrontado, deixa de prestar atenção na perda de outros direitos porque ele está refém do medo, exposto ao risco deliberado, o risco de vida. Isso é histórico e é cíclico no Rio de Janeiro. O Rio de Janeiro desde a década de 80 vive crises sucessivas de segurança pública. Normalmente crises espetaculares que exigem ações espetaculares. Assusta o Brasil inteiro, mostra que o Rio não tem jeito, que as coisas não têm solução, que é só mesmo com a mão dura. Para isso é preciso fabricar, tornar mais perigoso o crime do que ele de fato é.” - Jacqueline Muniz “Em termos políticos, o Rio é um barco à deriva. E se tem um setor em que a liderança política é fundamental é na área da segurança. Quando não tem essa liderança, gera uma sinalização em dois sentidos. Para a banda podre da polícia, percebem que se ocuparem o espaço, ninguém vai repreendê-los, porque quem manda é o governador. Sabem que as chances de repressão são menores.” – Daniel Cerqueira A especialista Paula Ponioni lembra que essa crise atual na Rocinha parece estar relacionada com “conflitos internos de uma mesma facção”. Apesar disso, o cenário dos morros cariocas é formado pela disputa entre três facções locais e a presença de uma facção paulista. O custo benefício da aplicação dos militares do Exército é alto, segundo apontam os especialistas. Além disso, são ações que têm grande visibilidade, mas pouco impacto no combate ao crime. “É um custo alto para um baixo resultado desejado. O resultado é sempre pontual, provisório em relação ao custo. A manutenção das Forças Armadas custa um milhão de reais ao dia, em média. Até o final de dezembro, vão ser R$ 150 milhões ou muito mais. Só na época em que as Forças Armadas ficaram na Maré, gastou-se mais de R$ 300 milhões. (...) Não é que as Forças Armadas não possam vir em colaboração, em cooperação técnica, desenvolvendo atividades de apoio e suporte que complementam e suplementam a ação principal de polícia. Pode sim. Mas isso depende de você desenvolver um plano interagências."" - Jacqueline Muniz “O próprio comandante do Exército já deu inúmeras declarações dizendo que é inadequado tecnicamente e politicamente usar as Forças Armadas numa rotina de segurança pública. Isso não se faz em lugar nenhum nas democracias. Aliás, na maior parte das democracias, os exércitos são proibidos, são vetados de atuarem em atividades domésticas, exatamente para não produzir instabilidade no exercício do governo de um determinado país, de uma determinada cidade, de um determinado estado.” - Jacqueline Muniz “As Forças Armadas não são a solução. O que a população está vivendo é a violência, é a ameaça. Não houve avaliação como houve interrupção de todas as iniciativas nesse sentido. O Rio vive uma tragédia anunciada.” - Paula Poncioni “A gente espera que isso (invasão da Rocinha) não aconteça porque invadir a Rocinha pela enésima vez não vai adiantar nada. Há quantos anos as favelas do Rio são invadidas sem que a guerra seja interrompida? Tem vivido espaços de calmaria, mas está sempre rondando. E voltou com força agora.” Alba Zaluar “As Forças Armadas estão lá há mais de um mês, e ninguém apresentou para a sociedade até agora um plano. Nós sabemos quanto gasta. Estão gastando impostos. Teve propaganda nos aeroportos, mostrando as Forças Armadas desembarcando no Rio como se fosse uma passeata do 7 de Setembro, e como se essa chegada fosse alterar a realidade da insegurança. Não alterou, como eu havia dito antes. Não alterou não é porque não se possa colaborar e contribuir. É porque simplesmente não se tem um plano de ação com protocolos interagência, que se preste contas à sociedade, e que tenha início, meio e fim.” - Jacqueline Muniz Entre os pontos, há especialistas que questionam os rumos da política da combate às drogas, e cobram novas abordagens para enfrentar o problema. “Precisamos rever nossa relação com as drogas. Há mais de 20 aos fazemos isso, policial entra na favela, dá tiro em criminoso, morre morador, morre policial. Precisamos tentar outros caminhos.” - Silvia Ramos “A gente está naturalizando coisas que têm acontecido no Rio há 30 anos, e parece que é normal fazer cerco, que é normal fazer ocupação... Não, não é normal. O que produz segurança pública é uma rotina enfadonha, comum, repetitiva de policiamentos cotidianos. Operações especiais, por melhor que possam fazer, tem que ser sempre pontual no tempo e no espaço. Temos no Rio de Janeiro a ‘síndrome do cabrito’: o sobe e desce o morro, sem permanecer.” – Jacqueline Muniz",https://g1.globo.com/rio-de-janeiro/noticia/falencia-das-upps-e-mais-sete-pontos-como-o-rio-chegou-ao-novo-capitulo-da-guerra-do-trafico-na-rocinha.ghtml,,"Por Rosanne DAgostino; Clara Velasco e Ana Carolina Moreno, G1",politica,22/09/2017 17h28,news,fakebr:1733,fakebr
2118,"Artistas do Sudão do Sul fazem música e pintam muros em campanha pelo fim do conflito. País em crise humanitária completa 6 anos de independência neste domingo (9). ‘Estamos cansados com tudo o que está acontecendo’ diz um dos fundadores do grupo. .  O Sudão do Sul chega aos seus seis anos de independência, completados neste domingo (9), com uma das piores crises humanitárias do mundo. No país onde o conflito armado entre etnias domina há quatro anos e há milhares de pessoas famintas, nasceu um coletivo de jovens artistas que procura disseminar mensagens de igualdade e reconciliação. O Ana Taban, que em árabe quer dizer “estou cansado”, nasceu de uma reunião entre 20 artistas de diferentes áreas que queriam expressar sua insatisfação de viver em um país devastado pela guerra. “Esse não é o país que queríamos. Depois de dois anos da independência, entramos em guerra. É realmente vergonhoso”, diz ao G1 Jacob Bul, ator e um dos fundadores do coletivo. Os artistas fazem músicas, teatro, stand-up comedy e passeatas, entre outros eventos, para motivar a população, principalmente os jovens, a superar as diferenças e construir um país melhor, baseado no ativismo pacífico e apartidário. “As pessoas precisam aceitar o fato que erramos uns com os outros, então é hora de se desculpar. Fizemos coisas horríveis para nós mesmos, é a hora de se levantar e pedir desculpa, de se reconciliar com as pessoas”, diz Bul. A rivalidade entre etnias é muito forte no país. A guerra interna explodiu em dezembro de 2013 entre forças leais ao presidente do país, Salva Kiir, da etnia dinka, e ao ex-vice-presidente Riak Mashar, da etnia nuer. Isso ocorreu dois anos depois da independência, que foi conquistada após outra guerra, em que as diferenças étnicas e religiosas do que então era apenas um país foram o principal ponto de conflito. Uma das frentes do Ana Taban são as pinturas em murais de Juba, a capital, com desenhos que remetem ao fim da guerra e à paz. “Se você for para Juba hoje verá como é bonito. Eles não são apenas murais, são pinturas que falam para as pessoas”, afirma o ator. O grupo gravou duas músicas – as letras falam sobre perdão e cura - e promove um festival anual em que os artistas se apresentam individualmente. Também fazem a cada duas semanas, em um centro cultural de Juba, um evento de “microfone aberto” em que os espectadores são convidados a falar algo relacionado ao tema da campanha para este ano, que é “Bloodshed Free” (“Sem derramamento de sangue”, em português). Alguns artistas do coletivo foram para Malakal e Yei, palco de violentos confrontos, para dar início a “afiliadas” do coletivo, que atualmente conta com mais de 60 integrantes em Juba. O Ana Taban quer agora começar a fazer seminários em escolas. “Queremos propagar o sentimento de nacionalismo, começando pelos alunos nas escolas. Porque nosso país tem diferentes culturas de diferentes áreas e diferentes valores, mas o Sudão do Sul abriga todos elas”, afirma Bul. “E não há ninguém mais importante que o outro. Então cabe a nós abraçar as nossas diferenças e usá-las como o nosso poder”, diz. O ator está atualmente nos Estados Unidos, onde participa do programa de estudos Mandela Washington, que seleciona jovens africanos que exercem liderança em seus países. Um informe confidencial da ONU vazado em fevereiro dá conta de que a guerra no Sudão do Sul alcançou ""proporções catastróficas para os civis"" e que as milícias podem se tornar incontroláveis e alimentar os combates por vários anos. Atrocidades como o assassinato de crianças, castrações, estupros e degolas são alguns exemplos do que ocorre na região. Em maio de 2015, a Unicef denunciou o assassinato de 26 de crianças - algumas de apenas 7 anos - e o sequestro de dezenas de outras em ataques realizados por grupos armados, formados homens e meninos armados, vestidos de militares ou civis, no estado de Unidade. A ONU ainda acusou militares do exército sul-sudanês de estuprar e queimar vivas mulheres e meninas que estavam em suas casas no mesmo estado, segundo depoimentos de vítimas e testemunhas. Segundo a Agência da ONU para os Refugiados (Acnur), mais de 1,5 milhão de pessoas fugiram do país em busca de proteção desde que começou o conflito armado. O Sudão do Sul se transformou ""na maior crise de refugiados da África"" e ""na terceira do mundo"" após as de Síria e Afeganistão, segundo a Acnur, que lembrou que, adicionalmente, 2,1 milhões de pessoas estão deslocadas dentro do país. O Unicef, por sua vez, calcula que 270 mil crianças sul-sudanesas estão gravemente desnutridas. O Sudão do Sul conquistou sua independência em relação ao Sudão em julho de 2011, depois que um referendo realizado em janeiro daquele ano aprovou a separação com 98,83% dos votos a favor. O referendo estava previsto em um acordo de paz de 2005 que encerrou décadas de guerra civil. A guerra de independência explodiu pelas rivalidades de etnias. A população do sul (hoje o Sudão do Sul), formada por diversos grupos étnicos de maioria cristã ou animista, se sentia discriminada pelo governo centralizado em Cartum (no Sudão), de maioria muçulmana, e que tentava impor a lei islâmica na região. O governo de Cartum foi o primeiro a reconhecer a nova nação, num sinal de secessão tranquila. Mas a aparente tranquilidade não durou. Pouco mais de dois anos depois, em dezembro de 2013, começou a guerra interna no Sudão do Sul, com combates entre duas facções do exército, dividido pela rivalidade entre o presidente Salva Kiir e seu ex-vice Riek Machar. Diferentes milícias se uniram a cada um dos lados, com confrontos marcados por massacres de caráter étnico. O confronto teve início quando Kiir destituiu Machar, acusando-o de tramar um golpe de Estado. Os dois políticos pertenciam ao mesmo partido -- o Exército de Libertação do Povo Sudanês. A disputa política somou-se à tensão étnica. O grupo dos dinka, ao qual pertence Salva Kiir, e que representa cerca de 15% da população do país, se opôs ao grupo dos nuer, do qual faz parte Machar e que equivale a cerca de 10% dos habitantes.",https://g1.globo.com/mundo/noticia/artistas-do-sudao-do-sul-fazem-musica-e-pintam-muros-em-campanha-pelo-fim-do-conflito.ghtml,,"Por Marina Franco, G1",sociedade_cotidiano,09/07/2017 06h00,news,fakebr:2118,fakebr
2949,"O Ministério Público Federal (MPF) em Brasília denunciou o ex-presidente Luiz Inácio Lula da Silva, o ex-ministro Gilberto Carvalho e mais cinco pessoas por “venda” de uma medida provisória de 2009 ao setor automotivo. Os envolvidos são acusados de corrupção na elaboração e edição da MP 471, que prorrogou incentivos fiscais a montadoras instaladas no Norte, no Nordeste e no Centro-Oeste. O caso foi revelado pelo Estado em outubro de 2015 e investigado na Operação Zelotes . Na denúncia, enviada à 10a Vara da Justiça Federal em Brasília, os procuradores da República Frederico Paiva e Hebert Mesquita sustentam que representantes das montadoras prometeram o pagamento de “vantagens indevidas” a intermediários do esquema e a agentes políticos, entre eles Lula e Carvalho. A Marcondes e Mautoni Empreendimentos – empresa do lobista Mauro Marcondes Machado, que representava a CAOA (Hyundai) e a MMC Automotores (Mitsubishi do Brasil) – teria ofertado R$ 6 milhões a Lula e Carvalho. O destino do dinheiro, segundo o MPF, seria o custeio de campanhas eleitorais do PT. “Diante de tal promessa, os agentes públicos, infringindo dever funcional, favoreceram às montadoras de veículo MMC e CAOA ao editarem, em celeridade e procedimento atípicos, a Medida Provisória n° 471, em 23/11/2009, exatamente nos termos encomendados, franqueando aos corruptores, inclusive, conhecimento do texto dela antes de ser publicada e sequer numerada, depois de feitos os ajustes encomendados”, pontua em um dos trechos da denúncia. OUTRAS DO BLOG: + Delatores vão primeiro ao IML, depois para o xadrez da PF em Brasília + Compadre de Lula pede a Moro adiamento de interrogatório pela segunda vez + Com terço nas mãos, Joesley deixa PF em São Paulo rumo a Brasília + PF vasculha casa de Joesley + ‘Bocca’ da PF liga delação da JBS a mentiras + Conexão Venezuela da PF descobre R$ 200 mi em remessa para paraísos fiscais Também estão entre os denunciados Mauro Marcondes, o lobista Alexandre Paes dos Santos, o ex-conselheiro do Conselho Administrativo de Recursos Fiscais (Carf) José Ricardo da Silva e os executivos de montadoras Carlos Alberto de Oliveira Andrade e Paulo Arantes Ferraz. O MPF pede que os acusados paguem R$ 12 milhões a título de ressarcimento ao erário e multa por danos morais coletivos. Além de garantir a edição e aprovação da MP no Congresso, os procuradores alegam que as propinas foram pagas também para comprar o cancelamento de um débito de R$ 265 milhões que era objeto de um recurso no Carf. Este caso, no entanto, é objeto de outra ação penal em tramitação na 10a vara da Justiça Federal em Brasília. De acordo com o MPF, a investida do grupo criminoso junto ao governo começou em junho de 2009, quando José Ricardo Silva recebeu do diretor jurídico da Marcondes e Mautoni duas cartas endereçadas ao então presidente da República com os pedidos de alteração legislativa. Os documentos foram elaborados pelo diretor jurídico da empresa, Ricardo Rett, e chegaram a sugerir que a mudança fosse efetivada por meio de MP, o que acabou ocorrendo. Os procuradores destacam uma mensagem em que Alexandre Paes dos Santos afirma que “colaboradores” de Mauro Marcondes teriam exigindo R$ 10 milhões e que o valor foi reduzido para R$ 6 milhões após “esforço de sensibilização de Mauro (Marcondes)”. Para o MPF, “colaboradores” seriam o ex-presidente Lula e de Gilberto Carvalho. Segundo o MPF, a mensagem endereçada aos responsáveis pela empresa SGR Assessoria, de propriedade de José Ricardo, foi elaborada após a empresa Caoa ter desistido de pagar a sua parte no combinado. A negociação inicial previa o pagamento de R$ 33 milhões. No entanto, recebeu só a metade, o que teria dificultado o pagamento das propinas. Na denúncia, os procuradores enfatizam que documentos e depoimentos mostram que a MP teve um andamento atípico, passando por três ministérios em um único dia: 19 de novembro, quatro antes da publicação da norma no Diário Oficial. As negociações parea a MP teriam sido feitas diretamente entre o Ministério da Fazenda e a Presidência da República, tendo as demais pastas apenas referendado as tratativas. O MPF explica que, por falta de provas de que participaram das negociações e dos atos ilegais, o ministro Dyogo Oliveira, do Planejamento, o ex-ministro da Fazenda, Guido Mantega, e a empresária Cristina Mautoni, mulher de Mauro Marcondes, não foram denunciados. COM A PALAVRA, O ADVOGADO PAULO EMILIO CATTA PRETA, QUE DEFENDE A CAOA Segue nota de esclarecimento preparada pelo o advogado Dr. Paulo Emilio Catta Preta, bem como os respectivos contatos: “A CAOA manifesta surpresa com a notícia do oferecimento, nesta data, de denúncia ao juízo federal do Distrito Federal, notadamente porque os fatos relativos à edição da Medida Provisória 471/2009 já foram objeto de minuciosa investigação policial – e mesmo de demanda judicial – onde restou comprovada a absoluta inocência da empresa. Essas conclusões derivaram de provas judiciais que atestaram que, diferentemente de outras empresas, a CAOA jamais celebrou contrato nem realizou pagamentos em favor de pessoas investigadas relacionados à aprovação da MP 471/2009. Relevante indicar que esses fatos provados foram, inclusive, objeto de anterior pronunciamento judicial. A empresa confia que será absolvida logo após os esclarecimentos iniciais e as robustas provas que serão apresentados em juízo com brevidade, tão logo seja notificada dos termos integrais da denúncia. COM A PALAVRA, PT NOTA OFICIAL O Ministério Público Federal segue firme em sua estratégia para condenar Lula a qualquer custo. Agora o ex-presidente é acusado pelos procuradores federais de editar uma Medida Provisória para beneficiar o setor automotivo, uma proposta que tramitou no Congresso Nacional e foi aprovada por parlamentares da base e da oposição ao governo Lula. Essa decisão dos procuradores federais apenas reforça o caráter arbitrário e persecutório das denúncias contra Lula ao longo dos últimos anos, que visam macular o legado de seu governo, que foi aprovado pela maioria da população brasileira. O PT se solidariza com o ex-presidente e se coloca ao seu lado para manter viva a memória dos governos de Lula para o País. Gleisi Hoffmann, presidenta nacional do Partido dos Trabalhadores COM A PALAVRA, LULA “O ex-presidente Lula reafirma que jamais praticou praticou atos de corrupção ou qualquer ilícito. Essa é mais uma denúncia injusta, que apenas reforça o processo de lawfare praticado contra lula, ou seja, a má utilização das leis e instrumentos jurídicos para fins de perseguição política. A inocência de Lula deverá ser reconhecida nessa ação penal, assim como em outras ações que foram propostas para acusar o ex-presidente sem qualquer base jurídica. “ Cristiano Zanin Martins COM A PALAVRA, GILBERTO CARVALHO “Reitero o que afirmei em meu depoimento à Polícia Federal em 26/10/2015 e desafio que provem o contrário: nunca tratei com ninguém sobre o mérito da MP 471, ou da MP 512.  A propósito, essas medidas foram aprovadas por unanimidade no Congresso Nacional, com elogios de vários próceres da oposição, porque beneficiavam o desenvolvimento do setor automotivo no País e particularmente do Nordeste e Centro Oeste. Reafirmo que jamais o Gabinete do Presidente Lula teve, em qualquer momento, participação em negociatas desta natureza. E não há nenhuma acusação sustentável a respeito disso. Corrupção passiva jamais será associada ao meu nome e nunca encontrarão malas de dinheiro em qualquer propriedade minha.” COM A PALAVRA, MAURO MARCONDES MACHADO O advogado Roberto Podval, que defende Mauro Marcondes Machado, disse que a denúncia repete imputações já feitas pelo MPF em outra ação contra seu cliente. “Há um excesso de acusação”, criticou. COM A PALAVRA, A DEFESA DE JOSÉ RICARDO DA SILVA A defesa de José Ricardo da Silva informou, em nota, que só vai se pronunciar depois de citada, caso a denúncia seja aceita pela Justiça e aberta uma ação penal. COM A PALAVRA, PAULO ARANTES FERRAZ A advogada Carla Domênico, de de Paulo Arantes Ferraz, informou que ainda não pode comentar a peça de acusação, pois não teve tempo de examiná-la integralmente. COM A PALAVRA, ALEXANDRE PAES DOS SANTOS O advogado Daniel Gerber, que representa Alexandre Paes dos Santos, afirmou ter “a mais absoluta convicção” de que a denúncia é fruto de um “Estado acusatório”, e não do efetivo envolvimento de seu cliente em ilícitos. Ele acrescentou que, no curso de ação penal (caso seja aberta), a inocência de Paes será provada.",http://politica.estadao.com.br/blogs/fausto-macedo/lula-denunciado-na-zelotes/,,Fábio Fabrini  Brasília,politica,11 de setembro de 2017,news,fakebr:2949,fakebr
2858,"Duque diz estar disposto a devolver 20 milhões de euros recebidos como propina. Ex-diretor da Petrobras reconheceu crimes desvendados pela Operação Lava Jato e disse que Lula tinha pleno conhecimento..  O ex-diretor da área de Serviços da Petrobras Renato Duque afirmou ao juiz Sérgio Moro, responsável pelos processos da Operação Lava Jato na primeira instância, que está disposto a devolver 20 milhões de euros (cerca de R$ 69 milhões), que recebeu como propina. O dinheiro, segundo ele, está em duas contas no exterior. “Gostaria novamente de enfatizar meu interesse de assinar uma repatriação que for necessário para que esse dinheiro venha e volte aí pra quem de direito”, disse Duque. A afirmação faz parte do interrogatório de sexta-feira (5) - a primeira vez que ele falou sobre o esquema de corrupção descoberto na Petrobras. O ex-diretor de Serviços da Petrobras foi ouvido pelo juiz Sérgio Moro em uma ação que apura se o ex-ministro Antonio Palocci recebeu propina para atuar a favor da Odebrecht. A denúncia trata de pagamentos feitos para beneficiar a empresa SeteBrasil, que fechou contratos com a Petrobras para a construção de 21 sondas de perfuração no pré-sal. Como réu neste processo, ele havia ficado em silêncio durante interrogatório realizado em 17 de abril e pediu para ser interrogado novamente pelo juiz. Além destes 20 milhões de euros, Duque também se comprometeu a devolver valores que estão em uma terceira conta no exterior. Contudo, não mencionou o valor. De acordo com o ex-diretor, estas são as únicas contas que ele possui fora do país. Duque afirmou que há uma acusação de que ele tenha movimentado dinheiro no exterior já com a Lava Jato em andamento e que isso foi colocado como uma falta de respeito à operação. O ex-diretor confirmou que houve a movimentação, mas negou desrespeito. Disse que o banco exigiu esta operação. “O banco exigiu que este dinheiro fosse tirado (...) Banco na Suíça. Então, em função desta exigência, que houve a transferência. Para deixar claro que não houve intenção de esconder”. Duque já foi condenado a mais de 50 anos de prisão em quatro ações da Lava Jato e é réu em pelo menos outros seis processos decorrentes da operação que estão em andamento na 13a Vara Federal de Curitiba. O ex-diretor da Petrobras foi preso pela primeira vez em novembro de 2014. Depois de 20 dias, conseguiu um habeas corpus do Supremo Tribunal Federal (STF). A segunda prisão ocorreu em março de 2016. Atualmente, ele está detido na carceragem da Polícia Federal (PF) em Curitiba. De acordo com a força-tarefa da Lava Jato, Duque foi indicado pelo Partido dos Trabalhadores para a diretoria de Serviços, área responsável por grande parte da propina de contratos da Petrobras destinada ao partido. Os dois nunca admitiram esta relação. No interrogatório, Duque afirmou Dirceu o escolheu após embate entre os ex-tesoureiros do PT Delúbio Soares e Silvio Pereira para definir quem ocuparia o cargo de diretor da área de Serviços. ""O José Dirceu, então ministro, foi chamado para dar uma decisão. A decisão dele foi clara. Ele falou: ‘Não, o PSDB já está contemplado na diretoria da Petrobras, e eu não vou atender a um pedido do doutor Aécio Neves. Então, quem vai ficar na diretoria é Renato Duque”, relatou Duque. O ex-diretor da Petrobras Renato Duque acusou o ex-presidente Luiz Inácio Lula da Silva de ter recomendado que destruísse provas da propina recebida por petistas fora do Brasil no escândalo do Petrolão. De acordo com a força-tarefa da Lava Jato, Duque foi indicado pelo Partido dos Trabalhadores para a diretoria de Serviços, área responsável por grande parte da propina de contratos da Petrobras destinada ao partido. Duque disse que encontrou Lula em 2012, 2013 e 2014. “Nessas três vezes, ficou claro, muito claro pra mim, que ele tinha o pleno conhecimento de tudo e detinha o comando”, afirmou Duque. Os advogados do ex-presidente Lula afirmam que o depoimento de Renato Duque é uma tentativa de fabricar acusações ao ex-presidente. ""Como não conseguiram produzir nenhuma prova das denúncias levianas contra o ex-presidente, depois de dois anos de investigações, quebra de sigilos e violação de telefonemas, restou aos acusadores de Lula apelar para a fabricação de depoimentos mentirosos"". Durante a abertura do 6o Congresso Estadual do PT em São Paulo, Lula afirmou que os investigadores da Lava Jato “já têm a tese pronta” em relação a ele e ao Partido dos Trabalhadores. Lula destacou ainda que, “se eles não me prenderem logo, quem sabe um dia eu mando prendê-los”. ""Amanhã prenderão tal empresário ele vai delatar o Lula. Amanhã o Lula vai ser preso. Faz 2 anos que eu estou ouvindo isso. Dois anos que eu estou escutando. E se eles não me prenderem logo, quem sabe um dia eu mando prendê-los por mentira que estão falando"", disse. O presidente da Associação Nacional dos Procuradores da República respondeu ao discurso do ex-presidente Lula. José Robalinho Cavalcanti disse que as investigações e os processos da Lava Jato são sérios, técnicos e impessoais e que, prova disso, é que o discurso do ex-presidente Lula é exatamente o mesmo de dirigentes de outros partidos políticos, também investigados e processados na Lava Jato. Jose Robalinho Cavalcanti afirmou que o argumento de que há uma grande conspiração universal contra o ex-presidente Lula não se sustenta em fatos. Acrescentou que, para a defesa, todos, inclusive ex-aliados de Lula, mentem e que apenas o ex-presidente falaria a verdade. Para Cavalcanti, é um direito do réu alegar o que quiser, mas será a Justiça, independente e técnica, quem decidirá. O presidente da Associação Nacional dos Procuradores da República lamentou a frase de Lula, segundo a qual, na hipótese de um dia se reeleger, quem sabe irá mandar prender os que o investigam. Cavalcanti afirmou que isso não irá deter qualquer agente de estado ou a marcha serena e impessoal da Justiça e que não é uma declaração digna de quem foi, por oito anos, o supremo mandatário do país. José Robalinho Cavalcanti finalizou afirmando que o ex-presidente Lula sabe muito bem que chefes do Executivo não mandam prender ninguém em um estado de direito. A Justiça é que o faz.",https://g1.globo.com/pr/parana/noticia/duque-diz-estar-disposto-a-devolver-20-milhoes-de-euros-recebidos-como-propina.ghtml,,"Por G1 PR, Curitiba",politica,06/05/2017 16h45,news,fakebr:2858,fakebr
2335,"Moro determina que presentes recebidos por Lula enquanto presidente voltem ao patrimônio federal. Objetos foram apreendidos na Operação Lava Jato e estavam em um cofre no Banco do Brasil - entre os presentes, advindos de chefes de estados, há medalhas, espadas, canetas, insígnias e arte sacra, por exemplo..  O juiz federal Sérgio Moro determinou nesta sexta-feira (28) que 21 objetos que eram de posse do ex-presidente Luiz Inácio Lula da Silva e foram apreendidos na Operação Lava Jato sejam incorporados ao Patrimônio da União pela Secretaria de Administração da Presidência da República. Trata-se de presentes recebidos por Lula de chefes de estados e outras autoridades enquanto ele ocupava a Presidência — especialmente espadas, medalhas, canetas, insígnias e arte sacra. Todo o material estava em um cofre no Banco do Brasil. Os objetos foram analisados por uma comissão da Secretaria de Administração da Presidência, que apontou que ""presentes ofertados pelo Presidente da República aos chefes de estado e/ou de governo estrangeiros são adquiridos com recursos públicos da União, logo os presentes que ela receba em troca, também deveriam ser revertidos ao patrimônio da União"". Com base no pedido da própria secretaria para que os presentes fossem levados ao acervo nacional, Moro disse que a solicitação é pertinente. ""Se ela [a secretaria] afirma que parcela dos bens deve ser incorporada ao patrimônio da Presidência da República, é isso que deve ser feito, não cabendo a este Juízo maiores considerações, muito embora, pelos dispositivos citados, lhe caiba aparentemente razão"", pontou o juiz. Os bens foram retirados do Palácio do Planalto pelo ex-presidente e guardados em um cofre da Agência Líbero Badaró do Banco do Brasil, em São Paulo, por cinco anos sem qualquer custo. Em julho de 2016, foram apreendidos . Tudo estava acondicionado em 23 caixas de papelão e em uma caixa maior de madeira. Nas caixas de papelão, há inscrições com o nome d e uma transportadora. A PF investiga indícios de que o transporte e armazenagem dos bens de Lula ao sair da Presidência tenham sido pagos por empreiteiras investigadas na Lava Jato como forma de compensação pelos negócios fechados com a Petrobras. À época da apreensão, a assessoria de imprensa do Instituto Lula disse que os objetos guardados são do acervo presidencial privado e que o material é regular e está dentro da lei.",https://g1.globo.com/pr/parana/noticia/moro-determina-que-presentes-recebidos-por-lula-enquanto-presidente-voltem-ao-patrimonio-federal.ghtml,,"Por Erick Gimenes e José Vianna, G1 PR, Curitiba",tv_celebridades,28/04/2017 18h52,news,fakebr:2335,fakebr
1356,"Coreia do Norte diz que está pronta para reagir 'a qualquer tipo de guerra' dos EUA. Representante do país na ONU responde a advertência de vice dos EUA. .  A Coreia do Norte responderá a ""qualquer tipo de guerra"" que os Estados Unidos provocarem, declarou nesta segunda-feira (17) o representante norte-coreano ante a ONU, após a advertência do vice-presidente americano Mike Pence para que Pyongyang não coloque à prova a ""determinação"" de Washington. ""Se os Estados Unidos se atreverem a recorrer a uma opção militar (...) a RPDK (República Popular Democrática da Coreia) está pronta para reagir a qualquer tipo de guerra que os Estados Unidos desejarem"", declarou o embaixador adjunto Kim In Ryong em uma coletiva de imprensa. ""Teremos a mais dura reação contra os provocadores"", acrescentou. A declaração acontece depois que o vice-presidente americano Mike Pence advertiu Pyongyang que não ponha à prova a determinação de Washington, depois de um novo teste de míssil da Coreia do Norte. Pence fez a declaração durante uma visita a Coreia do Sul. Apesar das pressões internacionais, a Coreia do Norte tentou no domingo sem êxito lançar um novo míssil e teme-se que o país esteja se preparando para realizar um sexto teste nuclear. Kim disse que Pyongyang tomou medidas de legítima defesa em resposta às ameaças de ações militares dos Estados Unidos, que refletem sua determinação para ""responder com mísseis nucleares e ICBM"", em referência aos mísseis balísticos intercontinentais. O programa nuclear da norte-coreano provoca tensão com os seus vizinhos e com os EUA. Há uma semana Washington anunciou o envio de um grupo aeronaval americano, incluindo o porta-aviões 'USS Carl Vinson', para a península da Coreia. A Coreia do Norte, por sua vez, denunciou o que chamou de envio ""insensato"" da Marinha americana e advertiu que Pyongyang está preparado para responder com ""a poderosa força das armas"" em caso de provocação. O presidente chinês, Xi Jinping, defendeu na semana passada uma solução pacífica para a crise, durante uma conversa por telefone com seu homólogo americano, Donald Trump, que havia dito que estava decidido a resolver a questão norte-coreana com ou sem a ajuda da China. A China, considerada única aliada da Coreia do Norte, advertiu que um ""conflito poderia eclodir a qualquer momento"" e reiterou que o ""diálogo é a única saída"". E, durante uma conversa telefônica, o ministro das Relações Exteriores chinês Wang Yi afirmou ao seu colega russo Serguei Lavrov, que a China quer cooperar com a Rússia para ""apaziguar"" o mais rápido possível a tensão em torno da Coreia do Norte. Pyongyang tem sido alvo de várias resoluções da ONU que procuram impedir o país de adquirir tecnologia nuclear e balística.",https://g1.globo.com/mundo/noticia/coreia-do-norte-diz-que-esta-pronta-para-reagir-a-qualquer-tipo-de-guerra-dos-eua.ghtml,,Por G1,sociedade_cotidiano,17/04/2017 14h57,news,fakebr:1356,fakebr
1203,"Maia e PT contra Temer. O  “Bolsa Dignidade”, projeto do governo que seria a evolução do Bolsa Família, vai ser usado pelo presidente da Câmara para travar um novo embate com o emedebista.  O presidente da Câmara, Rodrigo Maia (DEM-RJ), vai usar o “Bolsa Dignidade”, projeto do governo que seria a evolução do Bolsa Família, para travar um novo embate com Michel Temer. Maia começará se opondo terminantemente à discussão de mudanças no Bolsa Família por medida provisória, uma vez que o programa é estabelecido em lei. “O Congresso já teve supressão de poder com a intervenção. Medida provisória também suprime esse poder e é a decisão de uma pessoa se sobrepondo à do Parlamento”, disse o pré-candidato do DEM à coluna. A segunda frente de oposição ao projeto é conceitual: Maia, em seu ensaio de candidatura à Presidência, vai propor a criação de um Seguro Social com duas bandas. Uma que manteria o que é hoje o Bolsa Família. A outra seria variável, e agregaria valor de acordo com a progressão educacional dos filhos de famílias que recebem o benefício. “Nosso projeto não é garantir a administração da pobreza, mas a mobilidade social e educacional”, afirmou, fustigando Temer, seu alvo preferencial na pré-campanha. Tanto que Maia conversou até com o PT, e combinou com o partido de unir forças na Casa contra a mudança no programa por MP e nos termos esboçados pelo governo. PSDB Por pragmatismo, tucanos driblam desconfiança Geraldo que não confiava em João, que temia Bruno. Se o poema Quadrilha, de Carlos Drummond de Andrade, ganhasse uma versão para refletir o clima no PSDB paulista, seria assim. Geraldo Alckmin e seus aliados temem que, uma vez fora da Prefeitura, João Doria Jr. volte a flertar com uma candidatura à Presidência, fustigando o aliado que demora a crescer nas pesquisas (e não evitou as prévias). O time do prefeito, por sua vez, receia que, empossado prefeito, Bruno Covas abandone sua campanha. Mas prevalece a avaliação de que o pragmatismo os obrigará a engolir as desconfianças que têm um com o outro e trabalhar juntos. SINTO MUITO Kassab prepara conversa definitiva com Meirelles Deverá ocorrer ainda nesta semana a conversa definitiva em que Gilberto Kassab dirá a Henrique Meirelles que não há espaço para sua candidatura presidencial no PSD. Restará a ele, caso insista na disputa, ir para o MDB, mas também sem garantia de que terá a legenda. SEGURANÇA Operação da PF no Rio atuou com gabinete da intervenção A Polícia Federal, a força-tarefa do Ministério Público Federal e o gabinete da intervenção federal no Rio atuaram em conjunto para preparar e deflagrar a Operação Pão Nosso. O ministro Raul Jungmann (Segurança), o diretor-geral da PF, Rogério Galloro, e a procuradora-geral da República, Raquel Dodge, conversaram sobre a iniciativa na véspera. O interventor, general Walter Braga, deixou de afastar os policiais presos nesta terça-feira para evitar soar o alarme de que eles seriam alvo da investigação da PF. LÁ OU CÁ? Cotado para lugar de Lula, Haddad pode disputar em SP Cresce no PT paulista um grupo que defende que seja Fernando Haddad, e não Luiz Marinho, o candidato ao governo de São Paulo. A tese dessa ala do partido é que Haddad poderia confrontar realizações com Doria e fustigar o tucano por ter abandonado a Prefeitura com mais propriedade que Luiz Marinho – de cuja falta de entusiasmo com a disputa os petistas se queixam nos bastidores. PLANO L PT diz que não discute nomes, pois Lula escolherá substituto Embora e Haddad e Jacques Wagner figurem como possíveis candidatos do PT caso Lula seja impedido, dirigente próximo ao petista vaticina: “Ninguém discute isso. Se o Lula não puder ser, ele vai decidir”. E emenda metáfora futebolística polêmica: “Se você é o técnico da seleção e dizem que o Pelé não pode jogar a final, você vai escolher o substituto antes de o campeonato começar? Não, vai botar o Pelé para jogar como um ensandecido até a semifinal. Na final vê quem é o adversário, como estão seus jogadores, e escolhe”.","http://politica.estadao.com.br/noticias/geral,maia-e-pt-contra-temer,70002226075",,O Estado de S.Paulo,politica,14 de março de 2018,news,fakebr:1203,fakebr
1574,"Como execuções e decapitações transformaram a pacata Rio Branco em capital da violência. Número de homicídios subiu 86% entre 2015 e 2016, o maior aumento entre todas as capitais do país, segundo dados recém-divulgados pelo Ministério da Saúde; guerra entre facções explica avanço dos crimes..  É preciso ter sangue frio para assistir, sem fechar os olhos, aos 4 minutos e 20 segundos que levaram à condenação de Joalyson da Silva a 62 anos de prisão, em dezembro passado, em Rio Branco, capital do Acre. Dois jovens são decapitados vivos, sob a exaltação de quatro criminosos, que filmam tudo com um celular. Uma das vítimas é depois esquartejada. ""Morre desgraça. Com nóis é desse jeito. Quem vai comandar aqui o Acre é o PCC e o B13. É assim que nóis faz. Aqui é o sangue do CV. Tá vivo ainda? Pera aí, deixa eu matar esse bicho."" A voz é de Joalyson da Silva. Em interrogatório, o jovem de 25 anos disse que era ""soldado do PCC"" e confessou participação no crime, mas argumentou que apenas filmou. O B13 a que ele se refere é o Bonde dos 13, facção criminosa do Acre, aliada do grupo criminoso paulista. Segundo as investigações, as vítimas foram mortas por vingança, por serem supostamente ligadas ao Comando Vermelho. O crime ocorreu em 2016, ano em que Rio Branco começou a ser tomada por uma onda de violência e terror. O número de homicídios cresceu 86% em relação a 2015. É o maior aumento entre todas as capitais do país, segundo dados recém-divulgados do Sistema de Informações de Mortalidade do Ministério da Saúde. A principal explicação para esse crescimento é uma guerra entre facções criminosas para controlar rotas de tráfico de droga na Amazônia, que se agravou justamente a partir de 2016. Só no Acre, são mais de 1,4 mil quilômetros de fronteira com Bolívia e Peru, países produtores de cocaína. A geografia facilita para o tráfico: a maior parte do território é formada por floresta fechada, cortada por um labirinto de rios e com pouca fiscalização. ""Antes, quem matava e quem morria no Acre eram conhecidos. Eram brigas de bar, bebedeira, traição, crimes de ímpeto. Agora, não mais. São mais casos de execução, com requinte de crueldade. É facção criminosa matando facção rival. É lamentável o que está ocorrendo"", afirma o promotor Rodrigo Curti, com 14 anos de atuação no Tribunal do Júri do Acre. ""São tragédias sociais, semelhantes aos atos de terrorismo praticado pelo (grupo extremista autodenominado) Estado Islâmico"", considerou o juiz Leandro Leri Gross, na sentença de Joalyson da Silva. A Secretaria de Segurança do Acre foi procurada pela BBC Brasil por uma semana e não respondeu. Já a Secretaria de Polícia Civil afirmou, via nota, que ""o Estado do Acre vem experimentando o acirramento de uma guerra entre grupos criminosos que tentam se consolidar e dominar o mercado do comércio varejista e atacadista de armas, drogas e produtos receptados"". Rio Branco é uma das menores capitais do Brasil, com 380 mil habitantes. Com tamanho de cidade de interior, sua rotina já foi a de uma cidade pacata. Para enfrentar o calor amazônico, era comum colocar cadeiras em frente de casa, conversar com vizinhos, ver a vida passar. Mas, ao longo dos anos, as pessoas trocaram o lado de fora pelo lado de dentro de casa, colocaram grades nas janelas, aumentaram os muros. Hoje, moradores e autoridades relatam que há bairros inteiros controlados por facções. As estatísticas são a prova dessa transformação. Até 2015, a taxa de homicídio de Rio Branco era equivalente à do conjunto das capitais do Brasil - 34 por 100 mil habitantes. No ano seguinte, saltou para 62 por 100 mil, colocando Rio Branco entre as cinco capitais mais violentas do país. Para comparação, a taxa de São Paulo é inferior a 15 por 100 mil. O ano de 2016 foi só o começo. Em 2017, a taxa de homicídios de Rio Branco deve ultrapassar 75 por 100 mil habitantes, de acordo com o número de assassinatos registrado até novembro pelo Observatório de Análise Criminal, do Ministério Público do Acre. Pode ser a maior entre todas as capitais brasileiras no ano passado, de acordo com projeções feitas pela BBC Brasil - os números oficiais devem ser divulgados no final deste ano. Neste ano, a onda de violência continua. A jornalista acreana Lília Camargo, especializada em cobertura policial, está fazendo a contagem das mortes. Todas as semanas, ela reúne informações primárias de diversas fontes - entre elas, nos 30 grupos de WhatsApp que administra - e depois confere os dados com autoridades policiais. O motivo desse trabalho? ""Temos dificuldade para conseguir dados na Secretaria de Segurança Pública. Sem essa lista, a gente perde o controle de quantas pessoas estão morrendo"", explica Lília. Só nas duas primeiras semanas do ano, a lista da jornalista mostra 20 pessoas assassinadas em Rio Branco. Pode parecer pouco. Mas, guardadas as proporções, é como se 632 homicídios tivessem ocorrido em São Paulo em 14 dias. De fato, esse foi o número de vítimas de assassinato na capital paulista, mas ao longo de 11 meses, de janeiro a novembro de 2017. A chave para entender essa explosão de violência não está no Acre, mas no Sudeste. Em 2016, as principais facções do país, o PCC, de São Paulo, e o Comando Vermelho, do Rio de Janeiro, racharam. Acredita-se que, a partir daquele ano, o PCC tenha passado a controlar rotas de entrada de droga do Paraguai para o Brasil. Isso teria acirrado a disputa por rotas alternativas. A Amazônia brasileira entrou então no foco do tráfico. ""A curva de homicídios no Acre, a partir de 2016, reflete muito bem a cisão das organizações criminosas"", afirma o promotor Bernardo Albano, coordenador do Grupo de Atuação Especial no Combate ao Crime Organizado (Gaeco) do Acre. De acordo com especialistas em segurança pública, a disputa pelo tráfico na Amazônia contribuiu para o aumento da violência em diversos Estados da Região Norte. Mas foi no Acre que o número de homicídios cresceu mais. Por quê? ""É a situação inversa de São Paulo. Em São Paulo, não há esses números porque o PCC dominou tudo, não tem confronto. No Amazonas, também há uma facção dominante. Já no Acre, há um equilíbrio de forças entre as facções beligerantes. Isso gera uma disputa sangrenta entre elas"", afirma Albano. Segundo o Observatório de Análise Criminal do Acre, ligado ao Ministério Público, drogas e acerto de contas teriam sido as motivações de 14% dos homicídios ocorridos no Estado em 2013 - 33 casos. O percentual subiu para 49% em 2017 - 236 casos. É um crescimento de seis vezes em quatro anos. Além das mortes na disputa do tráfico, a Ouvidoria da Secretaria de Direitos Humanos do Acre tem recebido denúncias contra policiais. Segundo o Anuário de Segurança Pública, o número de mortes decorrentes de intervenção policial no Acre subiu de 10 para 25 entre 2015 e 2016. Também ""há denúncias de mortes provocadas por membros do poder público e atribuídas a facções"", afirma o ouvidor Valdecir Nicácio. Essa não é a primeira vez que o Acre ganha destaque nacional devido à violência. No final dos anos 1990, o coronel da PM e então deputado federal Hildebrando Pascoal foi acusado de chefiar a organização de um esquadrão da morte, e condenado por homicídio, formação de quadrilha e narcotráfico. Seu crime mais notório foi a morte do mecânico Agílson Firmino, cujo corpo foi esquartejado com uma motosserra. O filho de Firmino, de 13 anos, também foi morto. Além disso, duas testemunhas foram assassinadas. ""Em 1999, o Acre conseguiu desbaratar o crime organizado, na figura do Hildrebrando Pascoal. Achávamos que não precisávamos fazer mais nada. Aí, o crime avançou novamente"", afirma um membro do governo do Acre, em anonimato. A acreana Déborah Freitas, de 19 anos, fez parte do Bonde dos 13 por dois anos. Até que decidiu sair: ""Meu nome é Déborah, meu vulgo é Barbiie beeck, e eu tô saindo fora do Bonde dos 13 agora"", disse, em vídeo gravado com celular no começo deste ano. Segundo a família, Déborah queria construir uma vida nova para ela e o filho de dois anos. Mas não deu tempo. Poucos dias depois, em 13 de janeiro, seu corpo foi encontrado em uma cova rasa, dentro de uma mata fechada, na periferia de Rio Branco. É uma das vítimas mais recentes da violência na capital do Acre. Sua morte também foi gravada. As imagens mostram Déborah feita refém, mantida ajoelhada em uma clareira no matagal. Ainda era dia. ""Filma, filma"", diziam os criminosos, com o rosto coberto, enquanto começavam a decapitar e esfaquear a jovem de forma bárbara. A seguir, um deles exibe a cabeça da vítima para a câmera. O vídeo dura 60 segundos. ""Déborah se dizia integrante do B13, chegou a gravar um vídeo rasgando blusa com o símbolo desse grupo e, ao que parece, estava se relacionando com um integrante de outro grupo criminoso, o CV. Ao que tudo indica, sua morte está ligada ao seu relacionamento com pessoas desses grupos criminosos"", afirmou a Secretaria de Polícia Civil, por nota. No vídeo do homicídio, os assassinos exaltavam o Comando Vermelho, rival do Bonde dos 13. Quem achou o corpo de Déborah foi a própria família: a mãe, a irmã, uma prima e o cunhado. Eles começaram a procurá-la depois de seu desaparecimento. A polícia também fez buscas, mas ""ajudou pouco"", segundo Sara Freitas, a irmã. ""Ninguém se interessa em ajudar, porque ela era de facção."" Os familiares decidiram, então, persistir por conta própria. Depois de três dias de buscas, a partir de pistas recebidas por ligações anônimas, chegaram ao matagal no bairro Caladinho. Sara viu quatro urubus voando e suspeitou que ali encontraria o corpo da irmã. Ela estava certa. A polícia foi chamada para retirar os restos mortais da jovem. Por causa do estado do corpo, não houve velório. A perícia fica pronta em fevereiro. ""O que eu quero é que as autoridades tomem providências. Nada vai trazer ela de volta"", diz a irmã. Mas tomar providências não tem sido fácil para as autoridades do Acre. No caso de Déborah, a Secretaria de Polícia Civil diz que identificou, mas não localizou, um adolescente que teria participado do crime. ""As dificuldades são enormes, pois ninguém tem informações no local onde foi deixado o corpo - ou teme repassá-las"", diz a nota enviada pelo órgão. ""A polícia não está conseguindo investigar. Vivemos em um Estado Amazônico, com uma densidade demográfica muito baixa. As pessoas são mortas nas matas, estradas, em locais onde não há câmera de segurança, testemunha. Isso dificulta muito o trabalho da polícia"", afirma o promotor Rodrigo Curti. Tão ou mais difícil que enfrentar os homicídios é combater o tráfico de drogas na Amazônia. ""A cocaína é muito barata nos países vizinhos. O menino sai de manhã do Acre de moto e volta à tarde com três quilos de cocaína, sem passar por bloqueio policial, só usando estradas secundárias"", afirma Nicácio, da Secretaria de Direitos Humanos do Acre. As fronteiras são pouco vigiadas, o que faz as autoridades estaduais criticarem o governo federal. ""A gente não tem o apoio necessário da União. As fronteiras estão abertas. Os efetivos do Exército, da Polícia Federal, da Polícia Rodoviária Federal são pequenos"", afirma Carlos Portela, Secretário de Polícia Civil do Acre. Em nota, o Ministério da Justiça e Segurança Pública afirmou que investiu R$ 49,7 milhões no aperfeiçoamento profissional e reequipamento das instituições de segurança pública do Acre em 2017 - tanto para policiamento urbano como de fronteira. Além disso, disse que repassou mais R$ 16 milhões para construção, reforma e aparelhamento dos presídios, também no ano passado. Todas as três facções que disputam o território do Acre nasceram em presídios - mas em Estados e anos diferentes. O Comando Vermelho, no Rio, em 1979. O PCC, em São Paulo, em 1993. Já o Bonde dos 13 teria surgido no Acre em 2013, como uma união de criminosos locais para fazer frente à chegada das facções do Sudeste. Também é dentro do sistema prisional que ocorrem as principais alianças e cisões entre os grupos criminosos. O Acre tem a segunda maior taxa de aprisionamento do país, de 657 para cada 100 mil habitantes, quase o dobro da média nacional - o campeão é Mato Grosso do Sul (697). Também é o Estado com a maior proporção de presos jovens - 45% têm entre 18 e 24 anos. Os dados são do Levantamento Nacional de Informações Penitenciárias (Infopen 2016). Em inspeção realizada em 2017, o Conselho Nacional de Justiça (CNJ) definiu o sistema prisional do Acre como superlotado e disputado por facções criminosas. Das 13 unidades prisionais, dez são ""péssimas"", de acordo com informações apuradas por juízes criminais e compiladas pelo CNJ. O Instituto de Administração Penitenciária do Acre não respondeu ao pedido de entrevista da BBC Brasil. Como tentativa de conter a força das facções, o Acre instalou bloqueadores de celulares em presídios, introduziu o Regime Disciplinar Diferenciado (RDD) - com maior grau de isolamento e de segurança - e fez a transferência de presos. Além disso, foi criado o Retina, um sistema de inteligência premiado pelo CNJ - por questões de segurança, ninguém fala sobre ele. ""Não é difícil de entender porque estamos vivendo essa onda de violência. Vem ordem de facção e de presídio de fora do Estado para pessoas praticarem crimes aqui"", afirma Portela, secretário de Polícia Civil. ""O Estado do Acre não é um estudo de caso a parte. Qualquer lugar do território nacional está enfrentando essa situação. Educação e saúde têm fundos constitucionais previstos. A segurança não tem. Nunca ninguém previu"", conclui.",https://g1.globo.com/ac/acre/noticia/como-execucoes-e-decapitacoes-transformaram-a-pacata-rio-branco-em-capital-da-violencia.ghtml,,Por BBC,tv_celebridades,29/01/2018 20h26,news,fakebr:1574,fakebr
1242,"5 mitos sobre o câncer derrubados por 3 jovens com a doença. As britânicas Rachel, Deborah e Lauren, que estão na faixa dos 30 anos, foram diagnosticadas com câncer e falam sobre a doença com humor e leveza em um podcast da BBC..  ""Seus melhores amigos, suas filhas e suas mães. Somos como você, mas com células mais raras."" Assim que são descritas Rachel Bland, Deborah James e Lauren Mahon, três jovens britânicas que tiveram que lidar com o câncer em seus trinta anos. Elas apresentam um podcast na BBC chamado ""You, Me and the Big C"" (Eu, Você e o Grande C, em tradução literal). A cada semana elas abordam aspectos dessa doença tão temida, falando com franqueza e bom humor sobre suas experiências pessoais. No último episódio, elas questionaram os cinco mitos a seguir sobre o câncer: Deborah: Quando me contaram que eu tinha câncer no chamado estágio 4 eu não disse ""meu Deus, eu vou morrer"". Falei: ""Vou perder o cabelo!"". Rachel: Essa foi a minha primeira reação também. Deborah: Um grande mito para mim sobre o câncer é que você nem sempre perde o cabelo. Depende dos medicamentos, e tenho muita sorte de ter mantido o cabelo até agora. Se eu mudar os medicamentos, posso perdê-los. Mas nem todos os que têm câncer ficam carecas. Rachel: Foi o que aconteceu comigo também. Não é tão incomum. Eu uso algo chamado de touca gelada, que me ajudou a manter meu cabelo. É uma touca que você coloca na cabeça que esfria seu couro cabeludo, isso evita que a quimioterapia entre nas camadas superiores dos folículos capilares. Lauren: Eu também usei a touca, mas perdi muito cabelo. Quando eu lavei meu cabelo pela primeira vez (após o tratamento), ele literalmente foi levado pela água. Naquele momento você vê como seu corpo desmorona ... é aterrorizante. Mas, apesar disso, eu tinha muito cabelo. Quando saí do banho, vi que havia um ponto calvo no topo da minha cabeça, mas o resto ainda estava lá. O que acontece com a touca é que ela fica apenas em algumas partes. Durante o meu tratamento, vi que fiquei muito calva no meio da cabeça. O resto do cabelo tornou-se mais fino. Lauren: Adoro esse tema. Desde o dia em que fui diagnosticada, aos 31, senti que não falamos dessa doença de uma maneira aberta, normal. E, por ser jovem, nunca pensei que deveria me preocupar com sintomas, porque você se sente invencível. Você vive se achando a Mulher-Maravilha ou o Super-Homem, não? Rachel: Você nunca acha que vai acontecer com você. Lauren: Nunca, é algo que acontece com outras pessoas, certo? Mas sim, acontece com os jovens, muitos são diagnosticados (com câncer). E tem uma falta de informação aí no meio: há muitas organizações de apoio ao câncer para crianças e para adolescentes e depois todas as outras voltadas para pessoas que estão em uma fase de vida mais avançadas. E os desafios são diferentes para pessoas com 20, 30 ou 40 anos. Deborah: Pra mim, a grande questão é: eu tenho um câncer de intestino que, aparentemente, pessoas jovens não têm. E esse é o problema, quando você não se encaixa no modelo do câncer. As pessoas dizem: ""Você é muito jovem"". Eu faço parte de uma campanha sobre câncer de instestino chamada ""Nunca se é jovem demais"", que é muito importante, porque 2.500 pessoas abaixo de 50 anos são diagnosticadas no Reino Unido com essa doença. Rachel: De acordo com dados da organização de pesquisa britânica Cancer Research UK, o câncer já não é apenas uma doença de idosos. Eles dizem que ""um em cada 10 novos casos de câncer diagnosticados no país são de pessoas entre 25 e 49 anos"". E, nesta faixa etária, há duas vezes mais mulheres que homens. Lauren: Existem tantos tipos e cada um tem seus próprios nichos, suas mudanças e suas mutações. Rachel: Existem também diferentes tratamentos, diferentes tipos de quimioterapia e de imunoterapia. Deborah: Você acaba se tornando uma especialista no seu próprio campo, né? Lauren: Eu descobri que a medicação que eles vão me dar, que me causará uma menopausa precoce, também é dada a pacientes com câncer de próstata. São muitas informações que se cruzam e que são complexas. Não sei vocês, mas eu fui ficando fascinada com os diferentes tipos de câncer. Tenho muito respeito pela medicina e pelas novas drogas que estão descobrindo. Deborah: Diferentes tipos de câncer apresentam desafios diferentes. E existem sintomas comuns. Todos são diferentes, mas o câncer é o câncer. Independentemente do estágio, é uma palavra assustadora. Rachel: Isso é algo que todas nós odiamos, esse mito de que as grandes empresas farmacêuticas estão escondendo a cura do câncer e não sei o quê mais... Eu acho que posso dizer que nenhuma de nós acredita nisso. Lauren: Isso mesmo. Geralmente são as pessoas que não tiveram câncer que falam isso. Quando você está em uma sala e eles dizem que você tem câncer, você toma tudo o que te derem. E eu sei do fundo do meu coração que fui tratada com os melhores medicamentos que poderiam me dar. Deborah: Eu acho que os oncologistas são tão apaixonados pelo que eles fazem que, se houvesse uma cura mágica, eles fariam tudo o que estivesse ao seu alcance para nos dar. Sim, o dinheiro é parte de tudo, mas esse é outro problema. Aqui estamos falando de vidas humanas. Rachel: A própria ideia de pensar que todas aquelas pessoas que me trataram, que trabalham cuidando pacientes como nós e que estão tentando nos manter vivas, estão, ao mesmo tempo, escondendo uma cura e falando: ""Não, eu vou deixar essa mãe morrer porque não estamos ganhando dinheiro""... É ridículo. Lauren: Me falaram que ""estou curada"". Digo com aspas, porque acho que só agora as pessoas estão começando a perceber que o câncer em estágio 4 não é necessariamente terminal. Você pode viver com ele sua vida toda e ter uma vida boa. Rachel: Vamos deixar claro que são coisas diferentes. O câncer incurável de estágio 4 não é a mesma coisa que o câncer terminal.",https://g1.globo.com/bemestar/noticia/5-mitos-sobre-o-cancer-derrubados-por-3-jovens-com-a-doenca.ghtml,,Por BBC,tv_celebridades,19/03/2018 11h15,news,fakebr:1242,fakebr
2826,"Terça-feira, 22 de agosto de 2017. Boa noite! Aqui estão as principais notícias para você terminar o dia bem-informado.  Fazia um tempo, mas o mundo da Lava Jato voltou a sentir abalos mais poderosos. O doleiro Lúcio Funaro, ex-operador de Eduardo Cunha, resolveu assinar o acordo de delação premiada. Os depoimentos devem começar nos próximos dias e ele pretende citar o presidente Michel Temer. Ainda em Brasília, a reforma política ainda pode ser votada nas próximas horas e importantes mudanças podem avançar. Ligado ao PMDB e ao ex-presidente da Câmara Eduardo Cunha, que também está preso, Lúcio Funaro promete revelar novos detalhes de esquemas de corrupção envolvendo o presidente Michel Temer ao assinar um acordo de delação premiada com a Procuradoria-Geral da República. Funaro disse que Temer sabia do pagamento de propinas na Petrobras e a orientação de distribuição de dinheiro na Caixa. A assessoria do presidente nega. A falta de consenso atravanca a votação da reforma política, que estava prevista para ser votada na noite desta terça. O texto que muda a Constituição propõe a implementação do ""Distritão"" e um fundo eleitoral com dinheiro público. Entenda as possíveis mudanças . O anúncio de que será proposta a privatização da Eletrobras fez com que os papéis da empresa tivessem valorização de quase 50% nos papéis ordinários, e levou o Ibovespa a uma alta de 2,01% , a 70.011 pontos, no maior patamar de fechamento desde janeiro de 2011. O valor de mercado da Eletrobras subiu R$ 9 bilhões em um único dia. Até 4 de agosto, 210 mil pessoas já passaram pelo pente-fino do INSS sobre a concessão de auxílio-doença e 80% dos benefícios foram cancelados. Outras 20.304 pessoas que não compareceram ao chamado de revisão também vão deixar de receber o seguro. O Governo do RJ anunciou que vai liberar 3 mil PMs que hoje atuam administrativamente para o patrulhamento nas ruas . O secretário de Segurança Pública disse que todas as UPPs permanecerão nas comunidades. O comandante da PM do RJ afirmou que ""a maioria desses homens desempenhavam atividades burocráticas. O importante é que vamos colocar mais três mil policiais em áreas que estavam necessitando de policiamento"". A professora Marcia Friggi, de 51 anos, prestou depoimento em Indaial, Santa Catarina. De acordo com o delegado responsável pelo caso, José Klock, ela relatou o soco que recebeu de um aluno de 15 anos . ""Ela não quer represália contra o adolescente, não quer que gere mais violência"", disse o delegado. A polícia quer concluir o inquérito até o final da semana. O terremoto de magnitude 4,0 que atingiu na noite ontem uma ilha na Itália deixou 2 mortos. Mas os bombeiros conseguiram resgatar os irmãos Pasquale de 7 meses, Mattias, de 7 anos, e Ciro, de 11 anos, que ficaram por mais de 16 horas de baixo dos escombros. ""Não sei como descrever tudo isso senão como um milagre, estávamos todos mortos e nascemos de novo"", disse a avó das crianças. Cientistas criaram micro-organismos cobertos por semicondutores que, assim como as plantas, podem gerar energia a partir da luz do sol, dióxido de carbono e água . Durante testes, a bactéria se provou muito mais eficiente em absorver energia do sol do que as plantas. As bactérias ""ciborgues"" produzem ácido acético, que pode ser transformado em combustível e em plástico.",https://g1.globo.com/resumo-do-dia/noticia/terca-feira-22-de-agosto-de-2017.ghtml,,Por G1,politica,22/08/2017 20h06,news,fakebr:2826,fakebr
3008,"Quarta-feira, 2 de agosto de 2017. Boa noite! Aqui estão as principais notícias para você terminar o dia bem-informado.  Temer não será investigado pela denúncia de corrupção passiva apresentada pelo procurador Rodrigo Janot. O relatório que pedia o arquivamento da denúncia teve 263 votos na Câmara, e assim foi barrado o encaminhamento da denúncia para o STF e o eventual afastamento do presidente. Desde o começo do dia, o Planalto dava demonstrações de confiança por um resultado favorável. Houve tensão e tumulto entre os deputados federais, mas o clima nas ruas foi morno. O presidente fez um pronunciamento logo depois em que agradeceu a Câmara e disse que a rejeição da denúncia é ""conquista do estado democrático"". A votação na Câmara começou às 18h19 e às 20h16 foi atingido o número necessário para aprovar o relatório do deputado Paulo Abi-Ackel (PSDB-MG), que pedia o arquivamento da denúncia. Foram 263 votos pelo SIM e 227 votos pelo NÃO ao arquivamento. Houve 2 abstenções e 19 ausentes. Rodrigo Janot pode apresentar novas denúncias, mas a votada hoje só pode ir ao STF quando Temer estiver fora da Presidência. Como os deputados votaram? Confira como cada deputado federal se posicionou na votação. SIM significa a favor do arquivamento da denúncia, NÃO, pela continuidade das investigações. VEJA o placar montado pelo G1 . Checagem dos discursos Antes da votação, os parlamentares tiveram a chance de se pronunciar. O É Ou Não É do G1 checa falas de deputados para verificar a veracidade. Foram selecionadas falas que apresentam pontos e fatos objetivos, que podem ser claramente verificados. CONFIRA . Deputado da tatuagem Depois de exibir uma tatuagem com o nome de Temer no ombro no fim de semana, o deputado Wladimir Costa (SD-PA) fez outro discurso apaixonado em defesa do presidente : ""Um homem ético, transparente, tem história"". Ele não exibiu o desenho durante a sessão, que tatuadores afirmam não ser permanente. Confusão Mas a participação do ""deputado da tatuagem"" não terminou por aí . Wladimir Costa provocou parlamentares do PT mostrando dois ""pixulecos"", bonecos com a imagem do ex-presidente Luiz Inácio Lula da Silva vestido de presidiário. Ele chegou a bater com os infláveis em alguns deputados e a confusão só terminou quando a oposição estourou os pixulecos. Protestos A concentração de manifestantes foi tímida em frente ao Congresso Nacional. Segundo a PM, cerca de 200 pessoas se reuniam no gramado da Esplanada até as 18h10. Organizadores estimavam a presença de mais de mil pessoas no local. O jogador brasileiro confirmou que vai trocar o Barcelona pelo Paris Saint-Germain . O clube espanhol reiterou que Neymar segue como jogador do time até que os franceses paguem a multa rescisória de € 222 milhões (R$ 820 milhões) . De qualquer forma o Barcelona começou a retirar os cartazes com fotos de Neymar no estádio. O jogador já é passado. Pela primeira vez cientistas ""corrigiram"" uma doença hereditária ao editar o DNA de embriões humanos . A façanha representa o caminho para grandes avanços no tratamento de doenças genéticas, mas também para produzir bebês geneticamente modificados - o que traz implicações éticas. A correção do DNA poderia ser usado para determinadas predileções estéticas ou de raça. Veja o vídeo abaixo e entenda como funciona essa ""edição"": A empresa responsável pelo sistema eleitoral na Venezuela afirmou que o número de eleitores que participaram da votação para eleger a Assembleia Constituinte do país foi manipulado . ""Estimamos que a diferença entre a participação real e a anunciada pelas autoridades é de pelo menos um milhão de votos"", afirmou o diretor-executivo da Smartmatic, Antonio Mugica. Postagens em redes sociais levantaram suspeitas da polícia e colaboraram para mostrar a incongruência entre o estilo de vida de investigados e seus rendimentos no Piauí. Fotos mostram viagens, pelo Brasil e pelo exterior. A investigação na Operação Fantasma é de um desvio de R$ 80 milhões do fisco, mas gerado uma dívida ativa de R$ 170 milhões ao erário. Uma grávida de 28 anos, acompanhada do marido e do filho do casal, de 2 anos, foi baleada e morta quando a família foi abordada por dois homens em uma moto no interior de Goiás. O marido afirmou que a esposa discutiu com o criminoso porque queria descer do veículo. ""Não descartamos nenhuma possibilidade. Temos que checar tudo"", disse o delegado. Ficar ao ar livre poderá se tornar mortal em países como Paquistão, Nepal, Índia, Bangladesh e Sri Lanka até o final deste século. As mudanças climáticas conduzem o calor e a umidade a níveis extremos, segundo um novo estudo divulgada nesta quarta-feira (2) pela revista Science. Atualmente, cerca de 1,5 bilhão de pessoas vivem nessa região. Há quem argumente que isso não passa de obrigação, mas, sim, atitudes como essa merecem ser destacadas. Uma secretária de Campinas, SP, deu uma ""raladinha"" em um carro estacionado e deixou seu telefone para pagar as despesas do conserto. Como não recebeu uma ligação com a cobrança ela decidiu insistir na compensação da dona do outro veículo. Confira a história .",https://g1.globo.com/resumo-do-dia/noticia/quarta-feira-2-de-agosto-de-2017.ghtml,,Por G1,politica,02/08/2017 21h59,news,fakebr:3008,fakebr
31,"Após ovada, Doria posta foto de depósito de ovos e diz: 'Armamento pesado'

Tucano foi atingido por ovo na cabeça em evento em Salvador na noite de segunda-feira (7).

pós ser atingido por um ovo na cabeça na Bahia, o prefeito João Doria publicou em seu perfil no Twitter uma foto de um depósito de ovos, com a legenda: “Polícia da Bahia encontra depósito clandestino de armamento pesado”.

Na noite de segunda-feira (7), em evento Salvador, o tucano foi atingido quando chegava à Câmara Municipal da cidade. Ele recebeu o título de cidadão soteropolitano. No mesmo dia, em seu perfil oficial, Doria publicou um vídeo e fez postagens em texto falando sobre o ocorrido.

""Pessoal, estou em Salvador para receber o título de cidadão soteropolitano, e uma minoria ruidosa e autoritária tentou nos agredir. Não é esse o Brasil que queremos. Este tipo de violência só reforça meu desejo de que o Brasil avance unido. A paz prevaleceu e a Câmara de Salvador, a casa do povo, nos recebeu com muito carinho. Obrigado povo da Bahia!"", publicou.

A Câmara de Vereadores informou que identificou três homens suspeitos. Em contato com o G1, o presidente da Câmara, o vereador Léo Prates, disse que os suspeitos, que não chegaram a ser detidos pela polícia, são frequentadores assíduos do local e que, como punição, a Mesa Diretora decidiu proibir que eles tenham acesso às dependências da casa legislativa até o dia 31 de dezembro de 2017.",https://g1.globo.com/sao-paulo/noticia/apos-ovada-doria-posta-foto-de-deposito-de-ovos-e-diz-armamento-pesado.ghtml,,G1 SP,politica,9/8/2017,news,fakebr:31,fakebr
1159,"Zuma diz que não vai renunciar e que pressão de partido é injusta. Presidente da África do Sul afirmou a TV estatal que partido não deu razões suficientes para que ele deixe o cargo. .  O presidente da África do Sul, Jacob Zuma, rompeu o silêncio e falou nesta quarta-feira (14) à TV estatal de seu país sobre as pressões de seu partido para que ele deixe o poder. Ele disse que não vai renunciar, que não fez nada de errado e que o Congresso Nacional Africano (ANC, na sigla em inglês) não deu motivos que justifiquem sua saída. Classificou o pedido como ""injusto"" e criticou líderes do partido por conversarem com a imprensa e “incitarem os apelos por sua renúncia”. Zuma disse que achou ""muito estranho"" ter sido comunicado de que ele deve sair do cargo ""porque teremos um novo presidente"". ""Essa não é a política do ANC”, afirmou. O presidente disse que propôs ao partido renunciar em junho, com o objetivo de criar um ambiente de “estabilidade e unidade” no país, e que inicialmente o partido concordou. Nesta quarta-feira, o ANC anunciou que, se ele não renunciar, vai apoiar uma moção de censura contra ele no parlamento - a única maneira de tirá-lo do poder caso ele se negue a cumprir a decisão de seus colegas de sigla de sair do governo. A votação foi marcada para quinta-feira (15). Depois da fala de Zuma, o ANC se pronunciou, dizendo que foi positivo ouvir que o presidente ""não vai desafiar a ordem do partido"" de deixar o cargo. Zuma já enfrentou pelo menos outras oito moções de censura do parlamento, sendo que apenas a última foi realizada com voto secreto . O presidente sul-africano é alvo de mais de 800 acusações por corrupção relativa a contratos de armas do final dos anos 1990 e é investigado por supostamente ter usado o Estado para favorecer empresários com concessões públicas milionárias.",https://g1.globo.com/mundo/noticia/zuma-diz-em-tv-estatal-que-pedido-de-renuncia-e-injusto.ghtml,,Por G1,politica,14/02/2018 10h19,news,fakebr:1159,fakebr
2810,"Lava Jato: defesa de Bendine pede que incompetência de Moro para julgar processo seja reconhecida. Ex-presidente da Petrobras foi acusado de receber R$ 3 milhões em propina da Odebrecht; alegações finais foram protocoladas na segunda-feira (26)..  A defesa do ex-presidente da Petrobras e do Banco do Brasil, Aldemir Bendine, protocolou, na noite de segunda-feira (26), os argumentos finais no processo em que o cliente é réu na Lava Jato. Nas alegações finais, os advogados pedem, primeiro, que seja reconhecida a incompetência da 13a Vara Federal em Curitiba, em que atua o juiz Sérgio Moro, responsável pelos processos da operação na primeira instância. Para a defesa, a ação penal deve ser transferida para uma das Varas Federais da Subseção Judiciária de São Paulo - ""local onde se consumou, em tese, a solicitação de vantagem indevida"". O ex-presidente da Petrobras foi acusado pela força-tarefa da Lava Jato de receber R$ 3 milhões em propina da Odebrecht, para facilitar contratos entre a empreiteira e a estatal. Leia a íntegra da denúncia contra ele . Bendine responde pelos crimes de corrupção ativa e passiva, lavagem de dinheiro, pertinência à organização criminosa e obstrução à Justiça. Em depoimento a Moro, ele negou veementemente as acusações. Caso Moro não acolha esse e outros pedidos feitos pela defesa, os advogados pedem que o cliente seja absolvido de todos os crimes. ""As imputações de corrupção passiva [...] baseiam-se em declarações dos corréus colaboradores [...] — o qual, durante a instrução, mudou radicalmente o seu discurso, confessadamente em busca de acordo de colaboração — que, todavia, não foram confirmadas por elementos idôneos de corroboração"", diz um trecho do documento. ""As demais imputações, consubstanciadas em várias alegadas lavagem de dinheiro, pertencimento à organização criminosa e embaraço à investigação, com todo o respeito, não passam de procedimento utilizado para inflar artificialmente a acusação que pesa contra o Peticionário"", diz outro parágrafo. O ex-presidente da Petrobras está preso desde o dia 27 de julho de 2017 , quando a força-tarefa da Lava Jato deflagrou a 42a fase da operação, denominada ""Cobra"". Bendine é o único ex-presidente da Petrobras que virou alvo de processo na Operação Lava Jato. Ele assumiu a presidência do Banco do Brasil em abril de 2009, a convite do ex-presidente Luiz Inácio Lula da Silva. Os bons resultados na administração do banco fizeram com que Bendine ganhasse a confiança da então presidente Dilma Rousseff. Bendine foi nomeado para o comando da Petrobras em fevereiro de 2015, no lugar de Graça Foster, com a missão de recuperar a estatal , abalada pela Lava Jato. Nesta ação penal, além de Bendine, o ex-presidente da Odebrecht, Marcelo Odebrecht; o publicitário André Gustavo; o ex-presidente da Odebrecht Ambiental Fernando Reis; e o doleiro Álvaro Novis são réus. Eles também apresentaram as alegações finais na segunda-feira. No dia 30 de janeiro, o Ministério Público Federal (MPF) reforçou o pedido de condenação deles. As alegações finais são a última etapa antes da sentença. Segundo a força-tarefa da Lava Jato, os crimes ocorreram de 2014 a 2017 . Em 2015, Bendine deixou o Banco do Brasil com a missão de acabar com a corrupção na petroleira, alvo da Lava Jato. Mas, segundo delatores da Odebrecht, Bendine já cobrava propina no Banco do Brasil e continuou cobrando na Petrobras. Quando comandava o Banco do Brasil, Bendine pediu R$ 17 milhões à Odebrecht para rolar uma dívida da empresa com a instituição. Mas Marcelo Odebrecht e eis disseram, em delação premiada, que não pagaram o valor por acharem que Bendine não teria capacidade de influenciar no contrato. Na véspera de assumir a presidência da Petrobras, em 6 de fevereiro de 2015, Bendine e um de seus operadores financeiros novamente solicitaram propina a Odebrecht e Reis, segundo o MPF. Investigadores dizem que o pedido foi feito para que a empreiteira não fosse prejudicada em seus interesses na Petrobras, inclusive em relação às consequências da Operação Lava Jato. Segundo os delatores, a Odebrecht optou por pagar os R$ 3 milhões pelo Setor de Operações Estruturadas, como era chamada a área responsável pelas propinas na empresa.",https://g1.globo.com/pr/parana/noticia/lava-jato-defesa-de-bendine-apresenta-alegacoes-finais-e-pede-absolvicao-do-cliente.ghtml,,"Por Alana Fonseca, G1 PR, Curitiba",politica,27/02/2018 10h10,news,fakebr:2810,fakebr
2298,"Após cancelamento de peça, ator do Rio de Janeiro acusa empresário do Acre de estelionato. Empresário Alex Dantas afirma que vai se pronunciar somente após orientação de advogado. Pablo Oliveira diz que produtor deu golpe para arrecadar dinheiro dos ingressos. .  Fundador da companhia de teatro Nós do Asfalto, o ator Pablo Oliveira acusa o empresário acreano Alex Dantas de estelionato após a peça “Patrulha Canina”, que estava marcada para ocorrer no dia 24 deste mês, no Teatrão, em Rio Branco, ter sido cancelada. Oliveira postou um vídeo na página da cia no Facebook onde afirma que Dantas vendeu os ingressos para as apresentações e cancelou o espetáculo com a produção. Ao G1 , Dantas disse que vai aguardar a orientação do advogado para poder se pronunciar. O empresário publicou uma nota no Facebook da página da empresa delo, Ação Eventos, onde afirma que vai tomar as medidas judiciais cabíveis contra o ator. A postagem diz ainda que neste domingo (17) a empresa iria postar as razões pelas quais alguns shows foram cancelados. No entanto, após o vídeo de Oliveira, dantas decidiu consultar um advogado para poder falar. O mesmo ocorreu com o reembolso de ingressos, que iniciaria na segunda (18), mas também foi adiado. “Agora aconteceu essa falcatrua, esse mau-caratismo desse rapaz de vender os ingressos do nosso espetáculo e agora cancelar. Somos vítimas dele assim como todos que compraram o ingresso. Ele vende os ingressos, fala que vai ressarcir e não faz isso, pois ele está afundado em dívidas. Acho que esse foi o jeito que ele encontrou para arrecadar dinheiro e pagar alguma conta que ele está devendo”, disse o ator no vídeo publicado na página da cia de teatro. Oliveira, que mora no Rio de Janeiro (RJ), relatou que a companhia embarcaria no dia 21 de setembro e retornaria da viagem ao Acre no dia 25. Todos os atores, segundo ele, desmarcaram compromissos para fazer o trabalho. Ele disse que entrou em contato com Dantas e pediu as passagens de avião, mas elas não foram enviadas. Após isso, o show foi cancelado. “O público está muito frustrado e gostaria de deixar claro que não sou conivente com isso, pois se fosse jamais iria me expor na rede social. Ele queria adiar o show para o dia 1 de outubro, mas falei que a minha agenda estava lotada desse dia em diante”, diz. O ator falou ainda que após a publicação do vídeo foi ameaçado pelo produtor acreano. Além disso, afirmou que vai buscar medidas judiciais, mas quer apenas que o empresário devolva o valor dos ingressos comprados para a peça “Patrulha Canina”. “Ele me ligou no Whatsapp e disse que iria aprontar uma comigo, que era para eu ter cuidado. Foi aí que decidi gravar o vídeo. A minha real situação, de todas as provas que tenho no meu celular, é que ele fez tudo isso de caso pensado para arrecadar dinheiro, dar um golpe nas pessoas. Quem está envolvido na situação não está vendo, mas eu cansei”, finalizou o ator.",https://g1.globo.com/ac/acre/noticia/apos-cancelamento-de-peca-ator-acusa-empresario-do-acre-de-estelionato.ghtml,,"Por Quésia Melo, G1 AC, Rio Branco",politica,17/09/2017 14h55,news,fakebr:2298,fakebr
1044,"De moto no Himalaia: como é rodar no topo do mundo. G1 andou 1.000 km pela região de Ladakh, na Índia, a mais de 5 mil metros de altitude. No caminho, belas paisagens e um roteiro ao lado de precipícios..  Com a 2a maior população do planeta e a economia emergente que mais cresce, a Índia também é uma miscelânea de culturas e etnias. Mas você sabia que o país também possui algumas das estradas mais altas e perigosas do mundo para rodar de moto? O G1 percorreu 1.000 km pelo Himalaia, a famosa cordilheira que passa por 5 países e onde está a montanha mais alta do mundo, o Everest, localizado entre o Nepal e a China. A jornada foi em outra parte da cadeia de montanhas, a indiana, cruzando estradas da região de Ladakh, com mais de 5 mil metros de altitude, belas paisagens e beirando precipícios. Foram: Não é uma jornada para se ter pressa e nem para quem é inexperiente. As estradas são bem difíceis, por isso pode levar até 8 horas para percorrer apenas 200 km. Mas pressa nem combinaria com a proposta: é preciso apreciar com calma aqueles cenários. Caso não tenha tanto tempo disponível, uma opção é fazer um roteiro um pouco mais curto, de 5 dias, tirando as duas localidades que exigem mais tempo para visita: Tso Moriri e Tso Kar. Veja mais dicas fundamentais para a viagem ao fim da reportagem. Ladakh, o coração deste roteiro, faz parte da histórica e disputada região da Caxemira. Ao contrário da maior parte do país, onde o hinduísmo é dominante, ali a maioria é budista. A região é fortemente influenciada pela cultura tibetana e um dos idiomas locais é o ladakhi. Outra diferença do restante do país é o trânsito menos caótico. Apenas nas partes mais centrais de Leh existe grande tráfego de veículos. As motos, que parecem ""brotar"" do chão em Nova Déli, a capital indiana, ali são mais usadas pelos viajantes que querem conhecer as montanhas. Então, você pode passar muitos quilômetros sem encontrar uma. A viagem do Brasil à Índia leva ao menos 20 horas de voo, então há ao menos uma escala, geralmente no país-sede da companhia aérea. A nossa foi em Dubai: partindo de São Paulo foram cerca de 14 horas até os Emirados Árabes e, depois de algumas horas de espera no aeroporto, mais 3 horas e meia até Nova Déli. De lá existem voos regulares para Leh, a principal localidade de Ladakh e ponto de partida da jornada com a moto. Eles são bem concorridos, principalmente entre julho e agosto, meses mais quentes e com mais atrações para turistas. A ida, em si, foi a primeira “emoção” da viagem. O avião foi subindo, subindo e praticamente não desceu para pousar na cidade que fica a 3.500 m de altitude. Da janela, era possível ver as cordilheiras ao lado, uma paisagem estonteante, mas também assustadora. Depois de dar uma voltinha beirando as montanhas, o avião tocou o solo e não teve nenhum problema. O aeroporto é extremamente pequeno e um ônibus bem antigo nos levou até a retirada de bagagens. Existem diversas empresas que alugam motos em Leh e também que guiam os turistas pelas montanhas. Há viagens organizadas a partir do Brasil também. Vale procurar por essas informações antes de chegar à cidade e já deixar todo o passeio programado. Existe a opção de fazer a viagem sem guias, mas, em alguns locais, como os lagos Pangong Tso, na fronteira com a China, e Tso Moriri, na direção do Tibete, só é permitido circular acompanhado deles e é necessária uma autorização especial da Justiça local para ir até lá. Outro empecilho de ir sozinho é que precisará estudar bem a região, principalmente pela falta de postos de gasolina, para não correr o risco de ter uma pane seca no meio do nada. Assim, levar gasolina extra na moto pode ser uma boa ideia. A maioria das motos para aluguel na região são da montadora inglesa Royal Enfield, especializada em modelos de média cilindrada. Na viagem foi usada uma Bullet 500, mas muitos viajantes também se aventuram com motos de menor cilindrada. O aluguel pode variar de 800 a 2 mil rúpias por dia, o equivalente a uma faixa de R$ 40 a R$ 100 por dia, sem contar as taxas de câmbio. Para os mais aventureiros, também é possível sair de moto de Nova Déli. O caminho mais feito pelos motociclistas é passando por Manali e pelo belo Vale de Spiti. Por essa rota, são mais de 1.000 km e uma previsão de ao menos 30 horas rodando para chegar a Leh. Além da diferença de pressão atmosférica, por causa da altitude, rodar de moto no Himalaia exige um bom preparo físico devido às condições difíceis das estradas, além das grandes variações de temperatura. Durante a viagem, fomos de 30°C em Leh e até quase 0°C no alto das estradas. Uma capinha de chuva e botas de moto resistentes à agua também são importantes, não só pela chuva, mas porque você vai encontrar muitos riachos e alagamentos no caminho devido ao degelo. Além disso, é claro, é fundamental contar com o equipamento de moto completo com capacete, jaqueta, calça e luvas, pois pequenas quedas são esperadas no caminho. No primeiro dia em Leh, o ideal é descansar e não fazer nenhum tipo de atividade física pesada. ""É sempre importante estar bem hidratado e, se começar a se sentir mal, ter dor de cabeça, sensação de desmaio, você deve parar sua moto"", afirma o médico Tsering Wangchuk. Esses podem ser sintomas do chamado ""mal da montanha"". Causado pela falta de oxigênio em altitudes elevadas, ele aumenta a frequência cardíaca e pode causar edema pulmonar e cerebral. Também é preciso se acostumar com a mão inglesa, que é a utilizada na Índia, antiga colônia britânica. Você deve sempre rodar do esquerdo da pista e ultrapassar pela direita. É importante ficar bem atento, principalmente nas rotatórias. No começo, a cabeça fica confusa. Os indianos chamam Khardung La de a “estrada mais alta do mundo para veículos motorizados”, mas existem dados contraditórios sobre o assunto. As autoridades locais dizem que a altitude na rota é de 5.602 metros, porém, o Instituto Cartográfico da Catalunha afirma que a estrada chegaria a ""apenas"" 5.359 metros, perdendo o título para outra via chinesa, de 5.565 m. A explicação para a confusão seria os indianos considerarem uma antiga trilha do local para a altitude indicada. Logo nos primeiros minutos, você olha para baixo e já vê os precipícios ao seu lado. Apesar disso, o começo da subida para o topo até que é tranquilo, com o piso asfaltado. Mas, em determinado momento, o asfalto some e é aí que a dificuldade começa. O solo é bem deteriorado, com pedras e, muitas vezes, riachos que brotam do degelo das montanhas. De acordo com os guias, pegamos um dia extremamente bom em Khardung La, sem chuva, e com o degelo já mais para o fim. Então, a maior parte da terra estava seca. Mesmo assim emoção não faltou. O problema maior é que a estrada é bem movimentada. Além de carros, há muitos caminhões, sobretudo do exército indiano. Muitas vezes você será espremido entre um caminhão e o precipício, e sempre é bom buzinar, porque, às vezes, quem vem do outro lado usa bem o meio da pista. À medida que a altitude aumenta, o frio chega e as geleiras aparecem. Mais um motivo para não se distrair muito com as belas paisagens em cima da moto. Se achar algum ponto legal, pare para apreciar, só não faça isso em curvas em locais muito estreitos, para evitar um atropelamento. Uma boa pedida é comer uns momos, bolinho cozido de legumes, e tomar um chá na lanchonete do local para recuperar as energias. Também não é indicado ficar mais do que 15, 20 minutos nessa altitude, para o corpo não sentir muito os efeitos, já que você precisará seguir viagem. Mas o ponto turístico é bem concorrido, então se prepare para fazer fila para tirar uma foto com a placa oficial de Khardung La: você não terá mais do que alguns segundos para isso. Se seguir em frente, poderá conhecer o Vale do Nubra, onde está a vila de Diskit e o Buddah Maytreia, uma estátua de 33 metros de altura. Se optar por isso, terá que dormir por lá. Durante nossa viagem, uma estrada estava intransitável devido às cheias dos rios, então tivemos que voltar para Leh e não seguir para o Nubra, que seria nossa rota esperada. Muitas vezes, deslizamentos e inundações tornam os locais em Ladakh inacessíveis. O derretimento das geleiras forma verdadeiros oásis no clima desértico do Himalaia, os grandes lagos. Um dos mais famosos e bonitos deles é o Pangong Tso. Além da extrema beleza, o local também é alvo de discórdia, já que parte dele está na Índia e outra na China. A divisão atual começou na época da independência da Índia, em 1947, quando a Caxemira acabou sendo disputada por Índia e Paquistão. Em 1962, a China conquistou a região chamada de Aksai Chin, justamente onde começa a parte chinesa do Pangong Tso. No mês passado, houve um momento de tensão entre soldados indianos e chineses , alguns dias depois de passarmos pela região. Saindo de Leh, são 165 km para chegar ao lago, mas, não se engane: poucos quilômetros na região do Himalaia podem levar horas e horas. Durante o trajeto, houve quedas de pedras na estrada, o que provocou uma parada não esperada de 1 hora. Para chegar ao Pangong Tso, é preciso passar pela estrada de Chang La (5.391 m), considerada a segunda mais alta de região e também do mundo. As condições da passagem são bem parecidas com a de Khardung La, mas sem tanto tráfego de veículos, ao menos no dia em que passamos. Depois de descer, ainda há um longo caminho até o Pangong Tso, em meios a serras escarpadas, com uma paisagem mais deslumbrante que a outra, passando pelo vilarejo de Dubrok. Depois de uma longa viagem, é uma boa ideia comer em algum dos restaurantes próximos ao lago e apreciar a vista. Outros motivos para não nadar são a água extremamente fria e também para não causar um incidente internacional entre Índia e China, que disputam as águas do lago. Talvez um dos trechos mais difíceis da região é de Leh para o lago de Tso Moriri, outro local extremamente vigiado pelo exército e que vai em direção à fronteira com o Tibete. Pegamos a estrada em direção a Manali e, para nossa surpresa, ela é uma das mais bem conservadas da região. Chegamos ao belíssimo passo de Taglang La, o 3o em altitude (5.328 m), mas, sem dúvida, o mais bem cuidado. Existe asfalto em perfeito estado até o topo e até proteções de segurança, em curvas mais perigosas. Isso, sem dúvida, é bem-vindo, porque a via seguinte era um grande desafio. Passando pelo vilarejo de Debring, você tem que virar à esquerda em uma pequena estradinha ainda asfaltada, mas com o piso totalmente irregular. E, então, chega o trecho de terra, com muitas ""costelas"" e ""bumps"" que começam a exigir muito da pilotagem até chegar ao primeiro logo da região, o Tso Kar. Na chegada a Tso Moriri, um bloqueio do exército nos barrou por quase 1 hora, até verem toda a papelada e nos liberarem. Ficamos hospedados em Karzok, um belíssimo vilarejo que esconde o um mosteiro de mais de 300 anos. Vale a pena também subir na montanha para poder avistar o lago. Ao contrário de Karzok, que fica em uma encosta, o acampamento no Tso Kar está no meio de uma planície. Durante a noite, o vento bateu forte e a temperatura baixou a 0 oC, mas a recompensa veio em ver o maravilhoso céu estrelado da região. No último dia, do retorno para Leh e, após 6 dias rodando de moto, o cansaço é visível. Nem tanto pela distância de 1.000 km 7 dias, mas pela dificuldade do terreno. Simplesmente é impossível alcançar uma velocidade média alta. Não adianta ter pressa, mesmo porque o legal é curtir paisagens ao máximo. A recompensa é muito prazerosa: você consegue ir a locais onde não existe um ser humano por quilômetros, conhecer pequenos vilarejos de refugiados tibetanos e cenários realmente incríveis. Apesar de poucos falarem inglês na região, o povo é muito simpático e as pessoas sempre estão dispostas a ajudar. Julley (Obrigado, no idioma ladakhi)!",https://g1.globo.com/carros/motos/noticia/de-moto-no-himalaia-como-e-rodar-no-topo-do-mundo.ghtml,,"Por Rafael Miotto, G1, Leh, na Índia - o jornalista viajou a convite da Royal Enfield",tv_celebridades,27/09/2017 06h09,news,fakebr:1044,fakebr
2732,"Anitta manda recado após críticas sobre ex-BBB Lucas: Já cansaram de fazer essas coisas e ficam aí na internet falando dos outros. Cantora usou as redes sociais para desabafo: Bem vendo as gatchenhas que já cansaram de fazer a Jéssica falando mal do fiel de Taubaté..  Anitta está de férias nos Estados Unidos, mas bem de olho no que está acontecendo na internet e, também, no “BBB18”. Após eliminação de Lucas na noite desta terça-feira (24) , o nome do ex-brother e do programa ficaram como trending topics nas redes sociais. Isso porque Lucas entrou na casa noivo de Ana Lúcia Vilela, mas durante participação no jogo, teve uma forte aproximação com Jéssica na casa. “Bem vendo as gatchenhas que já cansaram de fazer a Jéssica falando mal do fiel de Taubaté pra ficar IN com a internet”, escreveu Anitta no Twitter. No stories do Instagram, Anitta repetiu a crítica e completou: “Fica usando os raios da internet pra ficar julgando os outros já cansaram de fazer essas coisas. E fica ai na internet falando dos outros pra ganhar seguidor. Vai lavar uma louça, limpar um chão”. Após a eliminação de Lucas, o ex-brother esteve no ""Mais Você"" e contou para Ana Maria Braga que conversou com a noiva por telefone. “Liguei, ela foi bacana, me atendeu. A gente tem muito ainda o que conversar. Várias coisas aconteceram nesse tempo”, afirmou Lucas, antes de Ana Maria afirmar que Ana Lúcia foi bastante elegante no período em que o brother esteve na casa. A apresentadora ressaltou que Ana não concedeu nenhuma entrevista nesse período e não quis usar a situação para aparecer. “Não posso ir a outros lugares sem antes falar com ela. Preciso olhar no olho dela e admitir meu erro. Tentar de alguma maneira reverter. Não tenho como apagar o que acontecer. Mas tentar colocar uma pedra e recomeçar”, afirmou Lucas, sem dizer diretamente se a noiva terminou com ele. Ao final do programa, Lucas fez um pedido para Ana Maria: “Pede pra ela levar em consideração os mais de 5 anos de história”. E Louro José não perdoou: “Quem tem que pedir é você”.",https://g1.globo.com/pop-arte/noticia/anitta-manda-recado-apos-criticas-sobre-ex-bbb-lucas-ja-cansaram-de-fazer-essas-coisas-e-ficam-ai-na-internet-falando-dos-outros.ghtml,,Por G1,tv_celebridades,28/02/2018 15h11,news,fakebr:2732,fakebr
834,"Motorista envolvido em morte de comissário já processou Prefeitura por demora do Samu em outro acidente . Advogado informou à Justiça que acidente de moto foi causado por manchas de óleo na pista e cobrou da Prefeitura despesas com tratamento, mas perdeu a causa..  O motorista que bateu em alta velocidade e provocou a morte do comissário de bordo de 43 anos na Avenida dos Bandeirantes, na Zona Sul de São Paulo, na madrugada da última sexta-feira (14), já havia processado a Prefeitura de São Paulo por outro acidente em que se envolveu, alegando que houve demora do Samu para prestar socorro. O advogado Arthur Falcão Sfoggia, de 33 anos, perdeu o processo em que pedia, em 2013, indenização da Prefeitura por danos morais e materiais, após ter derrapado de moto em uma mancha de óleo em uma rua da capital. Sfoggia queria que o município pagasse os gastos que ele teve com supostas despesas médicas com fraturas causadas pelo acidente e tratamento dos supostos traumas. Sfoggia foi preso no sábado (15) após o novo acidente, indiciado por homicídio doloso (com intenção de matar) e liberado após o pagamento de fiança . Segundo testemunhas, ele não parou para ajudar o comissário de bordo Alexandre Stoian, que morreu carbonizado após seu veículo pegar fogo com a batida. A família da vítima quer recorrer da soltura do advogado . A mulher de Stoian, que estava sentada no banco do carona, conseguiu escapar pelo vidro do motorista, já que não conseguia abrir as portas do carro. Informações preliminares são de que o advogado fugiu do local da tragédia, sem prestar socorro. Sfoggia negou e disse que tentou ajudar o motorista. O advogado também admitiu que bebeu, mas se recusou a fazer exame de sangue que determina a dosagem alcoólica. No acidente anterior em que se envolveu em São Paulo, cuja data não foi divulgada na sentença do processo, o advogado foi condenado a pagar verbas de sucumbência (valores gastos com os advogados das partes) para a Prefeitura após perder o processo em que pedia R$ 17.228,06 de indenização da prefeitura. A Prefeitura, no entanto, informou que não houve cobrança da verba honorária porque decisão de segunda instância concedeu ao autor da ação o benefício da justiça gratuita, o que o liberou do pagamento. Conforme o juiz Leandro Galluzzi dos Santos, da 2a Vara do Juizado Especial da Fazenda Pública, o advogado alegava que “estava pilotando sua motocicleta e devido a uma mancha de óleo na pista, teria se acidentado. Afirma ainda, que após a queda houve demora quanto ao socorro por parte do SAMU, resultando, despesas médicas pelas fraturas causadas e tratamento dos supostos traumas”. O magistrado, em sentença de primeira instância proferida em fevereiro de 2015, diz que o advogado Sfoggia entrou em contradição e que “já foram notadas distorções sobre os fatos por parte do Requerente [Sfoggia], que não apresenta provas concretas sobre suas alegações”. O juiz também entendeu que o advogado não demonstrou no processo que a Prefeitura tenha tido responsabilidade no acidente, ressaltando o depoimento de uma testemunha que “no local não acontecem muitos acidentes, mesmo porque não há como desenvolver velocidade alta em função do curto trecho de curvas”. O juiz afirmou ainda que, “são várias as perspectivas que recomendam a improcedência” do pedido de indenização do advogado. O G1 procurou a defesa de Sfoggia no caso de 2013 e aguarda retorno. Sfoggia não falou com a imprensa no sábado após a deixar a delegacia da Vila Carrão, na Zona Leste de São Paulo, onde estava preso após a colisão com veículo do comissário de bordo. O defensor que o acompanhava também não deu declarações e se limitou a dizer que o cliente “não fugiu”. No depoimento, conforme apurou o SP1, o advogado de Sfoggia, primo dele, primeiro disse que o levava ao Aeroporto de Congonhas no momento do acidente. Depois de cair em contradição, admitiu que voltava para casa com o parente após uma noite na casa de shows Villa Country, na Zona Oeste da capital. Ele, no entanto, sustenta que não negou ajuda ao comissário, e que até ficou com as mãos queimadas ao tentar retirá-lo do carro em chamas. A polícia vai investigar se a versão do motorista é verídica. De acordo com o delegado que investiga o caso, Arthur deve ser indiciado por homicídio com dolo eventual, porque assumiu o risco de matar. O delegado Anderson Giampaoli acredita que o motorista estava participando de um racha. “A Polícia Civil entende nesse momento pelo que se colheu, que ali temos um caso de dolo eventual, ou seja, pela velocidade, pelos indícios da ingestão de bebida alcoólica, pelos testemunhos colhidos, pelas imagens que nós vimos. Ele assumiu o risco de produzir o resultado morte, daí a razão de ele estar sendo autuado no artigo 21 parágrafo 2, homicídio qualificado”, afirmou Imagens de câmeras de segurança mostraram a explosão provocada pela colisão entre os dois veículos que se envolveram no acidente na Avenida dos Bandeirantes. A Polícia Civil calcula que ele dirigia a mais de 100 km por hora na via, onde a velocidade máxima é de 50 km/h. Os investigadores disseram que encontraram no carro dele uma lata de cerveja, uma pedra de crack e uma porção de maconha. As imagens mostram que às 3h40 a Avenida dos Bandeirantes estava quase vazia, quando o carro da vítima passa devagar. Em seguida, passa o segundo veículo em alta velocidade e dá para ver uma explosão.",https://g1.globo.com/sao-paulo/noticia/motorista-envolvido-em-morte-de-comissario-ja-processou-prefeitura-por-demora-do-samu-em-outro-acidente.ghtml,,"Por G1 SP, São Paulo",ciencia_tecnologia,18/07/2017 06h33,news,fakebr:834,fakebr
1850,"Hackers acessavam dados de vítimas enviando e-mails com vírus em nome de instituições, diz delegado . Operação da Polícia Federal prendeu seis pessoas suspeitas de participar de quadrilha; duas são consideradas foragidas. Elas teriam desviado R$ 10 milhões de contas bancárias em Pernambuco, São Paulo, Goiás e Tocantins..  A quadrilha presa durante a operação ""Código Reverso"", da Polícia Federal , mandava e-mails com vírus em nome de instituições financeiras para ter acesso a computadores de correntistas. A informação é do chefe da delegacia de Repressão a Crimes Fazendários, Luiz Felipe da Silva. Ele explicou que as vítimas acessavam os e-mails e, desta forma, permitiam que o grupo tivesse acesso aos computadores. A operação foi realizada nesta quarta-feira (21) e prendeu seis pessoas. Duas estão foragidas. Elas são suspeitas de desviar R$ 10 milhões de contas bancárias. ""O nível de especialização deles é muito alto. Eles têm programas que enviam e-mails para milhares de pessoas, aqueles spans que contêm um link. A pessoa acha que está acessando, por exemplo, o site do banco dela. A vítima é induzida a erro e sem saber está baixando um artifício malicioso que vai permitir o mecanismo da fraude"", explicou o delegado. Segundo as investigações, ao acessar os links um vírus era baixado para os aparelhos. Quando a pessoa entrava na conta bancária, a quadrilha colocava uma tela falsa idêntica à do banco para a vítima pensar que estava acessando o sistema verdadeiro. Enquanto isso, o grupo entrava na conta para desviar dinheiro, fazer compras e clonar cartões. Dessa forma, a fraude é feita utilizando o próprio computador e endereço de IP da vítima, que aparece como o responsável pelo crime. A polícia está investigando se a quadrilha usou também e-mails em nome da Polícia Federal. O delegado disse que há casos em que criminosos usam desse mecanismo. ""Foi identificado pela investigação que um dos instrumentos usados por esse tipo de criminoso é e-mails envolvendo instituições públicas, inclusive a Polícia Federal, o Ministério Público. A gente sabe de casos nesse sentido. Eles podem usar vários artifícios, como uma falsa intimação, denúncia, suposta multa"". A operação é realizada no Tocantins e em outros três estados: Pernambuco, São Paulo e Goiás. Mais de 100 policiais federais cumpriram 43 mandados nos quatro estados, sendo sete de prisões preventivas, um de prisão temporária, 11 de intimações e 24 de busca e apreensão. Um dos presos é William Marciel Silva de Freitas. Ele foi capturado na casa dele, na quadra 507 Sul em Palmas. As investigações apontam que ele movimentou mais de R$ 2,1 milhões numa conta bancária do Banco do Brasil, num período de seis meses. Numa outra conta bancária do Bradesco, foram movimentados R$ 5,2 milhões, em oito meses. O que chamou a atenção da polícia é que ele teria informado, em um cadastro bancário, que era vendedor e tinha uma renda de R$ 941. O advogado dele, Carlos Gomes de Matos, disse que está tomando conhecimento do processo para depois se posicionar. O delegado informou que ele entrava em contato com empresários e os convenciam a fazer parte das fraudes. ""Havia o contato desses investigados com empresários e eles ofereciam serviço. Por exemplo, a empresa tinha um imposto a ser pago. Era gerado documento para pagar. Os criminosos, em posse do documento, utilizavam a conta bancária das vítimas para fazer esse pagamento. Então, quem pagava aqueles valores era a vítima. O empresário repassava como serviço metade do valor que ele deveria pagar"", comenta o delegado. Freitas tambam seria responsável por repartir o dinheiro com outros membros da quadrilha. O delegado informou que o pagamento era direcionado para um dos investigados em Goiânia (GO), que também era programador. ""Pelo grau de especialização, pelo tipo de empresa com a qual ele movimentava da área de informática, a gente identificou a função como se fosse um programador do esquema criminoso"". A quadrilha mantinha contato e trocava informações com criminosos cibernéticos de países da Europa. Conforme a PF, a quadrilha realizava pagamentos, transferências e compras pela internet, burlando os mecanismos de segurança dos bancos, e gerando prejuízos de R$ 10 milhões só nos últimos nove meses. Os membros da organização, segundo a polícia, têm alto padrão de vida e se utilizam de diversas empresas de fachada para movimentar e ocultar os valores desviados, investindo grande parte em moedas virtuais como a bitcoin, para fazer lavagem de dinheiro. A Justiça determinou a indisponibilidade de bens e o bloqueio das contas bancárias dos investigados e também de moedas virtuais. Conforme a PF, foram intimadas pessoas com participação nas fraudes, inclusive empresários que teriam procurado criminosos para obter vantagem competitiva no mercado e receber descontos de cerca de 50% para quitar impostos, pagar contas e fazer contas, através de pagamentos feitos pela quadrilha. Em Palmas, foi preso William Marciel. Outro suspeito está foragido. Foram cumpridos ainda seis mandados de busca e apreensão e quatro de intimações. Em Silvanópolis, no sul do estado, foram um mandado de intimação e dois de busca e apreensão. Em Goiás, a operação foi realizada em Porangatu, onde foram cumpridos quatro mandados de intimação e quatro de busca e apreensão. E em Goiânia, foram três mandados de prisão preventiva, quatro de busca e apreensão e um de prisão temporária. Uma dos investigados em Goiânia também é considerado foragido. Em São Paulo, foram dois mandado de prisão preventiva, seis de busca e apreensão e um de intimação. Em Pernambuco, a ação da polícia se estendeu ao município de Caruaru, onde foram cumpridos um mandado de intimação e outro de busca e apreensão. Além da cidade de Toritama, onde foi cumprido um mandado de busca e apreensão.",https://g1.globo.com/to/tocantins/noticia/hackers-acessavam-dados-de-vitimas-instalando-virus-enviados-por-e-mail-em-nome-de-instituicoes-diz-delegado.ghtml,,Por G1 Tocantins,politica,21/03/2018 12h02,news,fakebr:1850,fakebr
3512,"Relator confirma voto pela ação contra Cunha, mas parecer será votado semana que vem. A tropa de choque de Cunha seguiu a orientação do presidente da Câmara e, diante da repercussão negativa das manobras protelatórias da semana passada, manteve-se quieta durante toda a sessão desta tarde.  Atualizada às 17h24 Brasília - Após a defesa de Eduardo Cunha (PMDB-RJ) tentar substituir o relator do processo de cassação contra o presidente da Câmara, o deputado Fausto Pinato (PRB-SP) confirmou nesta terça-feira, 24, seu voto a favor do seguimento da ação contra o peemedebista no Conselho de Ética. Houve um pedido coletivo de vista encabeçado pelo deputado Sérgio Brito (PSD-BA). A votação do parecer acontecerá somente na próxima terça-feira, 1o de dezembro. ""O arquivamento inicial da representação seria extremamente temerário e passaria a impressão à sociedade brasileira de que este parlamento não atua com cuidado, cautela e espírito público de transparência"", diz o relatório de Pinato. ""Dessa forma, conclui-se pela aptidão e pela justa causa da representação"", afirma o documento. Cunha é acusado de mentir à CPI da Petrobras, em março deste ano, ao negar a existências de contas no exterior. A tropa de choque de Cunha seguiu a orientação do presidente da Câmara e, diante da repercussão negativa das manobras protelatórias da semana passada, manteve-se quieta durante toda a sessão desta tarde. Como o Estadão mostrou mais cedo, Cunha havia pedido calma aos seus aliados, pois a defesa seria feita pelo advogado Marcelo Nobre, que representa o peemedebista no Conselho de Ética. O único aliado que fez intervenções foi o deputado Manoel Júnior (PMDB-PB), que insistiu que Pinato antecipou seu voto ao anunciar à imprensa que havia indícios que preenchiam os requisitos necessários para seguimento da ação contra Cunha. A sessão desta terça-feira começou às 14h37 com 15 deputados, inclusive os três do PT, que não haviam ajudado a dar quórum na sessão da última quinta-feira, 19. Apesar do pacto de não agressão firmado entre Cunha e o Planalto, os petistas disseram que votarão a favor do relatório. Antes do início da leitura do relatório, deputados contrários a Cunha que não fazem parte do Conselho de Ética entraram em silêncio no plenário onde ocorria a sessão. Antes, líderes oposicionistas foram à Presidência da Câmara informar a Eduardo Cunha que não participariam mais da reunião do colégio de líderes, instância que discute as matérias que serão votadas em plenário naquela semana. Substituição. Depois da leitura do relatório, mas antes da divulgação oficial do voto, o advogado Marcelo Nobre pediu para que Pinato fosse substituído. ""O interesse da defesa é apresentar uma preliminar de suspeição"", afirmou Nobre. ""A defesa se insurge, reclama e se indigna. O relator não nos aguardou"", disse o advogado. Pinato sorriu discretamente. A defesa de Cunha foi apresentada na última quarta-feira, 18. Para o advogado de Cunha, o relator se antecipou ao conceder entrevista no último dia 16 e deveria ter aguardado a apresentação da defesa. ""Esta preliminar diz respeito à manifestação pública feita pelo relator já antecipando seu voto. A defesa não se insurge quanto à antecipação do voto pelo relator. Se insurge quanto à manifestação baseada unicamente na acusação"", afirmou. ""A defesa tem o direito de ver seus argumentos considerados"". O advogado encerrou pendido que Pinato fosse ""retirado por conta da antecipação pública que fez de seu entendimento, baseado unicamente na acusação, (e que) seja nomeado um novo relator"". Pinato reagiu de imediato e considerou que, nesta fase do processo, não cabe apresentação de defesa, o que acontece somente após a eventual aprovação do parecer. ""Estou muito tranquilo em defender arguição tão absurda"", afirmou. ""Desafio achar onde está que o exame preliminar está atrelado à defesa prévia. Isso é duvidar da inteligência daqueles que operam o direito"", disse Pinato. O relator protocolou nesta terça-feira uma complementação de voto em que rebate a suspeição. ""Não houve qualquer açodamento por parte deste relator. Houve o cumprimento da tarefa designada de maneira célere"", afirmou. ""Não há previsão de defesa preliminar referente aos requisitos de admissibilidade"". ""Em nenhum momento se impediu o requerente de realizar sua defesa. Nesta fase, o relator não é obrigado a esperar qualquer manifestação por parte do representado para formar sua convicção"", disse Fausto Pinato. ""Não reconheço minha suspeição (...) e reafirmo minha capacidade de julgar este procedimento"", concluiu o deputado. A sessão foi encerrada depois de um pedido coletivo de vista. O primeiro a pedir foi Sérgio Brito, seguido por Arnaldo Faria de Sá (PTB-SP). Na saída do plenário, o advogado de Cunha, Marcelo Nobre, disse que, com o pedido de vista, houve vitória da defesa porque foi aberta a oportunidade de ele trazer alguns de seus argumentos na próxima semana. ""Semana que vem estarei preparado para continuar a defesa do meu cliente"", afirmou. O advogado rechaçou a possibilidade de Cunha ir pessoalmente ao Conselho de Ética se defender. O defensor disse que as acusações da Procuradoria-Geral da República (PGR) contra o peemedebista carecem de provas e que o ""devido processo legal"" ocorrerá no Supremo Tribunal Federal (STF), caso a denúncia da PGR seja acolhida. Nobre acredita que é possível derrubar todos os argumentos do relator e criticou posicionamento no parecer prévio. ""Um magistrado é isento e normalmente a gente vê isenção naqueles que julgam"", observou.","http://politica.estadao.com.br/noticias/geral,relator-confirma-voto-pela-acao-contra-cunha--mas-parecer-sera-votado-semana-que-vem,10000002834",,"Daniel Carvalho e Daiene Cardoso, O Estado de S.Paulo",politica,24 de novembro de 2015,news,fakebr:3512,fakebr
2351,"Morre aos 76 anos em São Paulo Marco Aurélio Garcia, ex-assessor de Lula e Dilma. Assessor especial para Assuntos Internacionais dos governos Luiz Inácio Lula da Silva e Dilma Rousseff sofreu infarto nesta quinta-feira em São Paulo..  O assessor especial para Assuntos Internacionais dos governos Luiz Inácio Lula da Silva e Dilma Rousseff, Marco Aurélio Garcia, morreu aos 76 anos nesta quinta-feira (20), em São Paulo, vítima de infarto, informou o PT. Marco Aurélio Garcia foi um dos fundadores do PT e ocupou a função de secretário de Relações Internacionais do partido. Era professor aposentado de história de Universidade de Campinas (Unicamp). Enquanto esteve no Palácio do Planalto, ele despachou de uma sala no terceiro andar, localizada a pucos metros do gabinete presidencial. Entre os funcionários, ele era chamado de ""professor"". Em texto publicado na internet, o PT afirmou que Marco Aurélio Garcia foi um ""importante líder"" na construção e execução da política externa brasileira, além de ser um dos ""grandes apoiadores"" do Brics (grupo formado por Brasil, Rússia, Índia, China e África do Sul) e do fortalecimento das relações do Brasil com países do hemisfério sul, principalmente na África e na América Latina. Segundo o site do PT, o ex-assessor especial de Lula e de Dilma nasceu em Porto Alegre (RS) e atuou no movimento estudantil de esquerda. Nos anos 1960, foi vice-presidente da União Nacional dos Estudantes (UNE) e vereador em Porto Alegre. Nos anos 1970 viveu na França e no Chile e voltou ao Brasil em 1979 para ajudar a fundar o PT. Ainda de acordo com o site do partido, Marco Aurélio Garcia é formado em filosofia e em direito pela Universidade Federal do Rio Grande do Sul (UFRGS). Ele tinha ter pós-graduação na Escola de Altos Estudos e Ciências Sociais de Paris Além de professor da Unicamp, ele também foi professor na Universidade do Chile, na Faculdade Latino-Americana de Ciências Sociais e nas universidades Paris VIII e Paris X, na França. Na área política, segundo o site do PT, Marco Aurélio foi secretário de Cultura de Campinas (1989-1990) e de São Paulo (2001-2002), além de vice-presidente do PT de outubro de 2005 a fevereiro de 2010. Nas eleições de 1994, 1998 e 2006, ele coordenou o programa de governo de Lula e, em 2010, o de Dilma. No governo Lula, Marco Aurélio ajudou o Brasil a expandir embaixadas na África. O assessor especial do presidente também atuou na aproximação do país com o regime de Hugo Chávez na Venezuela. Logo após a confirmação da morte de Marco Aurélio, políticos manifestaram pesar. A ex-presidente Dilma divulgou nota ( leia a íntegra mais abaixo ) na qual se referiu à morte do ""amigo querido"" como ""extremamente dolorosa"". ""Hoje é um dia de dor para todos nós, que compartilhamos com ele seus muitos sonhos, histórias e lutas. Era um amigo querido, de humor fino e contagiante, sempre generoso e cheio de ideias, dono de uma mente arguta e brilhante"", afirmou. O ex-presidente Lula também divulgou nota, na qual disse que Marco Aurélio Garcia foi um intelectual ""brilhante"" e um militante ""incansável"" desde a juventude. O ""professor"", acrescentou, contribuiu muito para o Brasil ( leia a íntegra da nota mais abaixo ). ""A credibilidade política e pessoal por ele alcançada permitiu que Marco Aurélio Garcia desempenhasse, em sintonia com o Itamaraty, relevante papel na construção e execução de uma nova política externa, ativa e altiva, soberana e fraterna, com um legado que é reconhecido internacionalmente e hoje faz falta para o Brasil"", disse Lula. O PT, em nota assinada pela presidente do partido, senadora Gleisi Hoffmann, afirmou que Marco Aurélio Garcia destacou-se como um dos mais importantes ""arquitetos"" da integração latino-americana e da ampliação das relações do Brasil com países da África e dos Brics. ""Ele contribuiu decisivamente para que o Brasil tivesse uma política externa ativa e altiva"", diz trecho da nota ( leia a íntegra ao final desta reportagem ). A senadora Vanessa Grazziotin (PCdoB-AM) disse no Facebook que Marco Aurélio Garcia foi ""muito importante"" para o governo Lula na condução da política externa, ""uma época em que o Brasil era respeitado no cenário mundial"". Também na rede social, o deputado Paulo Teixeira (SP), um dos vice-presidentes do PT, relembrou o ""papel importante"" de Marco Aurélio Garcia na formulação e na execução da política externa brasileira, que ""sempre esteve ao lado da democracia e dos trabalhadores"". Em entrevista em São Paulo, Márcio Macêdo, outro vice-presidente do PT, afirmou que o momento é de ""dor"" porque o partido perdeu ""um companheiro e amigo de todos"". Na mesma entrevista, o líder do PT na Câmara, Carlos Zarattini (SP),disse que a participação ""forte"" de Marco Aurélio Garcia no governo foi um dos fatores para o ""sucesso"" que o Brasil teve no exterior entre 2003 e 2015. No Twitter, o ex-governador do Rio Grande do Sul e ex-ministro Tarso Genro publicou: ""Faleceu Marco Aurélio Garcia, amigo fraterno, grande quadro da esquerda e militante histórico do PT. Ser humano excepcional. Dor e luto."" Vice-presidente do PT, o ex-ministro da Saúde Alexandre Padilha também comentou o assunto. Para ele, a esquerda perde ""um dos seus maiores pensadores e incentivadores da solidariedade internacional"". >>> Leia abaixo a íntegra da nota divulgada pela ex-presidente Dilma: NOTA DE PESAR Dilma Rousseff: ""Meu amigo querido, Marco Aurélio Garcia"" A morte do professor Marco Aurélio Garcia, meu amigo querido, é extremamente dolorosa. Desfrutei pela última vez de sua companhia há três semanas. Conversamos sobre a vida e os momentos terríveis que o país atravessa. Hoje é um dia de dor para todos nós, que compartilhamos com ele seus muitos sonhos, histórias e lutas. Era um amigo querido, de humor fino e contagiante, sempre generoso e cheio de ideias, dono de uma mente arguta e brilhante. Meus sentimentos ao filho Leon, ao neto adorado Benjamin, aos familiares e todos os seus amigos. É muito duro saber que não terei mais sua companhia, nem o prazer de ouvir sua poderosa gargalhada. Um dia terrível para quem luta por um mundo melhor, com justiça social. Um dia muito, muito triste. Dilma Rousseff >>> Leia abaixo a íntegra da nota divulgada pelo ex-presidente Lula: Marco Aurélio Garcia foi um intelectual brilhante e um militante incansável, desde a juventude. Fundador e ex-presidente do Partido dos Trabalhadores, assessor especial da Presidência da República, professor, contribuiu muito para o Brasil com sua capacidade de formulação teórica e, igualmente, pela articulação política que tecia de maneira respeitosa e não sectária. Apaixonada pela ideia de integração da América Latina, foi interlocutor assíduo e qualificado das diversas forças democráticas do continente. A credibilidade política e pessoal por ele alcançada permitiu que Marco Aurélio Garcia desempenhasse, em sintonia com o Itamaraty, relevante papel na construção e execução de uma nova política externa, ativa e altiva, soberana e fraterna, com um legado que é reconhecido internacionalmente e hoje faz falta para o Brasil. Nossa solidariedade aos familiares e amigos de Marco Aurélio Garcia. Instituto Lula >>> Leia abaixo a íntegra da nota do PT: NOTA DE PESAR O Partido dos Trabalhadores (PT) lamenta profundamente a morte do companheiro Marco Aurélio Garcia, nesta quarta-feira (20/07), vítima de um infarto fulminante aos 76 anos de idade. Marcou Aurélio dedicou toda sua vida à militância política, ao socialismo e ao PT. Marco Aurélio foi presidente nacional e secretário de Relações Internacionais do PT, sendo uma figura especial na construção do partido no decorrer de sua história. Também foi secretário municipal de Cultura de Campinas (1989-1990) e São Paulo (2001-2002). Durante 13 anos, ocupou o cargo de assessor especial para Assuntos Internacionais dos governos petistas de Luiz Inácio Lula da Silva e Dilma Rousseff. Nesse período, destacou-se como um dos mais importantes arquitetos da integração latino-americana, e da ampliação das relações do Brasil com países da África e dos Brics. Ele contribuiu decisivamente para que o Brasil tivesse uma política externa ativa e altiva. Iniciou sua trajetória política no movimento estudantil, e ficou exilado no Chile e na França durante a ditadura militar. Retornou em 1979, e no início dos anos 80 filou-se ao PT. Atualmente, fazia parte do conselho curador da Fundação Perseu Abramo, onde contribuía com a reflexão sobre os rumos da política nacional e internacional. Era professor aposentado de História na Universidade de Campinas (Unicamp). Estendemos nossa solidariedade nesse momento tão difícil à família e amigos. Estamos muito tristes com a perda tão repentina de nosso companheiro e amigo. Marco Aurélio fará falta para o PT e para o Brasil. Gleisi Hoffmann – presidenta nacional do PT >>> Leia abaixo a íntegra da nota da bancada do PT no Senado: NOTA A bancada do PT no Senador Federal lamenta profundamente o falecimento do querido professor Marco Aurélio García. Fundador do PT, Marco Aurélio García, mais conhecido como MAG, foi um intelectual brilhante que sempre esteve a serviço das causas populares e de um Brasil soberano. Formado em direito e filosofia pela Universidade Federal do Rio Grande do Sul e pós-graduado pela Escola de Altos Estudos em Ciências Sociais de Paris, MAG era professor licenciado do Departamento de História da Universidade Estadual de Campinas, tendo sido também professor da Universidade do Chile, da Faculdade Latino-Americana de Ciências Sociais (Chile) e das Universidades de Paris-VIII e Paris-X (França). Após ter sido secretário de relações internacionais do Partido dos Trabalhadores por mais de dez anos, além de secretário de cultura dos municípios de Campinas e de São Paulo, MAG se converteu num dos grandes formuladores da política externa “ativa e altiva” dos governos do PT. Com essa política, desenvolvida em perfeita harmonia com o chanceler Celso Amorim, o Brasil superou a vulnerabilidade externa de sua economia, amealhou vultosos superávits comerciais, diversificou suas parcerias estratégicas, investiu fortemente na integração regional, no multilateralismo e na cooperação Sul-Sul, tendo alcançado protagonismo internacional muito elevado. Com efeito, foi ao longo dessa política externa que MAG contribuiu para formular e implantar que o Brasil conseguiu um prestígio mundial inédito, com Lula se convertendo em um verdadeiro líder internacional, cortejado e respeitado em todos os foros. Lamentavelmente, MAG nos deixa em um momento em que o Brasil se torna um país menor, apequenado e envergonhado pelo golpe dos corruptos, que nos fez regredir ao status de republiqueta de bananas e que aposta numa política externa omissa e dependente dos desígnios estratégicos dos EUA. Um país hoje dominado por gente mesquinha e entreguista, que tenta criminalizar aqueles que, como MAG, sempre lutaram por um Brasil maior. Neste momento crítico, a memória de MAG estará sempre presente naqueles que acreditam num Brasil forte, próspero e independente. A bancada envia seu abraço afetuoso a todos os familiares e amigos de MAG. O Brasil soberano está de luto.",https://g1.globo.com/politica/noticia/morre-aos-76-anos-em-sao-paulo-marco-aurelio-garcia-ex-assessor-de-lula-e-dilma.ghtml,,"Por G1, Brasília",politica,20/07/2017 15h36,news,fakebr:2351,fakebr
429,"Delator diz que PT comprou PMDB e que Dilma e Temer tinham campanha única. Ricardo Saud, diretor do frigorífico JBS, disse, em depoimento de delação premiada, que empresa disponibilizou R$ 300 milhões para o PT em 2014 e que dinheiro veio do BNDES..  O diretor do frigorífico JBS Ricardo Saud afirmou à Procuradoria-Geral da República que o PT usou dinheiro de propina dada pela empresa para “comprar” o PMDB nas eleições de 2014 (veja no vídeo acima, a partir de 19mn50) . “Eles [PT] compraram o PMDB e faziam o que queriam com o PMDB. O PMDB pegava o dinheiro e gastava também do jeito que queria”, disse Saud, um dos executivos da JBS que fecharam acordo de delação premiada, já homologado pelo Supremo Tribunal Federal (STF). A afirmação está em um vídeo de 23 minutos que faz parte do material divulgado à imprensa nesta sexta-feira (19) pelo STF e que baseia um dos inquéritos que apuram atos ilícitos de políticos. STF libera conteúdo da delação dos donos da JBS; veja principais pontos Com base nessas delações de executivos da JBS, o ministro do Supremo Tribunal Federal (STF) Luiz Edson Fachin determinou a abertura de inquérito para investigar Temer, o senador afastado Aécio Neves (PSDB-MG) e o deputado afastado Rodrigo Rocha Loures (PMDB-PR) por corrupção passiva, obstrução à Justiça e organização criminosa. O procurador-geral da República, Rodrigo Janot, afirma que Temer e Aécio Neves agiram ""em articulação"" para impedir o avanço da Lava Jato. Em nota, o PMDB informou que ""as contribuições eleitorais recebidas"" pelo partido ""estão devidamente declaradas à justiça eleitoral e observaram todos os requisitos legais vigentes à época. Todas essas informações são públicas e podem ser verificadas no site do TSE."" O PT informou que não vai comentar as declarações do delator. O G1 também tenta ouvir o presidente Michel Temer mas, até a última atualização desta reportagem, ainda não havia recebido resposta. Saud foi questionado por um dos procuradores se, ao distribuir a propina da JBS, “via” a campanha de Dilma e Temer em 2014 como um só ou separadas. “Como duas campanhas?”, perguntou o delator. “Uma de vice e outra de presidente”, respondeu o procurador. “Não, uma campanha só, era uma campanha única. O dinheiro saída do PT e ia para o PMDB, do PMDB pro PT”, afirmou Saud (veja no vídeo acima, a partir de 19mn50) . O Tribunal Superior Eleitoral (TSE) julga ação em que a chapa Dilma-Temer é acusada, pelo PSDB, de ter cometido abuso de poder político e econômico e de ter recebido dinheiro de propina do esquema de corrupção que atuava na Petrobras investigado pela Operação Lava Jato. Atualmente, o PSDB integra do governo Temer, no qual detém quatro ministérios. A defesa de Temer alega que ele não pode ser responsabilizado por eventuais irregularidades na captação de recursos para a campanha de 2014. Os advogados reforçam que as condutas de Temer e Dilma devem ser separadas porque ele abriu uma conta diferente daquela usada pela petista para receber doações. De acordo com o delator, a JBS disponibilizou uma conta com R$ 300 milhões em propina para serem usados pela campanha de Dilma e Temer em 2014. Esse dinheiro, de acordo com o ele, saiu do Banco Nacional de Desenvolvimento Econômico e Social (BNDES) e de “fundos”. No mesmo depoimento, Saud afirmou aos investigadores que o presidente Michel Temer recebeu R$ 15 milhões do PT para financiar sua campanha à Vice-Presidência, em 2014, mas decidiu ""guardar"" R$ 1 milhão. O G1 questionou Temer sobre a afirmação do delator, via assessoria do Palácio do Planalto, mas, até a última atualização desta reportagem, ainda não havia recebido resposta.",https://g1.globo.com/politica/operacao-lava-jato/noticia/delator-diz-que-pt-comprou-pmdb-e-que-dilma-e-temer-tinham-campanha-unica.ghtml,,"Por Fábio Amato, G1, Brasília",politica,19/05/2017 20h11,news,fakebr:429,fakebr
